-- phpMyAdmin SQL Dump
-- version 4.8.5
-- https://www.phpmyadmin.net/
--
-- Servidor: localhost
-- Tiempo de generación: 14-09-2019 a las 22:56:46
-- Versión del servidor: 8.0.13-4
-- Versión de PHP: 7.2.19-0ubuntu0.18.04.2

SET SQL_MODE = "NO_AUTO_VALUE_ON_ZERO";
SET AUTOCOMMIT = 0;
START TRANSACTION;
SET time_zone = "+00:00";


/*!40101 SET @OLD_CHARACTER_SET_CLIENT=@@CHARACTER_SET_CLIENT */;
/*!40101 SET @OLD_CHARACTER_SET_RESULTS=@@CHARACTER_SET_RESULTS */;
/*!40101 SET @OLD_COLLATION_CONNECTION=@@COLLATION_CONNECTION */;
/*!40101 SET NAMES utf8mb4 */;

--
-- Base de datos: `Nzqw6lmhpB`
--

-- --------------------------------------------------------

--
-- Estructura de tabla para la tabla `auth_group`
--

CREATE TABLE `auth_group` (
  `id` int(11) NOT NULL,
  `name` varchar(150) COLLATE utf8_unicode_ci NOT NULL
) ENGINE=InnoDB DEFAULT CHARSET=utf8 COLLATE=utf8_unicode_ci;

-- --------------------------------------------------------

--
-- Estructura de tabla para la tabla `auth_group_permissions`
--

CREATE TABLE `auth_group_permissions` (
  `id` int(11) NOT NULL,
  `group_id` int(11) NOT NULL,
  `permission_id` int(11) NOT NULL
) ENGINE=InnoDB DEFAULT CHARSET=utf8 COLLATE=utf8_unicode_ci;

-- --------------------------------------------------------

--
-- Estructura de tabla para la tabla `auth_permission`
--

CREATE TABLE `auth_permission` (
  `id` int(11) NOT NULL,
  `name` varchar(255) COLLATE utf8_unicode_ci NOT NULL,
  `content_type_id` int(11) NOT NULL,
  `codename` varchar(100) COLLATE utf8_unicode_ci NOT NULL
) ENGINE=InnoDB DEFAULT CHARSET=utf8 COLLATE=utf8_unicode_ci;

--
-- Volcado de datos para la tabla `auth_permission`
--

INSERT INTO `auth_permission` (`id`, `name`, `content_type_id`, `codename`) VALUES
(1, 'Can add log entry', 1, 'add_logentry'),
(2, 'Can change log entry', 1, 'change_logentry'),
(3, 'Can delete log entry', 1, 'delete_logentry'),
(4, 'Can view log entry', 1, 'view_logentry'),
(5, 'Can add permission', 2, 'add_permission'),
(6, 'Can change permission', 2, 'change_permission'),
(7, 'Can delete permission', 2, 'delete_permission'),
(8, 'Can view permission', 2, 'view_permission'),
(9, 'Can add group', 3, 'add_group'),
(10, 'Can change group', 3, 'change_group'),
(11, 'Can delete group', 3, 'delete_group'),
(12, 'Can view group', 3, 'view_group'),
(13, 'Can add user', 4, 'add_user'),
(14, 'Can change user', 4, 'change_user'),
(15, 'Can delete user', 4, 'delete_user'),
(16, 'Can view user', 4, 'view_user'),
(17, 'Can add content type', 5, 'add_contenttype'),
(18, 'Can change content type', 5, 'change_contenttype'),
(19, 'Can delete content type', 5, 'delete_contenttype'),
(20, 'Can view content type', 5, 'view_contenttype'),
(21, 'Can add session', 6, 'add_session'),
(22, 'Can change session', 6, 'change_session'),
(23, 'Can delete session', 6, 'delete_session'),
(24, 'Can view session', 6, 'view_session'),
(25, 'Can add datos', 7, 'add_datos'),
(26, 'Can change datos', 7, 'change_datos'),
(27, 'Can delete datos', 7, 'delete_datos'),
(28, 'Can view datos', 7, 'view_datos');

-- --------------------------------------------------------

--
-- Estructura de tabla para la tabla `auth_user`
--

CREATE TABLE `auth_user` (
  `id` int(11) NOT NULL,
  `password` varchar(128) COLLATE utf8_unicode_ci NOT NULL,
  `last_login` datetime(6) DEFAULT NULL,
  `is_superuser` tinyint(1) NOT NULL,
  `username` varchar(150) COLLATE utf8_unicode_ci NOT NULL,
  `first_name` varchar(30) COLLATE utf8_unicode_ci NOT NULL,
  `last_name` varchar(150) COLLATE utf8_unicode_ci NOT NULL,
  `email` varchar(254) COLLATE utf8_unicode_ci NOT NULL,
  `is_staff` tinyint(1) NOT NULL,
  `is_active` tinyint(1) NOT NULL,
  `date_joined` datetime(6) NOT NULL
) ENGINE=InnoDB DEFAULT CHARSET=utf8 COLLATE=utf8_unicode_ci;

-- --------------------------------------------------------

--
-- Estructura de tabla para la tabla `auth_user_groups`
--

CREATE TABLE `auth_user_groups` (
  `id` int(11) NOT NULL,
  `user_id` int(11) NOT NULL,
  `group_id` int(11) NOT NULL
) ENGINE=InnoDB DEFAULT CHARSET=utf8 COLLATE=utf8_unicode_ci;

-- --------------------------------------------------------

--
-- Estructura de tabla para la tabla `auth_user_user_permissions`
--

CREATE TABLE `auth_user_user_permissions` (
  `id` int(11) NOT NULL,
  `user_id` int(11) NOT NULL,
  `permission_id` int(11) NOT NULL
) ENGINE=InnoDB DEFAULT CHARSET=utf8 COLLATE=utf8_unicode_ci;

-- --------------------------------------------------------

--
-- Estructura de tabla para la tabla `django_admin_log`
--

CREATE TABLE `django_admin_log` (
  `id` int(11) NOT NULL,
  `action_time` datetime(6) NOT NULL,
  `object_id` longtext COLLATE utf8_unicode_ci,
  `object_repr` varchar(200) COLLATE utf8_unicode_ci NOT NULL,
  `action_flag` smallint(5) UNSIGNED NOT NULL,
  `change_message` longtext COLLATE utf8_unicode_ci NOT NULL,
  `content_type_id` int(11) DEFAULT NULL,
  `user_id` int(11) NOT NULL
) ENGINE=InnoDB DEFAULT CHARSET=utf8 COLLATE=utf8_unicode_ci;

-- --------------------------------------------------------

--
-- Estructura de tabla para la tabla `django_content_type`
--

CREATE TABLE `django_content_type` (
  `id` int(11) NOT NULL,
  `app_label` varchar(100) COLLATE utf8_unicode_ci NOT NULL,
  `model` varchar(100) COLLATE utf8_unicode_ci NOT NULL
) ENGINE=InnoDB DEFAULT CHARSET=utf8 COLLATE=utf8_unicode_ci;

--
-- Volcado de datos para la tabla `django_content_type`
--

INSERT INTO `django_content_type` (`id`, `app_label`, `model`) VALUES
(1, 'admin', 'logentry'),
(3, 'auth', 'group'),
(2, 'auth', 'permission'),
(4, 'auth', 'user'),
(5, 'contenttypes', 'contenttype'),
(7, 'pages', 'datos'),
(6, 'sessions', 'session');

-- --------------------------------------------------------

--
-- Estructura de tabla para la tabla `django_migrations`
--

CREATE TABLE `django_migrations` (
  `id` int(11) NOT NULL,
  `app` varchar(255) COLLATE utf8_unicode_ci NOT NULL,
  `name` varchar(255) COLLATE utf8_unicode_ci NOT NULL,
  `applied` datetime(6) NOT NULL
) ENGINE=InnoDB DEFAULT CHARSET=utf8 COLLATE=utf8_unicode_ci;

--
-- Volcado de datos para la tabla `django_migrations`
--

INSERT INTO `django_migrations` (`id`, `app`, `name`, `applied`) VALUES
(1, 'contenttypes', '0001_initial', '2019-08-14 00:01:17.568898'),
(2, 'auth', '0001_initial', '2019-08-14 00:01:22.022731'),
(3, 'admin', '0001_initial', '2019-08-14 00:01:27.026836'),
(4, 'admin', '0002_logentry_remove_auto_add', '2019-08-14 00:01:27.920006'),
(5, 'admin', '0003_logentry_add_action_flag_choices', '2019-08-14 00:01:28.225442'),
(6, 'contenttypes', '0002_remove_content_type_name', '2019-08-14 00:01:29.389894'),
(7, 'auth', '0002_alter_permission_name_max_length', '2019-08-14 00:01:29.899170'),
(8, 'auth', '0003_alter_user_email_max_length', '2019-08-14 00:01:30.458097'),
(9, 'auth', '0004_alter_user_username_opts', '2019-08-14 00:01:30.665110'),
(10, 'auth', '0005_alter_user_last_login_null', '2019-08-14 00:01:31.142329'),
(11, 'auth', '0006_require_contenttypes_0002', '2019-08-14 00:01:31.324442'),
(12, 'auth', '0007_alter_validators_add_error_messages', '2019-08-14 00:01:31.526390'),
(13, 'auth', '0008_alter_user_username_max_length', '2019-08-14 00:01:32.082445'),
(14, 'auth', '0009_alter_user_last_name_max_length', '2019-08-14 00:01:32.626504'),
(15, 'auth', '0010_alter_group_name_max_length', '2019-08-14 00:01:33.143455'),
(16, 'auth', '0011_update_proxy_permissions', '2019-08-14 00:01:33.597877'),
(17, 'pages', '0001_initial', '2019-08-14 00:01:34.432324'),
(18, 'sessions', '0001_initial', '2019-08-14 00:01:35.214387');

-- --------------------------------------------------------

--
-- Estructura de tabla para la tabla `django_session`
--

CREATE TABLE `django_session` (
  `session_key` varchar(40) COLLATE utf8_unicode_ci NOT NULL,
  `session_data` longtext COLLATE utf8_unicode_ci NOT NULL,
  `expire_date` datetime(6) NOT NULL
) ENGINE=InnoDB DEFAULT CHARSET=utf8 COLLATE=utf8_unicode_ci;

-- --------------------------------------------------------

--
-- Estructura de tabla para la tabla `Mediciones`
--

CREATE TABLE `Mediciones` (
  `id_Planta` int(11) NOT NULL,
  `fecha` datetime NOT NULL DEFAULT CURRENT_TIMESTAMP ON UPDATE CURRENT_TIMESTAMP,
  `humedad` float DEFAULT NULL,
  `temperatura` float DEFAULT NULL,
  `polucion` float DEFAULT NULL,
  `nivelbajo` float DEFAULT NULL,
  `nivelalto` float DEFAULT NULL,
  `luz` float DEFAULT NULL
) ENGINE=InnoDB DEFAULT CHARSET=latin1;

--
-- Volcado de datos para la tabla `Mediciones`
--

INSERT INTO `Mediciones` (`id_Planta`, `humedad`, `temperatura`, `polucion`, `nivelbajo`, `nivelalto`, `luz`) VALUES
(1, 698, 20.125, 28, 1, 1, 443),
(1, 698, 20.125, 28, 1, 1, 443),
(1, 698, 20.125, 28, 1, 1, 447),
(1, 698, 20.125, 28, 1, 1, 446),
(1, 698, 20.125, 28, 1, 1, 448),
(1, 698, 20.125, 28, 1, 1, 451),
(1, 704, 20.125, 28, 1, 1, 456),
(1, 698, 20.125, 28, 1, 1, 457),
(1, 698, 20.125, 28, 1, 1, 460),
(1, 698, 20.125, 28, 1, 1, 458),
(1, 698, 20.562, 28, 1, 1, 455),
(1, 698, 21.062, 28, 1, 1, 455),
(1, 698, 21.5, 28, 1, 1, 455),
(1, 699, 21.875, 28, 1, 1, 267),
(1, 698, 22.187, 27, 1, 1, 34),
(1, 698, 22.437, 28, 1, 1, 31),
(1, 699, 22.75, 28, 1, 1, 9),
(1, 700, 23, 28, 1, 1, 11),
(1, 700, 23.187, 28, 1, 1, 25),
(1, 697, 23.437, 30, 1, 1, 13),
(1, 698, 23.75, 30, 1, 1, 12),
(1, 699, 24, 30, 1, 1, 473),
(1, 700, 24.25, 30, 1, 1, 470),
(1, 698, 24.5, 30, 1, 1, 473),
(1, 698, 24.687, 30, 1, 1, 473),
(1, 711, 19.875, 28, 1, 1, 470),
(1, 708, 19.875, 28, 1, 1, 475),
(1, 709, 24.375, 30, 1, 1, 454),
(1, 707, 24, 30, 1, 1, 485),
(1, 715, 23.937, 29, 1, 1, 478),
(1, 716, 23.875, 30, 1, 1, 479),
(1, 709, 23.875, 29, 1, 1, 482),
(1, 705, 23.812, 30, 1, 1, 479),
(1, 710, 23.75, 31, 1, 1, 474),
(1, 706, 23.687, 29, 1, 1, 473),
(1, 706, 23.625, 30, 1, 1, 471),
(1, 711, 23.625, 31, 1, 1, 469),
(1, 715, 23.562, 31, 1, 1, 470),
(1, 710, 23.5, 30, 1, 1, 476),
(1, 705, 23.437, 30, 1, 1, 474),
(1, 711, 23.437, 30, 1, 1, 475),
(1, 706, 23.375, 30, 1, 1, 483),
(1, 707, 23.312, 30, 1, 1, 476),
(1, 709, 23.25, 30, 1, 1, 343),
(1, 714, 23.25, 31, 1, 1, 362),
(1, 708, 23.187, 30, 1, 1, 477),
(1, 715, 23.125, 31, 1, 1, 457),
(1, 708, 23.125, 31, 1, 1, 453),
(1, 713, 23.062, 31, 1, 1, 453),
(1, 708, 23, 33, 1, 1, 467),
(1, 707, 23, 32, 1, 1, 454),
(1, 710, 22.937, 31, 1, 1, 450),
(1, 707, 22.875, 31, 1, 1, 448),
(1, 706, 22.875, 31, 1, 1, 449),
(1, 714, 22.812, 30, 1, 1, 449),
(1, 715, 22.75, 30, 1, 1, 449),
(1, 706, 22.75, 29, 1, 1, 450),
(1, 706, 22.687, 31, 1, 1, 450),
(1, 706, 22.687, 30, 1, 1, 450),
(1, 707, 22.625, 31, 1, 1, 450),
(1, 712, 21.562, 29, 1, 1, 486),
(1, 707, 21.562, 29, 1, 1, 485),
(1, 706, 20.812, 28, 1, 1, 468),
(1, 713, 20.812, 31, 1, 1, 467),
(1, 709, 20.812, 29, 1, 1, 278),
(1, 704, 20.75, 31, 1, 1, 380),
(1, 709, 20.75, 30, 1, 1, 203),
(1, 709, 20.75, 30, 1, 1, 469),
(1, 708, 20.75, 30, 1, 1, 469),
(1, 709, 20.75, 29, 1, 1, 465),
(1, 706, 20.75, 30, 1, 1, 460),
(1, 706, 20.687, 30, 1, 1, 460),
(1, 704, 20.687, 29, 1, 1, 458),
(1, 705, 20.687, 29, 1, 1, 457),
(1, 709, 20.687, 30, 1, 1, 458),
(1, 713, 20.687, 31, 1, 1, 458),
(1, 711, 20.625, 31, 1, 1, 458),
(1, 708, 20.625, 30, 1, 1, 460),
(1, 712, 20.625, 30, 1, 1, 459),
(1, 705, 20.625, 28, 1, 1, 459),
(1, 704, 20.625, 30, 1, 1, 460),
(1, 709, 20.625, 28, 1, 1, 459),
(1, 709, 20.625, 31, 1, 1, 463),
(1, 709, 20.562, 30, 1, 1, 460),
(1, 715, 20.562, 30, 1, 1, 460),
(1, 705, 20.562, 31, 1, 1, 459),
(1, 711, 20.562, 31, 1, 1, 460),
(1, 709, 20.562, 30, 1, 1, 460),
(1, 705, 20.562, 30, 1, 1, 471),
(1, 706, 20.5, 31, 1, 1, 486),
(1, 705, 20.5, 31, 1, 1, 486),
(1, 708, 20.5, 31, 1, 1, 487),
(1, 716, 20.5, 31, 1, 1, 483),
(1, 715, 20.5, 30, 1, 1, 473),
(1, 715, 20.5, 30, 1, 1, 467),
(1, 709, 20.5, 32, 1, 1, 467),
(1, 709, 20.5, 30, 1, 1, 469),
(1, 708, 20.437, 31, 1, 1, 462),
(1, 708, 20.437, 31, 1, 1, 460),
(1, 713, 20.437, 31, 1, 1, 459),
(1, 708, 20.437, 31, 1, 1, 458),
(1, 706, 20.437, 31, 1, 1, 457),
(1, 706, 20.437, 31, 1, 1, 456),
(1, 706, 20.437, 31, 1, 1, 455),
(1, 710, 20.437, 31, 1, 1, 457),
(1, 710, 20.375, 31, 1, 1, 457),
(1, 713, 20.375, 31, 1, 1, 459),
(1, 709, 20.375, 31, 1, 1, 463),
(1, 707, 20.375, 31, 1, 1, 466),
(1, 707, 20.375, 31, 1, 1, 465),
(1, 705, 20.375, 31, 1, 1, 456),
(1, 708, 20.375, 31, 1, 1, 456),
(1, 710, 20.375, 32, 1, 1, 455),
(1, 713, 20.312, 30, 1, 1, 454),
(1, 708, 20.312, 30, 1, 1, 453),
(1, 713, 20.312, 31, 1, 1, 453),
(1, 712, 20.312, 31, 1, 1, 454),
(1, 705, 20.312, 32, 1, 1, 453),
(1, 708, 20.312, 31, 1, 1, 453),
(1, 705, 20.312, 31, 1, 1, 453),
(1, 710, 20.312, 31, 1, 1, 453),
(1, 714, 20.312, 32, 1, 1, 452),
(1, 716, 20.312, 31, 1, 1, 453),
(1, 705, 20.25, 31, 1, 1, 452),
(1, 705, 20.25, 31, 1, 1, 452),
(1, 704, 20.25, 31, 1, 1, 453),
(1, 705, 20.25, 33, 1, 1, 451),
(1, 705, 20.25, 30, 1, 1, 452),
(1, 704, 20.25, 32, 1, 1, 452),
(1, 714, 20.25, 32, 1, 1, 451),
(1, 713, 20.25, 31, 1, 1, 451),
(1, 705, 20.25, 31, 1, 1, 451),
(1, 737, 18.062, 156, 1, 0, 0),
(1, 740, 18.125, 157, 1, 0, 0),
(1, 739, 18.25, 156, 1, 0, 0),
(1, 729, 18.062, 153, 1, 0, 0),
(1, 729, 18.375, 154, 1, 0, 0),
(1, 728, 18, 152, 1, 0, 0),
(1, 730, 17.937, 157, 1, 0, 0),
(1, 734, 18, 152, 1, 0, 0),
(1, 734, 17.187, 153, 1, 0, 0),
(1, 742, 17.625, 153, 1, 0, 0),
(1, 739, 17.75, 149, 1, 0, 0),
(1, 737, 17.812, 151, 1, 0, 0),
(1, 736, 17, 152, 1, 0, 0),
(1, 737, 17.687, 157, 1, 0, 0),
(1, 741, 17.312, 153, 1, 0, 0),
(1, 737, 17.187, 158, 1, 0, 0),
(1, 741, 17.125, 158, 1, 0, 0),
(1, 741, 16.875, 154, 1, 0, 0),
(1, 733, 16.562, 153, 1, 0, 0),
(1, 731, 16.562, 153, 1, 0, 0),
(1, 730, 16.875, 149, 1, 0, 0),
(1, 730, 17.312, 153, 1, 0, 0),
(1, 734, 17.062, 147, 1, 0, 0),
(1, 730, 16.875, 154, 1, 0, 0),
(1, 731, 16.75, 151, 1, 0, 0),
(1, 741, 17, 149, 1, 0, 0),
(1, 741, 17, 156, 1, 0, 0),
(1, 742, 17, 156, 1, 0, 0),
(1, 738, 17, 153, 1, 0, 0),
(1, 737, 17.062, 153, 1, 0, 0),
(1, 737, 17.062, 157, 1, 0, 0),
(1, 738, 16.875, 153, 1, 0, 0),
(1, 734, 16.625, 149, 1, 0, 0),
(1, 733, 16.812, 148, 1, 0, 0),
(1, 733, 16.75, 154, 1, 0, 0),
(1, 736, 16.312, 154, 1, 0, 0),
(1, 730, 16.687, 149, 1, 0, 0),
(1, 733, 16.625, 155, 1, 0, 0),
(1, 736, 16.75, 146, 1, 0, 0),
(1, 747, 16.75, 155, 1, 0, 0),
(1, 745, 16.75, 146, 1, 0, 0),
(1, 740, 16.687, 150, 1, 0, 0),
(1, 740, 16.562, 148, 1, 0, 2),
(1, 740, 16.5, 158, 1, 0, 6),
(1, 741, 15.937, 153, 1, 0, 18),
(1, 741, 16.062, 154, 1, 0, 37),
(1, 741, 16.25, 148, 1, 0, 108),
(1, 737, 16.125, 151, 1, 0, 149),
(1, 738, 16.062, 150, 1, 0, 303),
(1, 738, 16.062, 157, 1, 0, 316),
(1, 734, 15.812, 148, 1, 0, 390),
(1, 732, 16.125, 153, 1, 0, 706),
(1, 732, 16.437, 145, 1, 0, 928),
(1, 733, 16.75, 148, 1, 0, 1330),
(1, 747, 20.125, 20, 1, 0, 825),
(1, 750, 19.5, 20, 1, 0, 527),
(1, 758, 19.375, 21, 1, 0, 1156),
(1, 745, 19.125, 21, 1, 0, 501),
(1, 747, 18.625, 19, 1, 0, 740),
(1, 742, 19, 21, 1, 0, 582),
(1, 742, 18.75, 22, 1, 0, 193),
(1, 741, 18.312, 23, 1, 0, 69),
(1, 744, 18, 23, 1, 0, 56),
(1, 748, 18.125, 23, 1, 0, 26),
(1, 748, 17.812, 22, 1, 0, 2),
(1, 747, 18.375, 23, 1, 0, 0),
(1, 743, 17.937, 23, 1, 0, 0),
(1, 743, 18, 23, 1, 0, 0),
(1, 742, 18.375, 23, 1, 0, 0),
(1, 743, 18.25, 23, 1, 0, 0),
(1, 746, 17.875, 23, 1, 0, 0),
(1, 747, 17.125, 24, 1, 0, 0),
(1, 744, 16.812, 23, 1, 0, 0),
(1, 748, 17.125, 24, 1, 0, 0),
(1, 747, 16.625, 23, 1, 0, 0),
(1, 746, 16.312, 24, 1, 0, 0),
(1, 743, 16.437, 24, 1, 0, 0),
(1, 745, 16.687, 23, 1, 0, 0),
(1, 744, 16.812, 23, 1, 0, 0),
(1, 741, 16.125, 23, 1, 0, 0),
(1, 741, 16.625, 24, 1, 0, 0),
(1, 742, 16.937, 23, 1, 0, 0),
(1, 745, 16.937, 24, 1, 0, 0),
(1, 747, 17, 24, 1, 0, 0),
(1, 748, 16.937, 22, 1, 0, 0),
(1, 746, 16.937, 23, 1, 0, 0),
(1, 742, 16.812, 22, 1, 0, 0),
(1, 747, 16.687, 23, 1, 0, 0),
(1, 751, 16.625, 23, 1, 0, 0),
(1, 745, 16.562, 24, 1, 0, 0),
(1, 743, 16.562, 23, 1, 0, 0),
(1, 742, 16.437, 23, 1, 0, 0),
(1, 742, 16.187, 23, 1, 0, 0),
(1, 742, 16.25, 22, 1, 0, 0),
(1, 741, 16.062, 23, 1, 0, 0),
(1, 744, 16.187, 22, 1, 0, 0),
(1, 749, 16.125, 22, 1, 0, 0),
(1, 746, 16.062, 22, 1, 0, 0),
(1, 745, 16.062, 23, 1, 0, 0),
(1, 743, 15.937, 22, 1, 0, 0),
(1, 743, 15.937, 22, 1, 0, 0),
(1, 741, 15.75, 22, 1, 0, 0),
(1, 742, 15.75, 22, 1, 0, 0),
(1, 745, 15.687, 22, 1, 0, 0),
(1, 743, 15.812, 22, 1, 0, 0),
(1, 746, 15.75, 20, 1, 0, 0),
(1, 748, 15.312, 21, 1, 0, 0),
(1, 748, 15.625, 21, 1, 0, 0),
(1, 740, 15.75, 22, 1, 0, 0),
(1, 734, 15.437, 22, 1, 0, 2),
(1, 739, 15.5, 22, 1, 0, 28),
(1, 740, 15.562, 22, 1, 0, 122),
(1, 738, 15.687, 23, 1, 0, 155),
(1, 740, 15.625, 22, 1, 0, 151),
(1, 741, 15.687, 21, 1, 0, 249),
(1, 746, 15.875, 21, 1, 0, 216),
(1, 744, 16, 22, 1, 0, 172),
(1, 743, 16.125, 22, 1, 0, 621),
(1, 743, 16.312, 21, 1, 0, 319),
(1, 746, 16.5, 21, 1, 0, 595),
(1, 746, 19.25, 21, 1, 0, 2),
(1, 746, 19.125, 21, 1, 0, 0),
(1, 745, 19.25, 21, 1, 0, 0),
(1, 750, 19.125, 22, 1, 0, 0),
(1, 742, 19.187, 22, 1, 0, 0),
(1, 747, 18.5, 21, 1, 0, 0),
(1, 735, 18.937, 22, 1, 0, 0),
(1, 734, 18.937, 22, 1, 0, 0),
(1, 734, 18.875, 23, 1, 0, 0),
(1, 733, 18.875, 23, 1, 0, 0),
(1, 735, 18.687, 22, 1, 0, 0),
(1, 744, 18.25, 22, 1, 0, 0),
(1, 746, 18.437, 23, 1, 0, 0),
(1, 750, 18.187, 23, 1, 0, 0),
(1, 745, 18.062, 23, 1, 0, 0),
(1, 742, 18.25, 23, 1, 0, 0),
(1, 743, 18.125, 23, 1, 0, 0),
(1, 742, 18.25, 23, 1, 0, 0),
(1, 733, 18, 23, 1, 0, 0),
(1, 734, 17.5, 23, 1, 0, 0),
(1, 734, 17.875, 23, 1, 0, 0),
(1, 739, 18.062, 22, 1, 0, 0),
(1, 740, 18.187, 22, 1, 0, 0),
(1, 744, 18.125, 23, 1, 0, 0),
(1, 734, 18.062, 24, 1, 0, 0),
(1, 737, 17.75, 24, 1, 0, 0),
(1, 742, 17.812, 23, 1, 0, 0),
(1, 742, 17.875, 23, 1, 0, 0),
(1, 742, 17.937, 23, 1, 0, 0),
(1, 743, 17.812, 23, 1, 0, 0),
(1, 746, 17.625, 23, 1, 0, 0),
(1, 749, 17.687, 22, 1, 0, 0),
(1, 745, 17.562, 23, 1, 0, 0),
(1, 737, 17.437, 23, 1, 0, 0),
(1, 738, 17.375, 25, 1, 0, 0),
(1, 737, 17.437, 24, 1, 0, 0),
(1, 733, 17.375, 24, 1, 0, 0),
(1, 733, 17.312, 24, 1, 0, 0),
(1, 734, 17.312, 24, 1, 0, 0),
(1, 733, 17.25, 24, 1, 0, 0),
(1, 741, 17.25, 24, 1, 0, 0),
(1, 742, 17.125, 23, 1, 0, 0),
(1, 746, 17.125, 23, 1, 0, 0),
(1, 746, 17.125, 24, 1, 0, 0),
(1, 744, 17, 24, 1, 0, 0),
(1, 741, 16.937, 24, 1, 0, 2),
(1, 741, 17, 23, 1, 0, 21),
(1, 735, 16.875, 24, 1, 0, 91),
(1, 734, 17, 23, 1, 0, 86),
(1, 735, 16.937, 24, 1, 0, 146),
(1, 735, 17.312, 24, 1, 0, 268),
(1, 738, 17.312, 24, 1, 0, 268),
(1, 738, 17.312, 24, 1, 0, 212),
(1, 733, 17.375, 25, 1, 0, 227),
(1, 733, 17.25, 24, 1, 0, 61),
(1, 742, 17, 25, 1, 0, 322),
(1, 744, 17, 25, 1, 0, 670),
(1, 741, 17.187, 25, 1, 0, 1461),
(1, 742, 17.625, 25, 1, 0, 1610),
(1, 745, 18.062, 24, 1, 0, 1522),
(1, 747, 18.062, 25, 1, 0, 1346),
(1, 745, 17.937, 25, 1, 0, 657),
(1, 735, 17.687, 24, 1, 0, 159),
(1, 735, 17.687, 25, 1, 0, 769),
(1, 733, 18.062, 25, 1, 0, 2748),
(1, 735, 18.312, 26, 1, 0, 2159),
(1, 733, 18.437, 25, 1, 0, 1792),
(1, 734, 18.062, 25, 1, 0, 965),
(1, 734, 18.25, 25, 1, 0, 2420),
(1, 738, 18.25, 25, 1, 0, 1922),
(1, 741, 18.562, 25, 1, 0, 2834),
(1, 744, 19, 25, 1, 0, 3560),
(1, 747, 20, 24, 1, 0, 3456),
(1, 745, 20.5, 24, 1, 0, 4361),
(1, 741, 20.875, 25, 1, 0, 3099),
(1, 741, 21.062, 25, 1, 0, 3205),
(1, 740, 21.5, 25, 1, 0, 1923),
(1, 732, 21.25, 24, 1, 0, 3508),
(1, 734, 21.687, 24, 1, 0, 1818),
(1, 735, 22.625, 24, 1, 0, 3433),
(1, 738, 22.5, 24, 1, 0, 3780),
(1, 737, 22.625, 24, 1, 0, 1777),
(1, 735, 22.562, 24, 1, 0, 2949),
(1, 733, 22.375, 25, 1, 0, 2246),
(1, 739, 22.687, 24, 1, 0, 1507),
(1, 741, 22.187, 24, 1, 0, 759),
(1, 742, 21.437, 24, 1, 0, 751),
(1, 742, 21.625, 24, 1, 0, 1095),
(1, 744, 21.437, 23, 1, 0, 1232),
(1, 746, 21, 23, 1, 0, 338),
(1, 750, 21.125, 23, 1, 0, 1007),
(1, 743, 21.375, 23, 1, 0, 786),
(1, 734, 21.187, 23, 1, 0, 440),
(1, 732, 20.75, 22, 1, 0, 139),
(1, 733, 19.75, 23, 1, 0, 26),
(1, 649, 19.937, 103, 1, 0, 40),
(1, 653, 19.687, 103, 1, 0, 0),
(1, 653, 19.187, 103, 1, 0, 0),
(1, 650, 19.312, 103, 1, 0, 0),
(1, 656, 18.5, 104, 1, 0, 0),
(1, 654, 18.562, 104, 1, 0, 0),
(1, 653, 18.875, 105, 1, 0, 0),
(1, 652, 18.5, 106, 1, 0, 0),
(1, 652, 18.312, 107, 1, 0, 0),
(1, 653, 18.437, 106, 1, 0, 0),
(1, 656, 18.312, 106, 1, 0, 0),
(1, 654, 17.812, 106, 1, 0, 0),
(1, 652, 17.562, 106, 1, 0, 0),
(1, 653, 17.312, 107, 1, 0, 0),
(1, 651, 17.062, 107, 1, 0, 0),
(1, 650, 17.5, 107, 1, 0, 0),
(1, 649, 17.312, 108, 1, 0, 0),
(1, 648, 16.875, 107, 1, 0, 0),
(1, 649, 17.375, 108, 1, 0, 0),
(1, 654, 17.437, 108, 1, 0, 0),
(1, 656, 17.312, 106, 1, 0, 0),
(1, 658, 17.187, 106, 1, 0, 0),
(1, 661, 17.375, 106, 1, 0, 0),
(1, 657, 17.312, 107, 1, 0, 0),
(1, 655, 17.312, 108, 1, 0, 0),
(1, 653, 16.312, 108, 1, 0, 0),
(1, 649, 16.937, 107, 1, 0, 0),
(1, 651, 17.25, 107, 1, 0, 0),
(1, 649, 16.625, 107, 1, 0, 0),
(1, 650, 17.125, 107, 1, 0, 0),
(1, 649, 16.875, 108, 1, 0, 0),
(1, 649, 16.25, 107, 1, 0, 0),
(1, 651, 17, 107, 1, 0, 0),
(1, 654, 16.875, 108, 1, 0, 0),
(1, 653, 16.937, 109, 1, 0, 0),
(1, 653, 17.062, 109, 1, 0, 0),
(1, 653, 16.875, 109, 1, 0, 0),
(1, 656, 16.75, 109, 1, 0, 0),
(1, 658, 16.562, 110, 1, 0, 0),
(1, 656, 16.437, 110, 1, 0, 0),
(1, 650, 16.5, 110, 1, 0, 0),
(1, 650, 16.125, 110, 1, 0, 0),
(1, 649, 16.375, 111, 1, 0, 0),
(1, 649, 16.437, 111, 1, 0, 0),
(1, 652, 16.437, 112, 1, 0, 0),
(1, 649, 16.437, 112, 1, 0, 16),
(1, 650, 16.5, 112, 1, 0, 63),
(1, 654, 16.437, 112, 1, 0, 192),
(1, 657, 16.562, 113, 1, 0, 361),
(1, 657, 16.875, 112, 1, 0, 368),
(1, 657, 16.875, 113, 1, 0, 716),
(1, 655, 17.062, 113, 1, 0, 470),
(1, 654, 17.062, 113, 1, 0, 940),
(1, 655, 17.312, 112, 1, 0, 887),
(1, 654, 17.187, 111, 1, 0, 1677),
(1, 650, 17.875, 111, 1, 0, 1720),
(1, 650, 17.937, 111, 1, 0, 2337),
(1, 650, 17.5, 111, 1, 0, 1562),
(1, 651, 17.687, 110, 1, 0, 3018),
(1, 653, 17.875, 110, 1, 0, 1443),
(1, 653, 18.062, 110, 1, 0, 2725),
(1, 653, 18.187, 110, 1, 0, 2871),
(1, 656, 18, 110, 1, 0, 2823),
(1, 655, 17.437, 110, 1, 0, 3215),
(1, 655, 17.687, 110, 1, 0, 2832),
(1, 659, 18.187, 110, 1, 0, 4591),
(1, 657, 19.687, 110, 1, 0, 3239),
(1, 655, 18.625, 109, 1, 0, 2229),
(1, 655, 18.25, 109, 1, 0, 4285),
(1, 651, 18.562, 110, 1, 0, 2951),
(1, 651, 19.437, 110, 1, 0, 4693),
(1, 651, 19.812, 109, 1, 0, 5999),
(1, 652, 20.062, 109, 1, 0, 5846),
(1, 652, 21.125, 109, 1, 0, 5375),
(1, 655, 20.25, 109, 1, 0, 7126),
(1, 655, 20.187, 108, 1, 0, 7602),
(1, 660, 19.75, 108, 1, 0, 7455),
(1, 657, 20.062, 108, 1, 0, 2095),
(1, 656, 20.875, 108, 1, 0, 8550),
(1, 655, 21.437, 108, 1, 0, 13961),
(1, 655, 18.875, 108, 1, 0, 3254),
(1, 656, 19.937, 107, 1, 0, 16050),
(1, 655, 19.562, 107, 1, 0, 4751),
(1, 654, 20.187, 106, 1, 0, 2482),
(1, 653, 19.937, 107, 1, 0, 2684),
(1, 655, 19.75, 107, 1, 0, 1612),
(1, 656, 19.625, 108, 1, 0, 1841),
(1, 654, 19.312, 108, 1, 0, 1582),
(1, 653, 19.25, 109, 1, 0, 1603),
(1, 652, 18.625, 110, 1, 0, 944),
(1, 653, 18.937, 110, 1, 0, 675),
(1, 656, 18.812, 110, 1, 0, 746),
(1, 657, 19.125, 110, 1, 0, 434),
(1, 657, 17.625, 109, 1, 0, 137),
(1, 657, 17.75, 107, 1, 0, 93),
(1, 658, 17.312, 108, 1, 0, 12),
(1, 660, 17.125, 107, 1, 0, 0),
(1, 657, 16.812, 107, 1, 0, 0),
(1, 655, 16.937, 107, 1, 0, 0),
(1, 655, 17.312, 106, 1, 0, 0),
(1, 658, 16.375, 106, 1, 0, 0),
(1, 657, 16.562, 105, 1, 0, 0),
(1, 656, 15.875, 105, 1, 0, 0),
(1, 654, 16.125, 103, 1, 0, 0),
(1, 654, 15.937, 103, 1, 0, 0),
(1, 658, 16.375, 103, 1, 0, 0),
(1, 657, 16.25, 103, 1, 0, 0),
(1, 657, 15.812, 101, 1, 0, 0),
(1, 658, 16.625, 101, 1, 0, 0),
(1, 659, 16.062, 100, 1, 0, 0),
(1, 661, 15.125, 100, 1, 0, 0),
(1, 663, 14.812, 100, 1, 0, 0),
(1, 657, 15, 99, 1, 0, 0),
(1, 653, 14.875, 99, 1, 0, 0),
(1, 654, 15.187, 99, 1, 0, 0),
(1, 655, 14.75, 100, 1, 0, 0),
(1, 654, 14.625, 99, 1, 0, 0),
(1, 655, 14.812, 99, 1, 0, 0),
(1, 655, 14.687, 99, 1, 0, 0),
(1, 655, 14.687, 99, 1, 0, 0),
(1, 663, 14.437, 99, 1, 0, 0),
(1, 662, 14.687, 99, 1, 0, 0),
(1, 662, 14.5, 99, 1, 0, 0),
(1, 659, 14.5, 100, 1, 0, 0),
(1, 660, 14.625, 101, 1, 0, 0),
(1, 660, 14.812, 101, 1, 0, 0),
(1, 659, 14.75, 101, 1, 0, 0),
(1, 655, 14.687, 101, 1, 0, 0),
(1, 655, 14.812, 101, 1, 0, 0),
(1, 656, 14.937, 101, 1, 0, 0),
(1, 656, 15.125, 101, 1, 0, 0),
(1, 656, 14.75, 99, 1, 0, 0),
(1, 656, 14.687, 99, 1, 0, 0),
(1, 656, 15.062, 99, 1, 0, 0),
(1, 664, 15, 100, 1, 0, 0),
(1, 663, 14.562, 100, 1, 0, 0),
(1, 661, 14.062, 100, 1, 0, 0),
(1, 659, 13.937, 100, 1, 0, 0),
(1, 660, 13.875, 100, 1, 0, 0),
(1, 660, 14.062, 101, 1, 0, 0),
(1, 659, 14.25, 100, 1, 0, 0),
(1, 656, 14.25, 100, 1, 0, 6),
(1, 655, 14.187, 100, 1, 0, 33),
(1, 655, 14.5, 101, 1, 0, 134),
(1, 660, 14.437, 100, 1, 0, 210),
(1, 660, 16.5, 101, 1, 0, 675),
(1, 659, 16.562, 101, 1, 0, 1310),
(1, 657, 16.562, 101, 1, 0, 1312),
(1, 656, 16.812, 101, 1, 0, 1515),
(1, 660, 16.812, 102, 1, 0, 1743),
(1, 660, 16.812, 101, 1, 0, 2278),
(1, 661, 16.812, 102, 1, 0, 3458),
(1, 660, 16.812, 103, 1, 0, 2462),
(1, 662, 16.812, 103, 1, 0, 3111),
(1, 661, 17.187, 103, 1, 0, 2038),
(1, 663, 17.875, 103, 1, 0, 3420),
(1, 661, 18.312, 104, 1, 0, 3342),
(1, 660, 18.687, 105, 1, 0, 3042),
(1, 659, 18.687, 105, 1, 0, 3039),
(1, 658, 20, 105, 1, 0, 2683),
(1, 657, 20.625, 106, 1, 0, 3223),
(1, 657, 21.062, 107, 1, 0, 2858),
(1, 660, 21.25, 108, 1, 0, 3187),
(1, 663, 21.25, 107, 1, 0, 3879),
(1, 663, 21.562, 107, 1, 0, 4354),
(1, 662, 21.562, 108, 1, 0, 6448),
(1, 662, 21.937, 108, 1, 0, 2652),
(1, 662, 21.937, 108, 1, 0, 4249),
(1, 662, 22.562, 107, 1, 0, 6348),
(1, 663, 22.562, 107, 1, 0, 3008),
(1, 665, 22.562, 107, 1, 0, 6685),
(1, 662, 22.437, 106, 1, 0, 4696),
(1, 661, 22.375, 106, 1, 0, 4728),
(1, 659, 22.375, 105, 1, 0, 2091),
(1, 659, 20.437, 104, 1, 0, 6095),
(1, 659, 22.5, 105, 1, 0, 9368),
(1, 659, 21.5, 104, 1, 0, 17593),
(1, 664, 21.187, 104, 1, 0, 4385),
(1, 663, 21.5, 103, 1, 0, 2605),
(1, 664, 21.375, 103, 1, 0, 3263),
(1, 666, 21.687, 102, 1, 0, 2175),
(1, 665, 21.062, 102, 1, 0, 2601),
(1, 664, 21.125, 101, 1, 0, 2082),
(1, 661, 21.312, 100, 1, 0, 2243),
(1, 662, 21, 98, 1, 0, 1347),
(1, 657, 20.625, 98, 1, 0, 1050),
(1, 659, 20.312, 97, 1, 0, 936),
(1, 659, 20.5, 96, 1, 0, 692),
(1, 658, 19.812, 95, 1, 0, 331),
(1, 661, 19.25, 94, 1, 0, 112),
(1, 662, 19.187, 94, 1, 0, 55),
(1, 662, 18.625, 93, 1, 0, 7),
(1, 665, 18.625, 93, 1, 0, 0),
(1, 666, 18.5, 91, 1, 0, 0),
(1, 667, 18.625, 91, 1, 0, 0),
(1, 667, 19.312, 92, 1, 0, 0),
(1, 665, 18.687, 93, 1, 0, 0),
(1, 664, 18.125, 92, 1, 0, 0),
(1, 664, 18, 92, 1, 0, 0),
(1, 660, 18.562, 92, 1, 0, 0),
(1, 660, 18.062, 92, 1, 0, 0),
(1, 660, 18.187, 91, 1, 0, 0),
(1, 662, 18, 91, 1, 0, 0),
(1, 664, 17.75, 91, 1, 0, 0),
(1, 665, 18.5, 90, 1, 0, 0),
(1, 662, 18.312, 90, 1, 0, 0),
(1, 664, 18.5, 90, 1, 0, 0),
(1, 666, 18.5, 90, 1, 0, 0),
(1, 665, 17.937, 90, 1, 0, 0),
(1, 665, 18.312, 91, 1, 0, 0),
(1, 665, 17.875, 88, 1, 0, 0),
(1, 666, 17.937, 91, 1, 0, 0),
(1, 669, 18, 91, 1, 0, 0),
(1, 668, 18.062, 91, 1, 0, 0),
(1, 663, 18, 91, 1, 0, 0),
(1, 661, 18.062, 90, 1, 0, 0),
(1, 661, 18, 90, 1, 0, 0),
(1, 660, 17.937, 91, 1, 0, 0),
(1, 660, 17.812, 91, 1, 0, 0),
(1, 661, 17.687, 93, 1, 0, 0),
(1, 662, 17.625, 94, 1, 0, 0),
(1, 669, 17.5, 94, 1, 0, 0),
(1, 669, 17.5, 95, 1, 0, 0),
(1, 667, 17.5, 96, 1, 0, 0),
(1, 665, 17.5, 96, 1, 0, 0),
(1, 665, 17.437, 96, 1, 0, 0),
(1, 665, 17.437, 96, 1, 0, 0),
(1, 667, 17.375, 95, 1, 0, 0),
(1, 661, 17.187, 94, 1, 0, 0),
(1, 662, 17.187, 93, 1, 0, 0),
(1, 662, 17.125, 92, 1, 0, 0),
(1, 662, 17.062, 91, 1, 0, 0),
(1, 662, 16.937, 91, 1, 0, 0),
(1, 663, 16.937, 91, 1, 0, 0),
(1, 665, 16.812, 90, 1, 0, 0),
(1, 665, 16.75, 89, 1, 0, 0),
(1, 667, 16.75, 90, 1, 0, 1),
(1, 666, 16.437, 90, 1, 0, 16),
(1, 666, 16.625, 91, 1, 0, 67),
(1, 666, 16.562, 90, 1, 0, 159),
(1, 667, 16.562, 90, 1, 0, 317),
(1, 666, 17, 91, 1, 0, 464),
(1, 667, 17.375, 91, 1, 0, 604),
(1, 665, 17.5, 91, 1, 0, 751),
(1, 666, 17.437, 91, 1, 0, 555),
(1, 664, 17.437, 91, 1, 0, 607),
(1, 663, 17.75, 92, 1, 0, 1649),
(1, 662, 18.312, 92, 1, 0, 2700),
(1, 663, 18.25, 92, 1, 0, 1047),
(1, 663, 18.187, 93, 1, 0, 691),
(1, 663, 18.125, 93, 1, 0, 1544),
(1, 668, 18.437, 93, 1, 0, 2486),
(1, 670, 18.875, 93, 1, 0, 1309),
(1, 670, 18.875, 93, 1, 0, 2930),
(1, 668, 19.437, 94, 1, 0, 2924),
(1, 668, 19.5, 93, 1, 0, 3351),
(1, 667, 19.875, 94, 1, 0, 3416),
(1, 667, 19.812, 94, 1, 0, 3162),
(1, 662, 19.875, 94, 1, 0, 4243),
(1, 662, 20.562, 94, 1, 0, 6726),
(1, 663, 20.937, 93, 1, 0, 3398),
(1, 663, 20.437, 92, 1, 0, 3135),
(1, 663, 20.812, 91, 1, 0, 3678),
(1, 663, 21.5, 91, 1, 0, 4075),
(1, 665, 22.062, 90, 1, 0, 4403),
(1, 672, 21.625, 89, 1, 0, 2537),
(1, 670, 21.625, 89, 1, 0, 4802),
(1, 668, 22.125, 89, 1, 0, 8296),
(1, 668, 23.187, 88, 1, 0, 6025),
(1, 667, 22.812, 86, 1, 0, 4409),
(1, 667, 22.562, 86, 1, 0, 5698),
(1, 667, 22.562, 85, 1, 0, 25078),
(1, 666, 22.75, 85, 1, 0, 26762),
(1, 665, 22.5, 85, 1, 0, 1399),
(1, 667, 21.875, 85, 1, 0, 3587),
(1, 667, 22.5, 86, 1, 0, 1058),
(1, 665, 22, 87, 1, 0, 937),
(1, 665, 22.062, 88, 1, 0, 2197),
(1, 665, 21.937, 89, 1, 0, 2648),
(1, 664, 21.937, 89, 1, 0, 1263),
(1, 670, 22.312, 90, 1, 0, 1090),
(1, 670, 21.687, 90, 1, 0, 330),
(1, 672, 21.312, 91, 1, 0, 737),
(1, 674, 21.25, 92, 1, 0, 373),
(1, 676, 20.75, 91, 1, 0, 162),
(1, 674, 20.562, 91, 1, 0, 101),
(1, 672, 20.437, 93, 1, 0, 43),
(1, 668, 20.187, 94, 1, 0, 4),
(1, 668, 19.875, 94, 1, 0, 0),
(1, 668, 19.75, 94, 1, 0, 0),
(1, 668, 19.75, 94, 1, 0, 0),
(1, 668, 19.812, 94, 1, 0, 0),
(1, 668, 19.812, 94, 1, 0, 0),
(1, 669, 19.75, 94, 1, 0, 0),
(1, 673, 19.625, 94, 1, 0, 0),
(1, 675, 19.625, 94, 1, 0, 0),
(1, 676, 19.562, 94, 1, 0, 0),
(1, 676, 19.5, 94, 1, 0, 0),
(1, 673, 19.437, 94, 1, 0, 0),
(1, 674, 19.375, 94, 1, 0, 0),
(1, 673, 19.312, 95, 1, 0, 0),
(1, 675, 19.25, 95, 1, 0, 0),
(1, 669, 19.187, 94, 1, 0, 0),
(1, 669, 19.125, 95, 1, 0, 0),
(1, 670, 19.187, 95, 1, 0, 0),
(1, 672, 19.062, 95, 1, 0, 0),
(1, 673, 19, 95, 1, 0, 0),
(1, 672, 18.937, 95, 1, 0, 0),
(1, 669, 18.812, 94, 1, 0, 0),
(1, 675, 18.812, 93, 1, 0, 0),
(1, 673, 18.812, 92, 1, 0, 0),
(1, 673, 18.687, 91, 1, 0, 0),
(1, 674, 18.5, 91, 1, 0, 0),
(1, 674, 18.5, 90, 1, 0, 0),
(1, 677, 18.312, 90, 1, 0, 0),
(1, 678, 18.437, 90, 1, 0, 0),
(1, 676, 18.375, 90, 1, 0, 0),
(1, 669, 18.375, 90, 1, 0, 0),
(1, 670, 18.25, 90, 1, 0, 0),
(1, 670, 18.25, 90, 1, 0, 0),
(1, 670, 18.187, 91, 1, 0, 0),
(1, 670, 18.187, 91, 1, 0, 0),
(1, 671, 18.125, 92, 1, 0, 0),
(1, 670, 18.062, 92, 1, 0, 0),
(1, 675, 18.062, 93, 1, 0, 0),
(1, 674, 17.937, 93, 1, 0, 0),
(1, 674, 18, 93, 1, 0, 0),
(1, 677, 17.937, 93, 1, 0, 0),
(1, 678, 17.937, 93, 1, 0, 0),
(1, 676, 17.875, 93, 1, 0, 0),
(1, 674, 17.812, 93, 1, 0, 0),
(1, 671, 17.812, 93, 1, 0, 0),
(1, 670, 17.75, 93, 1, 0, 1),
(1, 670, 17.687, 93, 1, 0, 17),
(1, 670, 17.437, 94, 1, 0, 88),
(1, 672, 17.562, 94, 1, 0, 172),
(1, 674, 17.625, 95, 1, 0, 245),
(1, 674, 18, 95, 1, 0, 465),
(1, 676, 18.062, 95, 1, 0, 588),
(1, 675, 18.125, 95, 1, 0, 383),
(1, 675, 18.25, 95, 1, 0, 429),
(1, 675, 18.375, 95, 1, 0, 620),
(1, 675, 18.437, 95, 1, 0, 1075),
(1, 675, 18.375, 95, 1, 0, 1187),
(1, 676, 18.5, 95, 1, 0, 1545),
(1, 678, 18.312, 95, 1, 0, 2225),
(1, 674, 18, 95, 1, 0, 3395),
(1, 673, 18.75, 95, 1, 0, 2886),
(1, 671, 18.937, 96, 1, 0, 3695),
(1, 671, 18.5, 97, 1, 0, 2996),
(1, 671, 18.687, 97, 1, 0, 1934),
(1, 671, 18.5, 98, 1, 0, 3697),
(1, 671, 18.625, 98, 1, 0, 1724),
(1, 677, 19.687, 99, 1, 0, 1636),
(1, 679, 20.062, 100, 1, 0, 3094),
(1, 679, 20.125, 102, 1, 0, 3168),
(1, 675, 20.125, 102, 1, 0, 2835),
(1, 676, 20.125, 102, 1, 0, 2139),
(1, 680, 20.312, 103, 1, 0, 3459),
(1, 679, 20.437, 103, 1, 0, 2561),
(1, 673, 20.687, 103, 1, 0, 4974),
(1, 672, 21.5, 103, 1, 0, 3630),
(1, 672, 21.125, 102, 1, 0, 3085),
(1, 671, 20.812, 102, 1, 0, 2636),
(1, 671, 20.625, 102, 1, 0, 4558),
(1, 672, 21.812, 102, 1, 0, 3446),
(1, 672, 20.437, 102, 1, 0, 2706),
(1, 673, 20.437, 102, 1, 0, 3063),
(1, 680, 20.937, 103, 1, 0, 3694),
(1, 679, 21, 103, 1, 0, 2786),
(1, 677, 20.937, 103, 1, 0, 2964),
(1, 676, 21.375, 103, 1, 0, 1674),
(1, 676, 21.062, 103, 1, 0, 1411),
(1, 676, 20.437, 103, 1, 0, 1421),
(1, 675, 20.625, 103, 1, 0, 1348),
(1, 400, 20.5, 32, 1, 0, 1277),
(1, 399, 20.5, 31, 1, 0, 1201),
(1, 398, 20.375, 31, 1, 0, 298),
(1, 399, 20.062, 31, 1, 0, 188),
(1, 400, 19.75, 31, 1, 0, 71),
(1, 400, 19.625, 32, 1, 0, 67),
(1, 398, 19.5, 32, 1, 0, 48),
(1, 398, 19.5, 32, 1, 0, 19),
(1, 397, 19.375, 33, 1, 0, 2),
(1, 397, 18.5, 32, 1, 0, 0),
(1, 398, 18.812, 32, 1, 0, 0),
(1, 398, 18.687, 31, 1, 0, 0),
(1, 400, 18.375, 31, 1, 0, 0),
(1, 400, 18.437, 32, 1, 0, 0),
(1, 399, 18.437, 32, 1, 0, 0),
(1, 399, 17.75, 33, 1, 0, 0),
(1, 397, 18.187, 32, 1, 0, 0),
(1, 398, 18, 32, 1, 0, 0),
(1, 397, 18.187, 32, 1, 0, 0),
(1, 397, 18.437, 33, 1, 0, 0),
(1, 398, 18.562, 33, 1, 0, 0),
(1, 398, 18.437, 33, 1, 0, 0),
(1, 400, 18.125, 33, 1, 0, 0),
(1, 400, 17.937, 35, 1, 0, 0),
(1, 399, 18.25, 35, 1, 0, 0),
(1, 398, 18, 35, 1, 0, 0),
(1, 398, 18.062, 35, 1, 0, 0),
(1, 398, 17.875, 36, 1, 0, 0),
(1, 398, 17.312, 36, 1, 0, 0),
(1, 397, 17.625, 36, 1, 0, 0),
(1, 398, 17.562, 37, 1, 0, 0),
(1, 403, 17.812, 36, 1, 0, 0),
(1, 400, 18, 37, 1, 0, 0),
(1, 398, 17.75, 37, 1, 0, 0),
(1, 399, 17.687, 39, 1, 0, 0),
(1, 401, 17.687, 39, 1, 0, 0),
(1, 400, 17.812, 38, 1, 0, 0),
(1, 399, 17.812, 38, 1, 0, 0),
(1, 398, 17.812, 39, 1, 0, 0),
(1, 397, 17.812, 39, 1, 0, 0),
(1, 398, 17.75, 39, 1, 0, 0),
(1, 398, 17.75, 39, 1, 0, 0),
(1, 399, 17.625, 40, 1, 0, 0),
(1, 398, 17.625, 41, 1, 0, 0),
(1, 399, 17.625, 41, 1, 0, 0),
(1, 400, 17.625, 41, 1, 0, 0),
(1, 398, 17.562, 39, 1, 0, 0),
(1, 398, 17.5, 40, 1, 0, 0),
(1, 401, 17.437, 40, 1, 0, 0),
(1, 398, 17.375, 40, 1, 0, 0),
(1, 398, 17.375, 40, 1, 0, 0),
(1, 398, 17.25, 40, 1, 0, 0),
(1, 398, 17.187, 41, 1, 0, 0),
(1, 398, 17.062, 41, 1, 0, 1),
(1, 400, 16.937, 41, 1, 0, 15),
(1, 400, 17, 41, 1, 0, 102),
(1, 398, 17, 40, 1, 0, 230),
(1, 399, 17.062, 41, 1, 0, 341),
(1, 398, 17.25, 41, 1, 0, 417),
(1, 398, 17.25, 40, 1, 0, 605),
(1, 398, 17.375, 40, 1, 0, 770),
(1, 398, 17.687, 40, 1, 0, 1010),
(1, 398, 18, 41, 1, 0, 1267),
(1, 400, 17.937, 41, 1, 0, 1212),
(1, 400, 18.062, 41, 1, 0, 883),
(1, 398, 18.187, 40, 1, 0, 1775),
(1, 398, 18.437, 40, 1, 0, 2458),
(1, 400, 18.812, 40, 1, 0, 2593),
(1, 401, 18.687, 39, 1, 0, 1865),
(1, 399, 18.75, 39, 1, 0, 1937),
(1, 398, 18.75, 40, 1, 0, 1234),
(1, 398, 18.5, 40, 1, 0, 1682),
(1, 398, 18.562, 41, 1, 0, 2321),
(1, 397, 18.75, 41, 1, 0, 2062),
(1, 398, 19.125, 41, 1, 0, 2355),
(1, 398, 19.562, 40, 1, 0, 4078),
(1, 402, 19.687, 40, 1, 0, 3274),
(1, 400, 19.625, 40, 1, 0, 2874),
(1, 399, 19.562, 40, 1, 0, 2601),
(1, 398, 19.437, 40, 1, 0, 2137),
(1, 397, 19, 40, 1, 0, 1858),
(1, 398, 19.375, 41, 1, 0, 3336),
(1, 397, 19, 41, 1, 0, 3397),
(1, 398, 19, 40, 1, 0, 1900),
(1, 399, 19.187, 40, 1, 0, 2066),
(1, 399, 19.062, 39, 1, 0, 5077),
(1, 400, 18.937, 40, 1, 0, 2216),
(1, 399, 18.562, 39, 1, 0, 1861),
(1, 398, 18.125, 39, 1, 0, 2105),
(1, 397, 18.375, 40, 1, 0, 4240),
(1, 396, 18.812, 39, 1, 0, 1556),
(1, 398, 19, 40, 1, 0, 3315),
(1, 398, 19.625, 39, 1, 0, 2519),
(1, 398, 19.5, 39, 1, 0, 2504),
(1, 399, 19.5, 39, 1, 0, 2096),
(1, 401, 19.437, 39, 1, 0, 1517),
(1, 400, 19.312, 39, 1, 0, 1296),
(1, 398, 19.312, 38, 1, 0, 1713),
(1, 400, 19, 39, 1, 0, 1294),
(1, 400, 18.312, 39, 1, 0, 450),
(1, 400, 18.375, 39, 1, 0, 229),
(1, 398, 18.125, 39, 1, 0, 261),
(1, 398, 18.437, 39, 1, 0, 176),
(1, 398, 18.25, 39, 1, 0, 29),
(1, 397, 18, 38, 1, 0, 1),
(1, 397, 17.5, 38, 1, 0, 0),
(1, 400, 17.75, 38, 1, 0, 0),
(1, 399, 17.5, 38, 1, 0, 0),
(1, 400, 17.437, 38, 1, 0, 0),
(1, 399, 17.562, 39, 1, 0, 0),
(1, 399, 17.937, 38, 1, 0, 0),
(1, 398, 16.937, 39, 1, 0, 0),
(1, 398, 17.187, 38, 1, 0, 0),
(1, 398, 17.25, 38, 1, 0, 0),
(1, 399, 17.437, 38, 1, 0, 0),
(1, 398, 17.25, 38, 1, 0, 0),
(1, 399, 17.125, 37, 1, 0, 0),
(1, 400, 16.687, 38, 1, 0, 0),
(1, 400, 17.187, 38, 1, 0, 0),
(1, 399, 17.187, 39, 1, 0, 0),
(1, 399, 17.125, 37, 1, 0, 0),
(1, 399, 17.25, 38, 1, 0, 0),
(1, 398, 17.187, 38, 1, 0, 0),
(1, 397, 17.25, 38, 1, 0, 0),
(1, 398, 16.937, 38, 1, 0, 0),
(1, 398, 16.687, 38, 1, 0, 0),
(1, 398, 16.937, 37, 1, 0, 0),
(1, 400, 17, 38, 1, 0, 0),
(1, 402, 17, 38, 1, 0, 0),
(1, 400, 16.937, 38, 1, 0, 0),
(1, 398, 16.5, 36, 1, 0, 0),
(1, 400, 16.437, 36, 1, 0, 0),
(1, 401, 16.562, 36, 1, 0, 0),
(1, 400, 16.562, 36, 1, 0, 0),
(1, 398, 16.375, 36, 1, 0, 0),
(1, 398, 16.562, 35, 1, 0, 0),
(1, 397, 16.625, 35, 1, 0, 0),
(1, 398, 16.625, 36, 1, 0, 0),
(1, 398, 16.5, 37, 1, 0, 0),
(1, 399, 16.437, 36, 1, 0, 0),
(1, 401, 16.312, 35, 1, 0, 0),
(1, 400, 16.375, 35, 1, 0, 0),
(1, 399, 16.312, 35, 1, 0, 0),
(1, 397, 16.312, 35, 1, 0, 0),
(1, 398, 16.187, 35, 1, 0, 0),
(1, 398, 16.125, 35, 1, 0, 0),
(1, 398, 16.125, 35, 1, 0, 0),
(1, 398, 16.125, 35, 1, 0, 0),
(1, 398, 16.062, 36, 1, 0, 0),
(1, 400, 15.937, 35, 1, 0, 1),
(1, 401, 15.937, 35, 1, 0, 39),
(1, 401, 16, 35, 1, 0, 146),
(1, 398, 16.062, 35, 1, 0, 144),
(1, 398, 16, 35, 1, 0, 363),
(1, 398, 16.187, 35, 1, 0, 539),
(1, 397, 16.375, 34, 1, 0, 738),
(1, 398, 16.437, 35, 1, 0, 1220),
(1, 398, 16.437, 35, 1, 0, 1090),
(1, 400, 16.437, 35, 1, 0, 823),
(1, 400, 16.437, 35, 1, 0, 1479),
(1, 400, 16.062, 35, 1, 0, 1456),
(1, 398, 16.75, 35, 1, 0, 1811),
(1, 400, 15.875, 35, 1, 0, 2448),
(1, 642, 20.875, 26, 1, 1, 5035),
(1, 639, 20.312, 26, 1, 1, 0),
(1, 672, 20.187, 45, 1, 1, 5086),
(1, 674, 23.75, 56, 1, 1, 6824),
(1, 673, 23.75, 83, 1, 1, 4363),
(1, 672, 22.25, 74, 1, 1, 1897),
(1, 672, 21.75, 96, 1, 1, 17437),
(1, 673, 21.625, 94, 1, 1, 1666),
(1, 674, 21.5, 111, 1, 1, 4631),
(1, 672, 22.187, 105, 1, 1, 2707),
(1, 671, 22.187, 91, 1, 1, 1756),
(1, 674, 21.375, 102, 1, 1, 2316),
(1, 675, 21, 106, 1, 1, 2173),
(1, 678, 21, 73, 1, 1, 1572),
(1, 676, 20.187, 89, 1, 1, 998),
(1, 673, 20.5, 89, 1, 1, 1277),
(1, 677, 20.375, 80, 1, 1, 597),
(1, 674, 20.25, 69, 1, 1, 315),
(1, 676, 19.875, 70, 1, 1, 423),
(1, 670, 19.937, 79, 1, 1, 184),
(1, 671, 19.812, 72, 1, 1, 58),
(1, 675, 19.062, 79, 1, 1, 5),
(1, 675, 18.75, 63, 1, 1, 0),
(1, 675, 18.75, 62, 1, 1, 0),
(1, 672, 18.5, 53, 1, 1, 0),
(1, 669, 18.25, 29, 1, 1, 0),
(1, 668, 18.625, 28, 1, 1, 0),
(1, 669, 18.437, 29, 1, 1, 0),
(1, 668, 17.812, 30, 1, 1, 0),
(1, 672, 18.062, 30, 1, 1, 0),
(1, 674, 18.062, 29, 1, 1, 0),
(1, 677, 17.5, 29, 1, 1, 0),
(1, 674, 17, 37, 1, 1, 0),
(1, 679, 17.187, 75, 1, 1, 0),
(1, 681, 17.187, 108, 1, 1, 0),
(1, 691, 17.312, 87, 1, 1, 0),
(1, 670, 17.875, 96, 1, 1, 0),
(1, 673, 17.625, 82, 1, 1, 0),
(1, 670, 17.312, 79, 1, 1, 0),
(1, 670, 17.25, 88, 1, 1, 0),
(1, 670, 17.625, 60, 1, 1, 0),
(1, 671, 17.75, 99, 1, 1, 0),
(1, 671, 17.375, 46, 1, 1, 0),
(1, 676, 16.5, 33, 1, 1, 0),
(1, 679, 16.562, 62, 1, 1, 0),
(1, 673, 16.25, 75, 1, 1, 0),
(1, 672, 16.25, 36, 1, 1, 0),
(1, 673, 17, 46, 1, 1, 0),
(1, 671, 17.187, 52, 1, 1, 0),
(1, 671, 16.937, 36, 1, 1, 0),
(1, 677, 16.375, 41, 1, 1, 0),
(1, 676, 16.312, 33, 1, 1, 0),
(1, 689, 16.812, 34, 1, 1, 0),
(1, 679, 16.625, 30, 1, 1, 0),
(1, 678, 16.25, 32, 1, 1, 0),
(1, 674, 16.437, 33, 1, 1, 0),
(1, 674, 16.687, 33, 1, 1, 0),
(1, 675, 16.75, 34, 1, 1, 0),
(1, 675, 16.687, 34, 1, 1, 0),
(1, 675, 16.562, 34, 1, 1, 0),
(1, 677, 16.812, 33, 1, 1, 0),
(1, 677, 16.75, 34, 1, 1, 0),
(1, 678, 16.062, 34, 1, 1, 0),
(1, 677, 16.125, 34, 1, 1, 0),
(1, 674, 15.937, 38, 1, 1, 0),
(1, 674, 15.937, 97, 1, 1, 0),
(1, 673, 16.312, 106, 1, 1, 1),
(1, 675, 16.375, 121, 1, 1, 19),
(1, 671, 16.437, 108, 1, 1, 72),
(1, 683, 16.312, 102, 1, 1, 154),
(1, 671, 16.375, 96, 1, 1, 218),
(1, 672, 16.062, 52, 1, 1, 405),
(1, 672, 16, 86, 1, 1, 581),
(1, 672, 16.562, 93, 1, 1, 967),
(1, 672, 16.75, 114, 1, 1, 905),
(1, 675, 16.625, 101, 1, 1, 1260),
(1, 672, 17.562, 95, 1, 1, 2869),
(1, 671, 17.812, 52, 1, 1, 2229),
(1, 668, 17.75, 35, 1, 1, 2173),
(1, 672, 18.062, 36, 1, 1, 2514),
(1, 669, 18.062, 36, 1, 1, 2010),
(1, 682, 18.062, 36, 1, 1, 1301),
(1, 683, 18.125, 32, 1, 1, 0),
(1, 686, 18.437, 32, 1, 1, 0),
(1, 686, 18.875, 32, 1, 1, 0),
(1, 699, 18.937, 32, 1, 1, 0),
(1, 686, 18.937, 32, 1, 1, 0),
(1, 688, 18.25, 31, 1, 1, 0),
(1, 692, 18.75, 31, 1, 1, 0),
(1, 697, 18.687, 30, 1, 1, 0),
(1, 681, 18.625, 30, 1, 1, 0),
(1, 678, 18.5, 30, 1, 1, 0),
(1, 679, 17.687, 31, 1, 1, 0),
(1, 680, 17.937, 31, 1, 1, 0),
(1, 682, 17.937, 31, 1, 1, 0),
(1, 684, 17.75, 31, 1, 1, 0),
(1, 686, 17.75, 30, 1, 1, 0),
(1, 690, 17.687, 31, 1, 1, 0),
(1, 692, 17.5, 31, 1, 1, 0),
(1, 691, 17.562, 30, 1, 1, 0),
(1, 693, 17.625, 28, 1, 1, 0),
(1, 692, 17.625, 29, 1, 1, 0),
(1, 688, 17.625, 30, 1, 1, 0),
(1, 688, 17.625, 31, 1, 1, 0),
(1, 690, 17.625, 30, 1, 1, 0),
(1, 687, 17.5, 30, 1, 1, 0),
(1, 688, 17.5, 31, 1, 1, 0),
(1, 686, 17.625, 31, 1, 1, 0),
(1, 684, 17.375, 32, 1, 1, 0),
(1, 682, 17.5, 30, 1, 1, 0),
(1, 680, 17.5, 31, 1, 1, 0),
(1, 681, 17.437, 32, 1, 1, 0),
(1, 689, 17.375, 32, 1, 1, 0),
(1, 690, 17.375, 31, 1, 1, 0),
(1, 693, 17.187, 32, 1, 1, 0),
(1, 686, 17.312, 32, 1, 1, 0),
(1, 687, 17.187, 33, 1, 1, 0),
(1, 689, 17.187, 32, 1, 1, 0),
(1, 691, 17, 31, 1, 1, 0),
(1, 687, 17.187, 30, 1, 1, 0),
(1, 687, 17.187, 31, 1, 1, 4),
(1, 682, 17.125, 30, 1, 1, 59),
(1, 681, 17.187, 30, 1, 1, 183),
(1, 682, 16.875, 31, 1, 1, 434),
(1, 684, 17.437, 31, 1, 1, 595),
(1, 684, 17.625, 31, 1, 1, 877),
(1, 686, 17.5, 34, 1, 1, 1076),
(1, 692, 17.75, 33, 1, 1, 1409),
(1, 691, 18.312, 32, 1, 1, 1815),
(1, 688, 18.625, 31, 1, 1, 1494),
(1, 688, 18.812, 32, 1, 1, 1493),
(1, 687, 18.937, 31, 1, 1, 1445),
(1, 689, 19.312, 31, 1, 1, 3938),
(1, 687, 19.875, 31, 1, 1, 3975),
(1, 684, 19.875, 32, 1, 1, 4138),
(1, 690, 20.125, 32, 1, 1, 2522),
(1, 685, 20.5, 30, 1, 1, 3298),
(1, 682, 20.937, 31, 1, 1, 5083),
(1, 682, 20.875, 32, 1, 1, 2955),
(1, 684, 20.875, 31, 1, 1, 1430),
(1, 683, 21.687, 30, 1, 1, 4805),
(1, 681, 21.875, 30, 1, 1, 4524),
(1, 688, 22.062, 30, 1, 1, 4205),
(1, 693, 21.812, 30, 1, 1, 1916),
(1, 691, 22.062, 30, 1, 1, 3945),
(1, 691, 22.625, 30, 1, 1, 4327),
(1, 689, 22.375, 31, 1, 1, 5104),
(1, 693, 22.312, 31, 1, 1, 4306),
(1, 692, 22.625, 32, 1, 1, 5479),
(1, 684, 22.812, 32, 1, 1, 7132),
(1, 683, 23.625, 31, 1, 1, 5316),
(1, 681, 22.875, 30, 1, 1, 5546),
(1, 679, 22.625, 30, 1, 1, 2723),
(1, 679, 22.062, 31, 1, 1, 2722),
(1, 682, 25.25, 31, 1, 1, 8646),
(1, 686, 23.125, 31, 1, 1, 2251),
(1, 693, 22.5, 31, 1, 1, 3065),
(1, 690, 22.5, 31, 1, 1, 3729),
(1, 689, 22.812, 31, 1, 1, 3202),
(1, 687, 22.937, 31, 1, 1, 3401),
(1, 686, 22.875, 31, 1, 1, 2030),
(1, 688, 22.312, 31, 1, 1, 2305),
(1, 687, 22.125, 31, 1, 1, 1622),
(1, 694, 22.375, 31, 1, 1, 1957),
(1, 682, 22.125, 31, 1, 1, 637),
(1, 684, 21.625, 32, 1, 1, 594),
(1, 683, 21.5, 31, 1, 1, 689),
(1, 682, 21.312, 31, 1, 1, 204),
(1, 682, 21.125, 31, 1, 1, 202),
(1, 680, 20.875, 30, 1, 1, 41),
(1, 681, 20.312, 32, 1, 1, 5),
(1, 687, 20.437, 30, 1, 1, 0),
(1, 687, 20, 30, 1, 1, 0),
(1, 689, 20.062, 30, 1, 1, 0),
(1, 696, 19.812, 61, 1, 1, 18),
(1, 703, 19.75, 62, 1, 1, 0),
(1, 699, 19.562, 62, 1, 1, 0),
(1, 701, 19.687, 62, 1, 1, 0),
(1, 702, 19.75, 62, 1, 1, 0),
(1, 701, 19.625, 63, 1, 1, 0),
(1, 700, 19.562, 62, 1, 1, 0),
(1, 696, 19.5, 63, 1, 1, 0),
(1, 697, 19.437, 62, 1, 1, 0),
(1, 696, 19.437, 62, 1, 1, 0),
(1, 699, 19.25, 62, 1, 1, 0),
(1, 700, 19.187, 62, 1, 1, 0),
(1, 700, 19, 61, 1, 1, 0),
(1, 697, 18.937, 61, 1, 1, 0),
(1, 697, 18.875, 62, 1, 1, 0),
(1, 700, 18.75, 61, 1, 1, 0),
(1, 699, 18.625, 61, 1, 1, 0),
(1, 699, 18.5, 60, 1, 1, 0),
(1, 701, 18.437, 60, 1, 1, 0),
(1, 702, 18.375, 60, 1, 1, 0),
(1, 701, 18.187, 60, 1, 1, 0),
(1, 699, 18.25, 60, 1, 1, 0),
(1, 698, 18.125, 59, 1, 1, 0),
(1, 696, 18.125, 59, 1, 1, 0),
(1, 696, 18.062, 60, 1, 1, 0),
(1, 698, 18.062, 60, 1, 1, 0),
(1, 700, 17.937, 60, 1, 1, 0),
(1, 699, 17.937, 60, 1, 1, 0),
(1, 697, 17.875, 60, 1, 1, 0),
(1, 697, 17.812, 59, 1, 1, 0),
(1, 701, 17.812, 60, 1, 1, 0),
(1, 699, 17.75, 60, 1, 1, 0),
(1, 700, 17.625, 60, 1, 1, 0),
(1, 703, 17.562, 60, 1, 1, 0),
(1, 699, 17.625, 60, 1, 1, 0),
(1, 700, 17.562, 60, 1, 1, 0),
(1, 702, 17.437, 60, 1, 1, 0),
(1, 699, 17.562, 61, 1, 1, 0),
(1, 697, 17.5, 61, 1, 1, 1),
(1, 697, 17.437, 61, 1, 1, 9),
(1, 696, 17.5, 62, 1, 1, 100),
(1, 697, 17.375, 64, 1, 1, 82),
(1, 696, 17.375, 65, 1, 1, 242),
(1, 698, 17.625, 66, 1, 1, 566),
(1, 699, 17.562, 67, 1, 1, 985),
(1, 703, 17.875, 68, 1, 1, 1211),
(1, 700, 18.125, 70, 1, 1, 1399),
(1, 699, 18.312, 70, 1, 1, 1087),
(1, 700, 18.625, 69, 1, 1, 1612),
(1, 698, 18.937, 69, 1, 1, 1668),
(1, 699, 18.812, 69, 1, 1, 1869),
(1, 702, 18.812, 69, 1, 1, 2772),
(1, 702, 18.75, 69, 1, 1, 2413),
(1, 696, 18.937, 69, 1, 1, 2686),
(1, 696, 19.125, 69, 1, 1, 3496),
(1, 697, 19.125, 70, 1, 1, 3821),
(1, 696, 20.062, 71, 1, 1, 3660),
(1, 696, 20.437, 72, 1, 1, 4408),
(1, 699, 20.25, 74, 1, 1, 3163),
(1, 699, 19.937, 74, 1, 1, 4153),
(1, 702, 20.062, 75, 1, 1, 3819),
(1, 699, 20.5, 76, 1, 1, 4878),
(1, 700, 20.75, 77, 1, 1, 3195),
(1, 699, 20.625, 76, 1, 1, 2305),
(1, 699, 20.5, 75, 1, 1, 4162),
(1, 699, 20.75, 74, 1, 1, 2535),
(1, 699, 20.875, 74, 1, 1, 2671),
(1, 697, 21.062, 73, 1, 1, 3450),
(1, 697, 20.875, 72, 1, 1, 3754),
(1, 699, 21, 72, 1, 1, 4080),
(1, 698, 20.812, 71, 1, 1, 2658),
(1, 696, 20.687, 72, 1, 1, 3420),
(1, 696, 20.875, 72, 1, 1, 3301),
(1, 696, 20.562, 72, 1, 1, 2680),
(1, 696, 21, 71, 1, 1, 7737),
(1, 700, 21.312, 71, 1, 1, 1991),
(1, 702, 21.125, 71, 1, 1, 2247),
(1, 706, 18.062, 55, 1, 1, 0),
(1, 707, 17.937, 55, 1, 1, 0),
(1, 708, 17.687, 55, 1, 1, 0),
(1, 701, 17.562, 56, 1, 1, 0),
(1, 702, 17.625, 56, 1, 1, 0),
(1, 702, 17.812, 56, 1, 1, 0),
(1, 705, 17.437, 56, 1, 1, 0),
(1, 706, 17.312, 56, 1, 1, 0),
(1, 705, 17.25, 55, 1, 1, 0),
(1, 703, 17.625, 57, 1, 1, 0),
(1, 705, 17.25, 57, 1, 1, 0),
(1, 706, 17.312, 57, 1, 1, 0),
(1, 706, 17.312, 57, 1, 1, 0),
(1, 712, 17.375, 57, 1, 1, 0),
(1, 706, 17.062, 58, 1, 1, 0),
(1, 710, 17.375, 57, 1, 1, 0),
(1, 709, 17.375, 57, 1, 1, 0),
(1, 706, 17.312, 58, 1, 1, 0),
(1, 702, 17.25, 57, 1, 1, 0),
(1, 702, 17.25, 58, 1, 1, 0),
(1, 702, 17.187, 58, 1, 1, 0),
(1, 702, 17.125, 59, 1, 1, 0),
(1, 703, 17.062, 58, 1, 1, 0),
(1, 705, 17, 59, 1, 1, 0),
(1, 707, 16.937, 59, 1, 1, 0),
(1, 707, 16.937, 58, 1, 1, 0),
(1, 706, 16.812, 59, 1, 1, 0),
(1, 706, 16.75, 59, 1, 1, 0),
(1, 705, 16.687, 59, 1, 1, 0),
(1, 706, 16.687, 57, 1, 1, 0),
(1, 706, 16.687, 58, 1, 1, 0),
(1, 708, 16.562, 58, 1, 1, 0),
(1, 709, 16.562, 58, 1, 1, 0),
(1, 701, 15.875, 59, 1, 1, 0),
(1, 702, 15.75, 59, 1, 1, 0),
(1, 705, 16.312, 58, 1, 1, 1),
(1, 706, 16.375, 58, 1, 1, 34),
(1, 703, 16.375, 59, 1, 1, 149),
(1, 703, 16.437, 59, 1, 1, 280),
(1, 702, 16.437, 59, 1, 1, 309),
(1, 707, 16.625, 58, 1, 1, 469),
(1, 706, 16.562, 58, 1, 1, 962),
(1, 706, 16.5, 58, 1, 1, 1304),
(1, 708, 17.062, 59, 1, 1, 682),
(1, 709, 17.562, 59, 1, 1, 1733),
(1, 708, 17.312, 59, 1, 1, 1202),
(1, 706, 17.5, 59, 1, 1, 3168),
(1, 705, 18, 59, 1, 1, 2659),
(1, 701, 18.312, 58, 1, 1, 3460),
(1, 702, 18.75, 58, 1, 1, 4826),
(1, 702, 19, 58, 1, 1, 4325),
(1, 705, 19.125, 57, 1, 1, 5639),
(1, 706, 19.187, 58, 1, 1, 4326),
(1, 704, 19.25, 59, 1, 1, 4452),
(1, 702, 19.062, 59, 1, 1, 2938),
(1, 707, 19.062, 58, 1, 1, 2690),
(1, 705, 19.062, 58, 1, 1, 3871),
(1, 705, 18.562, 58, 1, 1, 1878),
(1, 706, 18.125, 58, 1, 1, 2004),
(1, 707, 18.562, 58, 1, 1, 1416),
(1, 709, 18.562, 58, 1, 1, 2136),
(1, 709, 18, 58, 1, 1, 1312),
(1, 706, 17.5, 58, 1, 1, 2274),
(1, 702, 17.437, 58, 1, 1, 4212),
(1, 702, 18.375, 59, 1, 1, 3679),
(1, 704, 18.937, 59, 1, 1, 2235),
(1, 702, 18.375, 59, 1, 1, 3033),
(1, 702, 18.5, 58, 1, 1, 2021),
(1, 702, 18.187, 58, 1, 1, 2889),
(1, 702, 18.562, 58, 1, 1, 3692),
(1, 706, 19, 58, 1, 1, 1365),
(1, 709, 18.375, 58, 1, 1, 2480),
(1, 709, 18.312, 58, 1, 1, 3406),
(1, 709, 18.25, 58, 1, 1, 2498),
(1, 706, 18.75, 59, 1, 1, 1658),
(1, 706, 18.437, 59, 1, 1, 2700),
(1, 706, 18.25, 59, 1, 1, 1258),
(1, 701, 18.437, 59, 1, 1, 1562),
(1, 702, 18, 60, 1, 1, 1078),
(1, 704, 17.437, 61, 1, 1, 1178),
(1, 706, 17.437, 61, 1, 1, 1030),
(1, 705, 16.875, 61, 1, 1, 617),
(1, 703, 17.062, 60, 1, 1, 435),
(1, 702, 16.937, 60, 1, 1, 253),
(1, 702, 17.437, 60, 1, 1, 102),
(1, 706, 16.437, 60, 1, 1, 8),
(1, 706, 16.625, 60, 1, 1, 1),
(1, 707, 16.75, 61, 1, 1, 0),
(1, 709, 17.312, 61, 1, 1, 0),
(1, 709, 16.625, 61, 1, 1, 0),
(1, 706, 16.75, 62, 1, 1, 0),
(1, 706, 16.937, 61, 1, 1, 0),
(1, 702, 16.375, 62, 1, 1, 0),
(1, 702, 16.125, 62, 1, 1, 0),
(1, 702, 16.312, 62, 1, 1, 0),
(1, 703, 16, 63, 1, 1, 0),
(1, 705, 15.875, 63, 1, 1, 0),
(1, 702, 16.25, 63, 1, 1, 0),
(1, 702, 16.5, 63, 1, 1, 0),
(1, 709, 16.312, 63, 1, 1, 0),
(1, 709, 16.312, 63, 1, 1, 0),
(1, 708, 16.375, 62, 1, 1, 0),
(1, 706, 15.812, 63, 1, 1, 0),
(1, 706, 16.062, 63, 1, 1, 0),
(1, 706, 15.875, 63, 1, 1, 0),
(1, 705, 15.625, 63, 1, 1, 0),
(1, 706, 15.812, 62, 1, 1, 0),
(1, 703, 15.812, 63, 1, 1, 0),
(1, 705, 15.937, 63, 1, 1, 0),
(1, 705, 15.75, 63, 1, 1, 0),
(1, 703, 15.625, 63, 1, 1, 0),
(1, 702, 15.75, 63, 1, 1, 0),
(1, 702, 15.375, 63, 1, 1, 0),
(1, 703, 15.562, 64, 1, 1, 0),
(1, 706, 15.687, 64, 1, 1, 0),
(1, 706, 15.312, 64, 1, 1, 0),
(1, 709, 15.375, 64, 1, 1, 0),
(1, 709, 15.437, 64, 1, 1, 0),
(1, 707, 15.062, 64, 1, 1, 0),
(1, 706, 15.5, 65, 1, 1, 0),
(1, 706, 15.562, 65, 1, 1, 0),
(1, 705, 15.562, 64, 1, 1, 0),
(1, 701, 15.5, 64, 1, 1, 0),
(1, 703, 15.375, 64, 1, 1, 0),
(1, 705, 15.125, 65, 1, 1, 0),
(1, 705, 15.062, 64, 1, 1, 0),
(1, 705, 14.75, 64, 1, 1, 0),
(1, 703, 14.812, 64, 1, 1, 0),
(1, 702, 15.062, 65, 1, 1, 0),
(1, 704, 15.062, 66, 1, 1, 0),
(1, 706, 14.875, 67, 1, 1, 0),
(1, 705, 15, 66, 1, 1, 4),
(1, 706, 15.062, 66, 1, 1, 43),
(1, 706, 15.062, 66, 1, 1, 236),
(1, 705, 14.437, 66, 1, 1, 262),
(1, 706, 15.187, 66, 1, 1, 742),
(1, 709, 15.625, 66, 1, 1, 1112),
(1, 704, 15.812, 67, 1, 1, 695),
(1, 704, 16, 67, 1, 1, 1927),
(1, 702, 16.125, 67, 1, 1, 1331),
(1, 705, 16.687, 66, 1, 1, 1440),
(1, 703, 16.812, 66, 1, 1, 1578),
(1, 702, 17.437, 66, 1, 1, 2364),
(1, 702, 17.625, 65, 1, 1, 2955),
(1, 711, 17.75, 66, 1, 1, 2141),
(1, 709, 17.687, 66, 1, 1, 3187),
(1, 708, 17.937, 65, 1, 1, 3898),
(1, 706, 18.062, 65, 1, 1, 3307),
(1, 706, 17.5, 65, 1, 1, 3573),
(1, 706, 18.5, 65, 1, 1, 4860),
(1, 706, 18.062, 65, 1, 1, 5532),
(1, 704, 19.312, 65, 1, 1, 6234),
(1, 702, 18.562, 66, 1, 1, 6491),
(1, 705, 19.312, 66, 1, 1, 5482),
(1, 706, 20.437, 65, 1, 1, 3735),
(1, 705, 21.125, 66, 1, 1, 5467),
(1, 703, 21.25, 66, 1, 1, 4976),
(1, 702, 20.687, 66, 1, 1, 3541),
(1, 702, 20.312, 66, 1, 1, 2441),
(1, 707, 19.937, 66, 1, 1, 2752),
(1, 706, 19.687, 66, 1, 1, 2439),
(1, 710, 19.687, 66, 1, 1, 3649),
(1, 705, 20, 67, 1, 1, 2644),
(1, 706, 20.062, 67, 1, 1, 2231),
(1, 707, 19.937, 67, 1, 1, 1586),
(1, 709, 19.875, 68, 1, 1, 2004),
(1, 704, 19.875, 69, 1, 1, 1558),
(1, 703, 19.375, 70, 1, 1, 1235),
(1, 703, 19.437, 71, 1, 1, 3383),
(1, 702, 19.437, 72, 1, 1, 1512),
(1, 704, 19.375, 72, 1, 1, 1610),
(1, 703, 19.187, 73, 1, 1, 1433),
(1, 703, 19.062, 74, 1, 1, 858),
(1, 707, 19, 74, 1, 1, 1273),
(1, 710, 18.562, 75, 1, 1, 557),
(1, 707, 18.5, 75, 1, 1, 646),
(1, 705, 18.625, 75, 1, 1, 495),
(1, 706, 18.5, 75, 1, 1, 207),
(1, 706, 17.937, 76, 1, 1, 352),
(1, 705, 17.937, 75, 1, 1, 194),
(1, 706, 18.062, 76, 1, 1, 39),
(1, 705, 17.75, 75, 1, 1, 6),
(1, 706, 17.312, 76, 1, 1, 1),
(1, 705, 17.5, 76, 1, 1, 1),
(1, 703, 17.687, 76, 1, 1, 0),
(1, 703, 17.687, 75, 1, 1, 1),
(1, 703, 17.25, 76, 1, 1, 1),
(1, 702, 17.375, 75, 1, 1, 1),
(1, 702, 18.062, 74, 1, 1, 0),
(1, 708, 18.062, 74, 1, 1, 0),
(1, 709, 18, 74, 1, 1, 0),
(1, 709, 17.875, 74, 1, 1, 0),
(1, 706, 17.812, 73, 1, 1, 0),
(1, 706, 17.625, 73, 1, 1, 0),
(1, 709, 17.375, 73, 1, 1, 0),
(1, 707, 17.187, 75, 1, 1, 0),
(1, 702, 17.062, 74, 1, 1, 0),
(1, 702, 17, 74, 1, 1, 0),
(1, 702, 17.062, 74, 1, 1, 0),
(1, 702, 16.375, 74, 1, 1, 0),
(1, 703, 16.562, 74, 1, 1, 0),
(1, 705, 16.875, 74, 1, 1, 0),
(1, 705, 16.937, 73, 1, 1, 0),
(1, 710, 16.875, 73, 1, 1, 0),
(1, 706, 16.875, 73, 1, 1, 0),
(1, 705, 16.812, 73, 1, 1, 0),
(1, 706, 16.812, 74, 1, 1, 0),
(1, 706, 16.75, 74, 1, 1, 0),
(1, 706, 16.687, 73, 1, 1, 0),
(1, 708, 16.625, 73, 1, 1, 0),
(1, 709, 16.562, 73, 1, 1, 0),
(1, 705, 16.562, 73, 1, 1, 0),
(1, 703, 16.5, 72, 1, 1, 0),
(1, 702, 16.437, 72, 1, 1, 0),
(1, 703, 16.375, 72, 1, 1, 0),
(1, 703, 16.437, 72, 1, 1, 0),
(1, 702, 16.312, 73, 1, 1, 0),
(1, 703, 16.25, 74, 1, 1, 0),
(1, 711, 16.25, 73, 1, 1, 0),
(1, 709, 16.25, 71, 1, 1, 0),
(1, 706, 16.125, 70, 1, 1, 0),
(1, 707, 16, 69, 1, 1, 0),
(1, 706, 15.937, 68, 1, 1, 0),
(1, 706, 15.937, 67, 1, 1, 0),
(1, 706, 15.875, 68, 1, 1, 0),
(1, 706, 15.875, 69, 1, 1, 0),
(1, 703, 15.875, 71, 1, 1, 1),
(1, 702, 15.875, 72, 1, 1, 6),
(1, 703, 15.812, 73, 1, 1, 41),
(1, 707, 15.812, 70, 1, 1, 130),
(1, 706, 15.812, 68, 1, 1, 197),
(1, 705, 16.062, 66, 1, 1, 295),
(1, 702, 16.125, 64, 1, 1, 552),
(1, 707, 16.25, 63, 1, 1, 746),
(1, 706, 16.375, 63, 1, 1, 1146),
(1, 706, 16.562, 63, 1, 1, 1423),
(1, 706, 16.687, 63, 1, 1, 1283),
(1, 707, 16.75, 63, 1, 1, 1232),
(1, 709, 16.75, 64, 1, 1, 920),
(1, 709, 16.812, 65, 1, 1, 2084),
(1, 703, 16.937, 66, 1, 1, 2414),
(1, 702, 17.25, 66, 1, 1, 2112),
(1, 703, 17.25, 65, 1, 1, 2912),
(1, 703, 17.25, 64, 1, 1, 2356),
(1, 702, 17.25, 63, 1, 1, 1397),
(1, 703, 17.437, 61, 1, 1, 2717),
(1, 706, 17.5, 61, 1, 1, 1085),
(1, 709, 17.375, 60, 1, 1, 1032),
(1, 707, 17.25, 60, 1, 1, 1325),
(1, 706, 17.312, 61, 1, 1, 1630),
(1, 706, 17.062, 62, 1, 1, 1097),
(1, 707, 17.187, 63, 1, 1, 1659),
(1, 706, 17.375, 63, 1, 1, 2956),
(1, 706, 17.562, 63, 1, 1, 3308),
(1, 709, 18.062, 62, 1, 1, 4767),
(1, 707, 18.25, 62, 1, 1, 4746),
(1, 704, 18, 61, 1, 1, 1835),
(1, 703, 17.687, 60, 1, 1, 231),
(1, 703, 17.625, 60, 1, 1, 4233),
(1, 706, 17.75, 60, 1, 1, 1791),
(1, 702, 17.812, 60, 1, 1, 1483),
(1, 703, 17.75, 60, 1, 1, 1851),
(1, 703, 17.937, 60, 1, 1, 2084),
(1, 706, 17.812, 60, 1, 1, 2036),
(1, 706, 17.625, 61, 1, 1, 1200),
(1, 707, 17.375, 61, 1, 1, 276),
(1, 709, 17.125, 62, 1, 1, 943),
(1, 709, 17.187, 62, 1, 1, 973),
(1, 706, 17.125, 61, 1, 1, 892),
(1, 706, 17, 62, 1, 1, 425),
(1, 702, 16.812, 61, 1, 1, 631),
(1, 702, 16.812, 61, 1, 1, 359),
(1, 702, 16.687, 61, 1, 1, 308),
(1, 705, 16.562, 60, 1, 1, 373),
(1, 706, 16.562, 60, 1, 1, 255),
(1, 706, 16.5, 61, 1, 1, 65),
(1, 703, 16.312, 61, 1, 1, 19),
(1, 703, 16.312, 61, 1, 1, 2),
(1, 706, 16.25, 61, 1, 1, 1),
(1, 706, 16.125, 60, 1, 1, 1),
(1, 706, 16.125, 60, 1, 1, 1),
(1, 706, 16.062, 59, 1, 1, 1),
(1, 709, 16, 57, 1, 1, 1),
(1, 710, 15.937, 56, 1, 1, 1),
(1, 708, 15.875, 55, 1, 1, 1),
(1, 702, 15.875, 55, 1, 1, 1),
(1, 703, 15.75, 55, 1, 1, 1),
(1, 703, 15.75, 54, 1, 1, 1),
(1, 702, 15.687, 54, 1, 1, 1),
(1, 703, 15.562, 54, 1, 1, 1),
(1, 704, 15.562, 53, 1, 1, 1),
(1, 702, 15.562, 53, 1, 1, 0),
(1, 708, 15.437, 53, 1, 1, 1),
(1, 707, 15.437, 53, 1, 1, 1),
(1, 709, 15.5, 53, 1, 1, 1),
(1, 708, 15.312, 52, 1, 1, 1),
(1, 706, 15.312, 51, 1, 1, 0),
(1, 706, 15.187, 50, 1, 1, 0),
(1, 706, 15.25, 50, 1, 1, 0),
(1, 706, 15.25, 48, 1, 1, 0),
(1, 703, 15.062, 47, 1, 1, 0),
(1, 703, 15.062, 46, 1, 1, 0),
(1, 703, 15, 46, 1, 1, 0),
(1, 707, 15, 46, 1, 1, 0),
(1, 705, 14.937, 46, 1, 1, 0),
(1, 702, 14.875, 45, 1, 1, 0),
(1, 702, 14.875, 45, 1, 1, 0),
(1, 707, 14.875, 45, 1, 1, 0),
(1, 706, 14.875, 45, 1, 1, 0),
(1, 706, 14.875, 44, 1, 1, 0),
(1, 707, 14.75, 44, 1, 1, 0),
(1, 709, 14.687, 43, 1, 1, 0),
(1, 709, 14.75, 42, 1, 1, 0),
(1, 707, 14.687, 43, 1, 1, 0),
(1, 706, 14.687, 42, 1, 1, 0),
(1, 702, 14.625, 43, 1, 1, 0),
(1, 703, 14.625, 42, 1, 1, 0),
(1, 702, 14.562, 42, 1, 1, 0),
(1, 703, 14.562, 41, 1, 1, 0),
(1, 706, 14.5, 41, 1, 1, 0),
(1, 706, 14.5, 41, 1, 1, 0),
(1, 704, 14.5, 41, 1, 1, 0),
(1, 708, 14.437, 40, 1, 1, 1),
(1, 710, 14.437, 40, 1, 1, 12),
(1, 708, 14.375, 40, 1, 1, 68),
(1, 706, 14.437, 41, 1, 1, 166),
(1, 706, 14.437, 43, 1, 1, 290),
(1, 706, 14.562, 42, 1, 1, 479),
(1, 706, 14.625, 43, 1, 1, 728),
(1, 702, 14.75, 43, 1, 1, 877),
(1, 704, 14.812, 44, 1, 1, 1187),
(1, 706, 14.812, 45, 1, 1, 1367),
(1, 705, 15.25, 45, 1, 1, 1759),
(1, 703, 15.562, 45, 1, 1, 2037),
(1, 703, 15.562, 44, 1, 1, 2295),
(1, 703, 15.75, 45, 1, 1, 2154),
(1, 702, 15.687, 46, 1, 1, 1581),
(1, 707, 15.75, 47, 1, 1, 930),
(1, 707, 15.75, 47, 1, 1, 1087),
(1, 709, 15.937, 47, 1, 1, 1567),
(1, 709, 15.875, 48, 1, 1, 802),
(1, 707, 15.75, 48, 1, 1, 885),
(1, 706, 15.875, 49, 1, 1, 3583),
(1, 706, 16.25, 49, 1, 1, 2300),
(1, 702, 16.5, 50, 1, 1, 3788),
(1, 702, 16.375, 49, 1, 1, 2390),
(1, 703, 16.062, 50, 1, 1, 988),
(1, 705, 16.312, 50, 1, 1, 1833),
(1, 706, 16.25, 51, 1, 1, 3893),
(1, 705, 16.562, 51, 1, 1, 2776),
(1, 703, 16.375, 51, 1, 1, 8318),
(1, 703, 16.937, 51, 1, 1, 3189),
(1, 707, 16.5, 52, 1, 1, 2583),
(1, 706, 16.937, 52, 1, 1, 5299),
(1, 706, 17.062, 52, 1, 1, 2934),
(1, 706, 16.75, 51, 1, 1, 1552),
(1, 706, 17.125, 50, 1, 1, 5528),
(1, 706, 18.25, 51, 1, 1, 5910),
(1, 708, 17.375, 51, 1, 1, 2581),
(1, 705, 17.125, 51, 1, 1, 2677),
(1, 706, 17.125, 51, 1, 1, 1269),
(1, 702, 17.125, 51, 1, 1, 2545),
(1, 705, 17.562, 51, 1, 1, 1857),
(1, 702, 17.312, 51, 1, 1, 1197),
(1, 703, 17.187, 51, 1, 1, 1466),
(1, 703, 16.875, 51, 1, 1, 876),
(1, 704, 16.625, 51, 1, 1, 1621),
(1, 709, 16.937, 50, 1, 1, 590),
(1, 709, 16.937, 51, 1, 1, 638),
(1, 707, 16.875, 51, 1, 1, 501),
(1, 706, 16.875, 52, 1, 1, 583),
(1, 706, 16.875, 52, 1, 1, 154),
(1, 706, 16.75, 52, 1, 1, 89),
(1, 707, 16.437, 51, 1, 1, 4),
(1, 702, 16.375, 51, 1, 1, 1),
(1, 706, 16.062, 52, 1, 1, 0),
(1, 706, 16, 53, 1, 1, 0),
(1, 704, 15.937, 53, 1, 1, 0),
(1, 704, 16, 53, 1, 1, 0),
(1, 703, 15.937, 55, 1, 1, 0),
(1, 703, 15.562, 56, 1, 1, 0),
(1, 703, 15.5, 57, 1, 1, 0),
(1, 707, 15.75, 56, 1, 1, 0),
(1, 709, 15.562, 56, 1, 1, 0),
(1, 709, 15.625, 56, 1, 1, 0),
(1, 708, 15.5, 55, 1, 1, 0),
(1, 706, 15.437, 55, 1, 1, 0),
(1, 706, 15.375, 55, 1, 1, 0),
(1, 710, 15.312, 56, 1, 1, 0),
(1, 703, 15.312, 56, 1, 1, 0),
(1, 703, 15.187, 57, 1, 1, 0),
(1, 704, 15.062, 56, 1, 1, 0),
(1, 703, 15.062, 55, 1, 1, 0),
(1, 702, 15.062, 55, 1, 1, 0),
(1, 706, 15.062, 40, 1, 1, 0),
(1, 706, 15.125, 40, 1, 1, 0),
(1, 708, 15.125, 40, 1, 1, 0),
(1, 709, 15.062, 40, 1, 1, 0),
(1, 704, 15.062, 40, 1, 1, 0),
(1, 702, 15.062, 40, 1, 1, 0),
(1, 702, 15.062, 39, 1, 1, 0),
(1, 702, 15, 39, 1, 1, 0),
(1, 702, 14.937, 40, 1, 1, 0),
(1, 703, 14.937, 40, 1, 1, 0),
(1, 706, 14.937, 39, 1, 1, 0),
(1, 710, 14.875, 40, 1, 1, 0),
(1, 706, 14.812, 40, 1, 1, 0),
(1, 706, 14.812, 40, 1, 1, 0),
(1, 706, 14.75, 39, 1, 1, 0),
(1, 706, 14.75, 40, 1, 1, 0),
(1, 706, 14.75, 40, 1, 1, 0),
(1, 707, 14.75, 40, 1, 1, 0),
(1, 709, 14.687, 39, 1, 1, 0),
(1, 706, 14.625, 40, 1, 1, 0),
(1, 702, 14.625, 40, 1, 1, 0),
(1, 702, 14.625, 40, 1, 1, 0),
(1, 702, 14.625, 40, 1, 1, 0),
(1, 702, 14.562, 40, 1, 1, 0),
(1, 702, 14.562, 40, 1, 1, 1),
(1, 702, 14.562, 40, 1, 1, 19),
(1, 707, 14.437, 39, 1, 1, 80),
(1, 706, 14.5, 38, 1, 1, 207),
(1, 709, 14.562, 39, 1, 1, 372),
(1, 709, 14.625, 39, 1, 1, 568),
(1, 707, 14.75, 38, 1, 1, 667),
(1, 706, 14.625, 38, 1, 1, 897),
(1, 706, 15, 39, 1, 1, 1270),
(1, 705, 15.125, 39, 1, 1, 1381),
(1, 704, 15.312, 39, 1, 1, 1304),
(1, 703, 15.75, 39, 1, 1, 1926),
(1, 706, 15.812, 39, 1, 1, 1652),
(1, 705, 16, 39, 1, 1, 2349),
(1, 703, 16.687, 39, 1, 1, 2813),
(1, 703, 17.437, 38, 1, 1, 4570),
(1, 702, 18.25, 39, 1, 1, 3231),
(1, 707, 17.937, 39, 1, 1, 2595),
(1, 706, 17.937, 39, 1, 1, 3044),
(1, 709, 18.187, 38, 1, 1, 4104),
(1, 709, 19.437, 39, 1, 1, 3462),
(1, 708, 19.75, 39, 1, 1, 5277),
(1, 706, 20.125, 39, 1, 1, 5025),
(1, 705, 20.312, 39, 1, 1, 4587),
(1, 706, 21.187, 39, 1, 1, 5951),
(1, 701, 21.25, 39, 1, 1, 5155),
(1, 703, 20.875, 38, 1, 1, 4539),
(1, 705, 20.687, 38, 1, 1, 3909),
(1, 706, 21.25, 39, 1, 1, 8250),
(1, 702, 21.75, 39, 1, 1, 4748),
(1, 702, 21.375, 39, 1, 1, 4903),
(1, 702, 21.5, 38, 1, 1, 3620),
(1, 707, 19.625, 39, 1, 1, 4197),
(1, 706, 19.562, 39, 1, 1, 4390),
(1, 706, 19.312, 39, 1, 1, 2053),
(1, 705, 19.437, 39, 1, 1, 3885),
(1, 706, 21.125, 39, 1, 1, 13387),
(1, 708, 21.5, 39, 1, 1, 8890),
(1, 709, 21.062, 40, 1, 1, 3302),
(1, 709, 21.375, 40, 1, 1, 4044),
(1, 702, 20.875, 40, 1, 1, 1943),
(1, 702, 20.687, 40, 1, 1, 2058),
(1, 702, 21, 40, 1, 1, 2979),
(1, 702, 21.062, 40, 1, 1, 1548),
(1, 703, 20.187, 40, 1, 1, 461),
(1, 705, 18.125, 40, 1, 1, 681),
(1, 705, 19.5, 40, 1, 1, 381),
(1, 708, 19.437, 41, 1, 1, 588),
(1, 706, 19.312, 40, 1, 1, 464),
(1, 706, 19.125, 40, 1, 1, 155),
(1, 705, 18.812, 40, 1, 1, 33),
(1, 706, 18.687, 41, 1, 1, 3),
(1, 708, 18.625, 41, 1, 1, 0),
(1, 710, 18.5, 41, 1, 1, 0),
(1, 708, 18.375, 41, 1, 1, 0),
(1, 703, 18, 41, 1, 1, 0),
(1, 702, 18.125, 40, 1, 1, 0),
(1, 702, 18, 40, 1, 1, 0),
(1, 702, 17.875, 40, 1, 1, 0),
(1, 703, 17.875, 41, 1, 1, 0),
(1, 705, 17.875, 41, 1, 1, 0),
(1, 705, 17.687, 41, 1, 1, 0),
(1, 704, 17.562, 41, 1, 1, 0),
(1, 706, 16.812, 41, 1, 1, 0),
(1, 709, 16.937, 40, 1, 1, 0),
(1, 707, 17.125, 41, 1, 1, 0),
(1, 705, 16.625, 41, 1, 1, 0),
(1, 706, 16.5, 41, 1, 1, 0),
(1, 707, 16.937, 41, 1, 1, 0),
(1, 706, 16.687, 40, 1, 1, 0),
(1, 702, 16.812, 41, 1, 1, 0),
(1, 705, 16.937, 41, 1, 1, 0),
(1, 706, 16.562, 41, 1, 1, 0),
(1, 704, 16.375, 41, 1, 1, 0),
(1, 702, 16.437, 41, 1, 1, 0),
(1, 702, 16.562, 41, 1, 1, 0),
(1, 703, 16.625, 40, 1, 1, 0),
(1, 707, 16.687, 41, 1, 1, 0),
(1, 706, 16.562, 41, 1, 1, 0),
(1, 709, 16.437, 41, 1, 1, 0),
(1, 709, 16.437, 41, 1, 1, 0),
(1, 706, 16.375, 40, 1, 1, 0),
(1, 706, 16.312, 41, 1, 1, 0),
(1, 706, 16.25, 41, 1, 1, 0),
(1, 705, 16.125, 41, 1, 1, 0),
(1, 701, 15.75, 42, 1, 1, 0),
(1, 704, 15.937, 42, 1, 1, 0),
(1, 705, 15.937, 42, 1, 1, 0),
(1, 705, 15.875, 42, 1, 1, 0),
(1, 702, 15.75, 42, 1, 1, 0),
(1, 702, 15.75, 42, 1, 1, 0),
(1, 702, 15.75, 42, 1, 1, 0),
(1, 704, 15.625, 41, 1, 1, 0),
(1, 706, 15.562, 41, 1, 1, 0),
(1, 709, 15.562, 42, 1, 1, 0),
(1, 709, 15.5, 42, 1, 1, 0),
(1, 706, 15.437, 43, 1, 1, 1),
(1, 710, 15.5, 43, 1, 1, 2),
(1, 709, 15.125, 44, 1, 1, 10),
(1, 706, 15.125, 43, 1, 1, 36),
(1, 702, 14.687, 44, 1, 1, 64),
(1, 703, 15, 43, 1, 1, 116),
(1, 702, 14.875, 43, 1, 1, 194),
(1, 702, 14.937, 43, 1, 1, 257),
(1, 704, 14.812, 43, 1, 1, 308),
(1, 705, 14.875, 44, 1, 1, 509),
(1, 704, 14.937, 43, 1, 1, 628),
(1, 707, 14.875, 43, 1, 1, 1120),
(1, 706, 14.875, 43, 1, 1, 1268),
(1, 705, 15.062, 43, 1, 1, 1258),
(1, 705, 15.062, 44, 1, 1, 1019),
(1, 706, 15.312, 43, 1, 1, 2743);
INSERT INTO `Mediciones` (`id_Planta`, `humedad`, `temperatura`, `polucion`, `nivelbajo`, `nivelalto`, `luz`) VALUES
(1, 709, 15.687, 43, 1, 1, 2952),
(1, 709, 16.437, 43, 1, 1, 6356),
(1, 707, 16.125, 43, 1, 1, 4567),
(1, 701, 15.875, 43, 1, 1, 3356),
(1, 702, 15.875, 43, 1, 1, 2676),
(1, 705, 16, 43, 1, 1, 2716),
(1, 703, 15.625, 43, 1, 1, 2865),
(1, 702, 15.75, 43, 1, 1, 2494),
(1, 705, 16.125, 43, 1, 1, 2596),
(1, 705, 16.187, 44, 1, 1, 2457),
(1, 703, 16.562, 45, 1, 1, 2743),
(1, 706, 16.625, 44, 1, 1, 3533),
(1, 705, 16.812, 43, 1, 1, 3997),
(1, 706, 16.937, 43, 1, 1, 3806),
(1, 706, 17.25, 44, 1, 1, 3962),
(1, 709, 17.75, 43, 1, 1, 3368),
(1, 706, 17.5, 43, 1, 1, 4047),
(1, 706, 17.5, 43, 1, 1, 3988),
(1, 705, 17.562, 44, 1, 1, 2113),
(1, 705, 17.375, 43, 1, 1, 1805),
(1, 704, 17.312, 44, 1, 1, 1702),
(1, 702, 16.937, 44, 1, 1, 2851),
(1, 702, 17.625, 45, 1, 1, 2824),
(1, 702, 18, 44, 1, 1, 3400),
(1, 702, 18.125, 44, 1, 1, 1441),
(1, 707, 18, 44, 1, 1, 2696),
(1, 709, 18.312, 44, 1, 1, 2161),
(1, 709, 18.25, 44, 1, 1, 1487),
(1, 706, 18.125, 44, 1, 1, 1144),
(1, 706, 18.062, 44, 1, 1, 1093),
(1, 705, 17.812, 44, 1, 1, 840),
(1, 706, 17.625, 43, 1, 1, 493),
(1, 706, 17.312, 43, 1, 1, 250),
(1, 703, 16.75, 43, 1, 1, 133),
(1, 705, 16.937, 43, 1, 1, 16),
(1, 705, 16.562, 44, 1, 1, 1),
(1, 702, 16.062, 43, 1, 1, 0),
(1, 702, 16, 43, 1, 1, 0),
(1, 702, 15.562, 43, 1, 1, 0),
(1, 701, 15.187, 43, 1, 1, 0),
(1, 703, 15.187, 43, 1, 1, 0),
(1, 710, 15.875, 44, 1, 1, 0),
(1, 710, 15.937, 44, 1, 1, 0),
(1, 706, 15.562, 44, 1, 1, 0),
(1, 706, 15.312, 44, 1, 1, 0),
(1, 707, 14.812, 44, 1, 1, 0),
(1, 705, 14.937, 45, 1, 1, 0),
(1, 706, 15.125, 46, 1, 1, 0),
(1, 703, 15.187, 45, 1, 1, 0),
(1, 701, 14.75, 45, 1, 1, 0),
(1, 702, 14.937, 45, 1, 1, 0),
(1, 704, 14.562, 45, 1, 1, 0),
(1, 705, 14.437, 45, 1, 1, 0),
(1, 704, 15.125, 46, 1, 1, 0),
(1, 703, 15.25, 46, 1, 1, 0),
(1, 707, 14.937, 46, 1, 1, 0),
(1, 705, 15.187, 45, 1, 1, 0),
(1, 706, 15.125, 46, 1, 1, 0),
(1, 706, 15.062, 46, 1, 1, 0),
(1, 709, 14.937, 46, 1, 1, 0),
(1, 710, 14.875, 46, 1, 1, 0),
(1, 707, 14.875, 46, 1, 1, 0),
(1, 705, 14.875, 45, 1, 1, 0),
(1, 701, 14.562, 45, 1, 1, 0),
(1, 702, 14.562, 44, 1, 1, 0),
(1, 702, 14.625, 45, 1, 1, 0),
(1, 702, 14.5, 45, 1, 1, 0),
(1, 707, 14.437, 45, 1, 1, 0),
(1, 705, 14.437, 44, 1, 1, 0),
(1, 702, 14.312, 45, 1, 1, 0),
(1, 702, 14.25, 46, 1, 1, 0),
(1, 706, 14.312, 46, 1, 1, 0),
(1, 706, 14.187, 46, 1, 1, 0),
(1, 706, 14.125, 45, 1, 1, 0),
(1, 708, 14.125, 45, 1, 1, 0),
(1, 709, 14, 45, 1, 1, 0),
(1, 708, 14.062, 45, 1, 1, 0),
(1, 706, 13.937, 45, 1, 1, 0),
(1, 702, 13.875, 46, 1, 1, 0),
(1, 702, 13.937, 45, 1, 1, 0),
(1, 702, 13.875, 46, 1, 1, 3),
(1, 702, 14, 46, 1, 1, 27),
(1, 701, 14, 46, 1, 1, 129),
(1, 702, 13.937, 46, 1, 1, 250),
(1, 703, 14.125, 47, 1, 1, 418),
(1, 710, 14.437, 47, 1, 1, 605),
(1, 709, 14.437, 47, 1, 1, 712),
(1, 706, 14.562, 47, 1, 1, 914),
(1, 706, 14.812, 47, 1, 1, 1702),
(1, 706, 15.125, 47, 1, 1, 1955),
(1, 706, 15.625, 47, 1, 1, 1838),
(1, 705, 15.5, 47, 1, 1, 2145),
(1, 707, 15.562, 46, 1, 1, 2025),
(1, 705, 15.937, 46, 1, 1, 1834),
(1, 705, 16.25, 47, 1, 1, 3425),
(1, 702, 16.25, 47, 1, 1, 3466),
(1, 703, 16.437, 46, 1, 1, 4448),
(1, 702, 16.937, 47, 1, 1, 4029),
(1, 702, 17.625, 47, 1, 1, 6557),
(1, 702, 17.562, 47, 1, 1, 6542),
(1, 706, 17.812, 47, 1, 1, 5308),
(1, 709, 18.625, 48, 1, 1, 5304),
(1, 706, 18.687, 46, 1, 1, 5699),
(1, 706, 19.562, 47, 1, 1, 4706),
(1, 706, 19.937, 47, 1, 1, 5502),
(1, 705, 20.437, 46, 1, 1, 6786),
(1, 705, 21, 46, 1, 1, 4750),
(1, 706, 21.375, 46, 1, 1, 4612),
(1, 704, 21.75, 46, 1, 1, 4886),
(1, 705, 22.25, 47, 1, 1, 5722),
(1, 704, 22.25, 47, 1, 1, 5795),
(1, 702, 22.75, 46, 1, 1, 8472),
(1, 702, 22.75, 46, 1, 1, 42661),
(1, 704, 24.562, 46, 1, 1, 6089),
(1, 702, 22.687, 47, 1, 1, 4857),
(1, 707, 21.687, 47, 1, 1, 5287),
(1, 706, 22.062, 47, 1, 1, 9203),
(1, 706, 22.437, 47, 1, 1, 25978),
(1, 707, 22.312, 47, 1, 1, 4312),
(1, 709, 21.812, 47, 1, 1, 4229),
(1, 709, 21.75, 47, 1, 1, 3496),
(1, 706, 21.437, 48, 1, 1, 2469),
(1, 706, 21.187, 48, 1, 1, 1550),
(1, 701, 20.687, 48, 1, 1, 1378),
(1, 701, 20.375, 47, 1, 1, 1051),
(1, 702, 20.375, 48, 1, 1, 751),
(1, 705, 20.125, 48, 1, 1, 770),
(1, 705, 19.875, 48, 1, 1, 419),
(1, 705, 19.687, 47, 1, 1, 135),
(1, 703, 19.25, 48, 1, 1, 96),
(1, 703, 18.875, 47, 1, 1, 17),
(1, 705, 19.062, 47, 1, 1, 1),
(1, 706, 18.375, 46, 1, 1, 0),
(1, 706, 18.062, 46, 1, 1, 0),
(1, 708, 18, 47, 1, 1, 0),
(1, 709, 18.312, 47, 1, 1, 0),
(1, 706, 17.937, 47, 1, 1, 0),
(1, 705, 18.062, 47, 1, 1, 0),
(1, 702, 17.937, 47, 1, 1, 0),
(1, 702, 17.75, 48, 1, 1, 0),
(1, 703, 17.562, 47, 1, 1, 0),
(1, 703, 17.562, 48, 1, 1, 0),
(1, 705, 17.5, 48, 1, 1, 0),
(1, 705, 16.812, 48, 1, 1, 0),
(1, 702, 17.187, 48, 1, 1, 0),
(1, 711, 17.312, 48, 1, 1, 0),
(1, 708, 17.5, 49, 1, 1, 0),
(1, 706, 17.5, 49, 1, 1, 0),
(1, 706, 17.562, 48, 1, 1, 0),
(1, 706, 17.5, 48, 1, 1, 0),
(1, 706, 17.625, 48, 1, 1, 0),
(1, 706, 17.5, 48, 1, 1, 0),
(1, 708, 17.312, 48, 1, 1, 0),
(1, 706, 16.75, 48, 1, 1, 0),
(1, 703, 16.437, 48, 1, 1, 0),
(1, 712, 16.5, 48, 1, 1, 0),
(1, 702, 16.5, 48, 1, 1, 0),
(1, 701, 16.687, 48, 1, 1, 0),
(1, 702, 16.687, 48, 1, 1, 0),
(1, 703, 16.25, 49, 1, 1, 0),
(1, 705, 16.5, 49, 1, 1, 0),
(1, 709, 16.5, 49, 1, 1, 0),
(1, 706, 15.687, 49, 1, 1, 0),
(1, 706, 15.687, 49, 1, 1, 0),
(1, 706, 15.562, 49, 1, 1, 0),
(1, 705, 15.812, 49, 1, 1, 0),
(1, 706, 15.687, 49, 1, 1, 0),
(1, 708, 15.375, 48, 1, 1, 0),
(1, 704, 15.5, 49, 1, 1, 0),
(1, 705, 15.437, 49, 1, 1, 0),
(1, 703, 15.625, 49, 1, 1, 0),
(1, 702, 16.062, 49, 1, 1, 0),
(1, 702, 15.125, 48, 1, 1, 0),
(1, 702, 15.125, 48, 1, 1, 0),
(1, 702, 15.812, 48, 1, 1, 0),
(1, 705, 15.5, 48, 1, 1, 0),
(1, 709, 15.375, 48, 1, 1, 4),
(1, 706, 15.25, 48, 1, 1, 44),
(1, 709, 15, 48, 1, 1, 123),
(1, 709, 15.062, 48, 1, 1, 208),
(1, 706, 15, 48, 1, 1, 314),
(1, 705, 16.062, 49, 1, 1, 312),
(1, 706, 16.312, 49, 1, 1, 795),
(1, 701, 16.5, 49, 1, 1, 946),
(1, 702, 16.812, 49, 1, 1, 594),
(1, 704, 16.812, 49, 1, 1, 614),
(1, 704, 16.875, 49, 1, 1, 1510),
(1, 705, 17.562, 48, 1, 1, 1836),
(1, 702, 18.125, 48, 1, 1, 2437),
(1, 702, 17.312, 48, 1, 1, 2375),
(1, 702, 18.375, 48, 1, 1, 1056),
(1, 705, 18.312, 48, 1, 1, 2448),
(1, 706, 18.937, 46, 1, 1, 2620),
(1, 709, 18.437, 47, 1, 1, 2715),
(1, 708, 18.062, 47, 1, 1, 2969),
(1, 707, 19.25, 47, 1, 1, 3265),
(1, 706, 19.187, 47, 1, 1, 4839),
(1, 706, 20.375, 47, 1, 1, 4152),
(1, 701, 20.875, 47, 1, 1, 5313),
(1, 702, 21.625, 47, 1, 1, 4868),
(1, 703, 22, 47, 1, 1, 4083),
(1, 705, 22.437, 47, 1, 1, 5883),
(1, 705, 22.375, 46, 1, 1, 2967),
(1, 702, 22.812, 46, 1, 1, 2891),
(1, 702, 22.062, 46, 1, 1, 4601),
(1, 702, 22.375, 46, 1, 1, 5782),
(1, 706, 23.375, 46, 1, 1, 7468),
(1, 706, 23.875, 46, 1, 1, 14349),
(1, 708, 24.687, 47, 1, 1, 16535),
(1, 709, 26, 46, 1, 1, 5652),
(1, 705, 24.875, 45, 1, 1, 5851),
(1, 708, 23.5, 45, 1, 1, 9644),
(1, 709, 23.5, 46, 1, 1, 2798),
(1, 703, 22.75, 45, 1, 1, 6476),
(1, 702, 22.625, 45, 1, 1, 4341),
(1, 702, 22.625, 44, 1, 1, 751),
(1, 702, 22.062, 45, 1, 1, 469),
(1, 702, 21.75, 45, 1, 1, 1578),
(1, 702, 21.812, 45, 1, 1, 449),
(1, 705, 21.375, 45, 1, 1, 531),
(1, 705, 21.375, 45, 1, 1, 672),
(1, 706, 21.25, 46, 1, 1, 484),
(1, 706, 21, 45, 1, 1, 338),
(1, 705, 20.875, 45, 1, 1, 198),
(1, 705, 20.437, 45, 1, 1, 119),
(1, 706, 19.75, 46, 1, 1, 52),
(1, 708, 19.375, 45, 1, 1, 9),
(1, 709, 19.312, 45, 1, 1, 0),
(1, 704, 19.312, 45, 1, 1, 0),
(1, 702, 19, 45, 1, 1, 0),
(1, 707, 18.875, 45, 1, 1, 0),
(1, 703, 18.937, 45, 1, 1, 0),
(1, 702, 19.25, 45, 1, 1, 0),
(1, 702, 19.125, 46, 1, 1, 0),
(1, 705, 18.437, 46, 1, 1, 0),
(1, 706, 18.687, 45, 1, 1, 0),
(1, 708, 18.187, 45, 1, 1, 0),
(1, 705, 18.562, 45, 1, 1, 0),
(1, 706, 17.687, 45, 1, 1, 0),
(1, 705, 18.062, 44, 1, 1, 0),
(1, 708, 18.062, 44, 1, 1, 0),
(1, 708, 17.937, 44, 1, 1, 0),
(1, 705, 17.75, 44, 1, 1, 0),
(1, 701, 17.687, 44, 1, 1, 0),
(1, 715, 17.625, 44, 1, 1, 0),
(1, 715, 17.437, 45, 1, 1, 0),
(1, 711, 17.312, 45, 1, 1, 0),
(1, 712, 17.25, 45, 1, 1, 0),
(1, 714, 17.062, 44, 1, 1, 0),
(1, 712, 16.937, 45, 1, 1, 0),
(1, 707, 16.937, 46, 1, 1, 0),
(1, 706, 16.812, 47, 1, 1, 0),
(1, 706, 16.75, 46, 1, 1, 0),
(1, 707, 16.75, 46, 1, 1, 0),
(1, 708, 16.625, 46, 1, 1, 0),
(1, 710, 16.562, 46, 1, 1, 0),
(1, 710, 16.562, 46, 1, 1, 0),
(1, 714, 16.437, 46, 1, 1, 0),
(1, 712, 16.375, 46, 1, 1, 0),
(1, 711, 16.375, 45, 1, 1, 0),
(1, 712, 16.375, 46, 1, 1, 0),
(1, 711, 16.437, 46, 1, 1, 0),
(1, 712, 16.375, 47, 1, 1, 0),
(1, 715, 16.25, 46, 1, 1, 0),
(1, 715, 16.125, 46, 1, 1, 0),
(1, 708, 16.062, 46, 1, 1, 0),
(1, 707, 16, 46, 1, 1, 0),
(1, 707, 15.937, 46, 1, 1, 0),
(1, 706, 15.812, 46, 1, 1, 0),
(1, 707, 15.75, 46, 1, 1, 0),
(1, 707, 15.75, 46, 1, 1, 0),
(1, 708, 15.75, 46, 1, 1, 0),
(1, 716, 15.625, 46, 1, 1, 5),
(1, 715, 15.687, 47, 1, 1, 67),
(1, 711, 15.687, 47, 1, 1, 88),
(1, 711, 15.75, 46, 1, 1, 167),
(1, 712, 16.187, 46, 1, 1, 380),
(1, 711, 16.25, 46, 1, 1, 756),
(1, 711, 16.625, 46, 1, 1, 865),
(1, 712, 17.062, 46, 1, 1, 1577),
(1, 706, 17.312, 46, 1, 1, 1140),
(1, 706, 17.437, 46, 1, 1, 1196),
(1, 707, 17.5, 46, 1, 1, 1015),
(1, 709, 17.5, 46, 1, 1, 1540),
(1, 710, 17.562, 47, 1, 1, 1308),
(1, 710, 17.5, 47, 1, 1, 1233),
(1, 707, 17.5, 47, 1, 1, 1589),
(1, 712, 18.25, 47, 1, 1, 5133),
(1, 712, 19.125, 46, 1, 1, 4641),
(1, 711, 19.437, 46, 1, 1, 1951),
(1, 716, 19.062, 47, 1, 1, 3244),
(1, 713, 19.625, 47, 1, 1, 3878),
(1, 715, 19.812, 46, 1, 1, 2854),
(1, 715, 19.812, 47, 1, 1, 4557),
(1, 707, 19.625, 47, 1, 1, 3809),
(1, 707, 19.625, 47, 1, 1, 5185),
(1, 706, 20.25, 47, 1, 1, 4262),
(1, 707, 20.437, 46, 1, 1, 6614),
(1, 707, 21.687, 46, 1, 1, 8581),
(1, 708, 22.562, 46, 1, 1, 8400),
(1, 710, 22.187, 46, 1, 1, 5689),
(1, 710, 22, 46, 1, 1, 6139),
(1, 713, 22.625, 46, 1, 1, 9990),
(1, 711, 23.812, 45, 1, 1, 34240),
(1, 711, 24.875, 46, 1, 1, 8745),
(1, 712, 24.812, 46, 1, 1, 1488),
(1, 712, 23.875, 47, 1, 1, 5734),
(1, 712, 23.687, 46, 1, 1, 7641),
(1, 716, 23.125, 46, 1, 1, 7914),
(1, 710, 23.375, 46, 1, 1, 7181),
(1, 709, 22.812, 46, 1, 1, 3496),
(1, 708, 23.312, 47, 1, 1, 911),
(1, 707, 22.812, 47, 1, 1, 2492),
(1, 709, 23.062, 46, 1, 1, 1289),
(1, 707, 22.437, 46, 1, 1, 714),
(1, 707, 22, 46, 1, 1, 508),
(1, 712, 21.687, 47, 1, 1, 341),
(1, 711, 21.375, 47, 1, 1, 300),
(1, 711, 21.062, 47, 1, 1, 292),
(1, 713, 20.812, 47, 1, 1, 269),
(1, 715, 20.562, 46, 1, 1, 125),
(1, 715, 20.375, 47, 1, 1, 60),
(1, 711, 20.312, 47, 1, 1, 5),
(1, 712, 20.25, 48, 1, 1, 0),
(1, 706, 20.125, 46, 1, 1, 0),
(1, 706, 19.875, 46, 1, 1, 0),
(1, 707, 19.875, 47, 1, 1, 0),
(1, 708, 19.812, 47, 1, 1, 0),
(1, 710, 19.687, 47, 1, 1, 0),
(1, 710, 19.625, 47, 1, 1, 0),
(1, 708, 19.562, 46, 1, 1, 0),
(1, 712, 19.187, 46, 1, 1, 0),
(1, 711, 19, 46, 1, 1, 0),
(1, 715, 18.687, 47, 1, 1, 0),
(1, 711, 18.437, 46, 1, 1, 0),
(1, 712, 18.125, 46, 1, 1, 0),
(1, 716, 18.625, 45, 1, 1, 0),
(1, 715, 18.687, 46, 1, 1, 0),
(1, 713, 18.75, 47, 1, 1, 0),
(1, 706, 18.687, 47, 1, 1, 0),
(1, 707, 18.625, 46, 1, 1, 0),
(1, 706, 18.687, 46, 1, 1, 0),
(1, 707, 18.625, 46, 1, 1, 0),
(1, 707, 18.562, 47, 1, 1, 0),
(1, 710, 18.437, 47, 1, 1, 0),
(1, 706, 18.5, 47, 1, 1, 0),
(1, 713, 18.437, 47, 1, 1, 0),
(1, 713, 18.312, 47, 1, 1, 0),
(1, 715, 18.312, 47, 1, 1, 0),
(1, 715, 18.187, 47, 1, 1, 0),
(1, 712, 18.125, 48, 1, 1, 0),
(1, 712, 18.125, 47, 1, 1, 0),
(1, 712, 18, 47, 1, 1, 0),
(1, 711, 17.937, 47, 1, 1, 0),
(1, 707, 17.875, 46, 1, 1, 0),
(1, 708, 17.75, 47, 1, 1, 0),
(1, 710, 17.687, 47, 1, 1, 0),
(1, 710, 17.687, 47, 1, 1, 0),
(1, 708, 17.562, 47, 1, 1, 0),
(1, 707, 17.5, 47, 1, 1, 0),
(1, 707, 17.562, 47, 1, 1, 0),
(1, 712, 17.5, 47, 1, 1, 0),
(1, 712, 16.937, 46, 1, 1, 0),
(1, 714, 17.312, 46, 1, 1, 0),
(1, 715, 17.125, 46, 1, 1, 0),
(1, 715, 16.875, 46, 1, 1, 0),
(1, 714, 17.187, 46, 1, 1, 0),
(1, 712, 17.187, 46, 1, 1, 0),
(1, 711, 16.562, 47, 1, 1, 6),
(1, 706, 16.937, 46, 1, 1, 37),
(1, 707, 17.187, 47, 1, 1, 138),
(1, 707, 16.687, 47, 1, 1, 305),
(1, 710, 17.562, 47, 1, 1, 587),
(1, 711, 17.562, 47, 1, 1, 891),
(1, 710, 17.937, 47, 1, 1, 821),
(1, 707, 18, 48, 1, 1, 1070),
(1, 713, 18.312, 48, 1, 1, 1649),
(1, 715, 18.687, 48, 1, 1, 2211),
(1, 711, 18.75, 47, 1, 1, 1830),
(1, 712, 19.062, 48, 1, 1, 2543),
(1, 712, 19.375, 48, 1, 1, 3092),
(1, 711, 19.25, 49, 1, 1, 1975),
(1, 711, 18.937, 48, 1, 1, 1528),
(1, 708, 18.875, 49, 1, 1, 2176),
(1, 710, 19.312, 49, 1, 1, 3176),
(1, 710, 19.437, 49, 1, 1, 3154),
(1, 708, 19.312, 49, 1, 1, 1160),
(1, 707, 19.125, 49, 1, 1, 1716),
(1, 707, 19.312, 49, 1, 1, 2430),
(1, 708, 19.25, 49, 1, 1, 1916),
(1, 707, 19.437, 49, 1, 1, 4206),
(1, 712, 19.625, 49, 1, 1, 4230),
(1, 722, 19.687, 49, 1, 1, 6030),
(1, 715, 20.062, 49, 1, 1, 5148),
(1, 714, 20, 49, 1, 1, 2236),
(1, 711, 19.375, 49, 1, 1, 1962),
(1, 711, 19.437, 49, 1, 1, 2437),
(1, 712, 19.875, 50, 1, 1, 3386),
(1, 707, 19.937, 50, 1, 1, 2293),
(1, 707, 19.812, 49, 1, 1, 2954),
(1, 710, 21.187, 50, 1, 1, 12830),
(1, 711, 21.687, 49, 1, 1, 3927),
(1, 711, 20.75, 49, 1, 1, 5867),
(1, 707, 20.75, 50, 1, 1, 2028),
(1, 707, 20.437, 50, 1, 1, 1985),
(1, 707, 20.625, 50, 1, 1, 2072),
(1, 712, 20.937, 50, 1, 1, 5878),
(1, 711, 21.562, 50, 1, 1, 5171),
(1, 713, 21.625, 50, 1, 1, 3557),
(1, 712, 21.562, 50, 1, 1, 4046),
(1, 711, 21.375, 50, 1, 1, 1369),
(1, 712, 20.812, 51, 1, 1, 444),
(1, 715, 20.375, 50, 1, 1, 633),
(1, 710, 20.062, 50, 1, 1, 442),
(1, 708, 19.875, 50, 1, 1, 317),
(1, 708, 19.375, 50, 1, 1, 210),
(1, 707, 19.187, 51, 1, 1, 137),
(1, 707, 19.5, 51, 1, 1, 42),
(1, 707, 18.875, 51, 1, 1, 2),
(1, 707, 19.25, 50, 1, 1, 0),
(1, 714, 19.187, 51, 1, 1, 0),
(1, 715, 19.062, 50, 1, 1, 0),
(1, 715, 18.5, 50, 1, 1, 0),
(1, 712, 18.5, 50, 1, 1, 0),
(1, 712, 18.687, 50, 1, 1, 0),
(1, 711, 18.875, 51, 1, 1, 0),
(1, 711, 18.25, 50, 1, 1, 0),
(1, 711, 18.187, 50, 1, 1, 0),
(1, 707, 17.75, 50, 1, 1, 0),
(1, 710, 18.187, 50, 1, 1, 0),
(1, 710, 17.937, 49, 1, 1, 0),
(1, 709, 18.062, 49, 1, 1, 0),
(1, 707, 17.5, 49, 1, 1, 0),
(1, 707, 17.812, 48, 1, 1, 0),
(1, 707, 17.687, 48, 1, 1, 0),
(1, 712, 17.625, 48, 1, 1, 0),
(1, 712, 17.562, 49, 1, 1, 0),
(1, 714, 17.687, 49, 1, 1, 0),
(1, 716, 17.687, 49, 1, 1, 0),
(1, 715, 17.5, 50, 1, 1, 0),
(1, 712, 17.125, 50, 1, 1, 0),
(1, 711, 17.437, 50, 1, 1, 0),
(1, 711, 17.312, 50, 1, 1, 0),
(1, 706, 16.875, 50, 1, 1, 0),
(1, 707, 16.625, 50, 1, 1, 0),
(1, 707, 17.062, 49, 1, 1, 0),
(1, 707, 17.375, 49, 1, 1, 0),
(1, 706, 17.437, 50, 1, 1, 0),
(1, 708, 17.437, 50, 1, 1, 0),
(1, 711, 17.437, 50, 1, 1, 0),
(1, 715, 17.125, 49, 1, 1, 0),
(1, 714, 17, 49, 1, 1, 0),
(1, 712, 16.75, 48, 1, 1, 0),
(1, 712, 16.937, 48, 1, 1, 0),
(1, 711, 17.187, 48, 1, 1, 0),
(1, 712, 17.187, 48, 1, 1, 0),
(1, 712, 17.062, 48, 1, 1, 0),
(1, 712, 17.125, 49, 1, 1, 0),
(1, 710, 16.562, 49, 1, 1, 0),
(1, 710, 16.625, 49, 1, 1, 0),
(1, 707, 16.5, 49, 1, 1, 0),
(1, 707, 16.312, 49, 1, 1, 0),
(1, 707, 16.687, 50, 1, 1, 0),
(1, 707, 16.812, 49, 1, 1, 1),
(1, 706, 16.687, 49, 1, 1, 8),
(1, 718, 16.875, 49, 1, 1, 91),
(1, 716, 16.875, 49, 1, 1, 132),
(1, 714, 16.687, 49, 1, 1, 241),
(1, 712, 16.562, 49, 1, 1, 474),
(1, 712, 17.062, 50, 1, 1, 647),
(1, 711, 16.437, 49, 1, 1, 434),
(1, 711, 17.062, 49, 1, 1, 778),
(1, 711, 17.25, 49, 1, 1, 976),
(1, 708, 17.5, 50, 1, 1, 1480),
(1, 707, 17.875, 50, 1, 1, 1331),
(1, 708, 17.812, 50, 1, 1, 1278),
(1, 707, 18.25, 50, 1, 1, 2644),
(1, 711, 18.5, 50, 1, 1, 2257),
(1, 711, 18.812, 49, 1, 1, 2270),
(1, 708, 19.062, 50, 1, 1, 2338),
(1, 712, 19.062, 51, 1, 1, 4024),
(1, 712, 19.25, 50, 1, 1, 2378),
(1, 711, 19.125, 51, 1, 1, 1898),
(1, 711, 19.062, 51, 1, 1, 2004),
(1, 712, 18.875, 50, 1, 1, 4043),
(1, 715, 18.937, 51, 1, 1, 4041),
(1, 716, 19.062, 51, 1, 1, 5185),
(1, 709, 19.437, 50, 1, 1, 5004),
(1, 707, 19.812, 51, 1, 1, 5773),
(1, 707, 19.812, 50, 1, 1, 2913),
(1, 707, 20.125, 51, 1, 1, 3233),
(1, 706, 20.187, 51, 1, 1, 8030),
(1, 708, 20.375, 51, 1, 1, 6493),
(1, 709, 20.562, 50, 1, 1, 7116),
(1, 711, 21.25, 51, 1, 1, 17506),
(1, 715, 21.125, 50, 1, 1, 3281),
(1, 712, 22.562, 51, 1, 1, 9550),
(1, 712, 23.375, 51, 1, 1, 6415),
(1, 711, 22.562, 50, 1, 1, 5956),
(1, 712, 22.125, 50, 1, 1, 15780),
(1, 711, 22, 50, 1, 1, 1936),
(1, 712, 22, 50, 1, 1, 1801),
(1, 711, 22, 50, 1, 1, 3435),
(1, 710, 21.687, 51, 1, 1, 2486),
(1, 707, 21.5, 50, 1, 1, 2327),
(1, 707, 21.25, 50, 1, 1, 1399),
(1, 710, 21.062, 50, 1, 1, 1227),
(1, 709, 20.875, 50, 1, 1, 1350),
(1, 707, 20.687, 50, 1, 1, 905),
(1, 713, 20.5, 50, 1, 1, 673),
(1, 712, 20.312, 50, 1, 1, 451),
(1, 711, 20.062, 49, 1, 1, 204),
(1, 712, 19.625, 50, 1, 1, 106),
(1, 714, 19.125, 50, 1, 1, 25),
(1, 715, 18.937, 51, 1, 1, 1),
(1, 714, 18.437, 50, 1, 1, 0),
(1, 714, 18.75, 50, 1, 1, 0),
(1, 706, 19.125, 50, 1, 1, 0),
(1, 708, 18.812, 50, 1, 1, 0),
(1, 707, 18.25, 50, 1, 1, 0),
(1, 708, 18.375, 49, 1, 1, 0),
(1, 709, 18, 50, 1, 1, 0),
(1, 711, 17.937, 49, 1, 1, 0),
(1, 710, 18.375, 50, 1, 1, 0),
(1, 712, 18.125, 50, 1, 1, 0),
(1, 711, 17.312, 50, 1, 1, 0),
(1, 711, 17.437, 50, 1, 1, 0),
(1, 711, 17.687, 50, 1, 1, 0),
(1, 711, 17.625, 50, 1, 1, 0),
(1, 713, 17.687, 50, 1, 1, 0),
(1, 715, 17.5, 50, 1, 1, 0),
(1, 715, 17.562, 49, 1, 1, 0),
(1, 707, 17.375, 49, 1, 1, 0),
(1, 707, 17.5, 49, 1, 1, 0),
(1, 707, 17.5, 50, 1, 1, 0),
(1, 707, 17.437, 49, 1, 1, 0),
(1, 706, 16.937, 50, 1, 1, 0),
(1, 707, 16.812, 49, 1, 1, 0),
(1, 707, 16.625, 49, 1, 1, 0),
(1, 716, 16.25, 49, 1, 1, 0),
(1, 711, 16.812, 48, 1, 1, 0),
(1, 714, 17.062, 48, 1, 1, 0),
(1, 716, 17, 49, 1, 1, 0),
(1, 713, 17, 49, 1, 1, 0),
(1, 712, 16.937, 49, 1, 1, 0),
(1, 712, 16.687, 49, 1, 1, 0),
(1, 708, 16.625, 49, 1, 1, 0),
(1, 706, 16.625, 49, 1, 1, 0),
(1, 707, 16.625, 49, 1, 1, 0),
(1, 709, 16.687, 49, 1, 1, 0),
(1, 710, 16.562, 49, 1, 1, 0),
(1, 710, 16.5, 49, 1, 1, 0),
(1, 707, 16.437, 48, 1, 1, 0),
(1, 707, 16.312, 49, 1, 1, 0),
(1, 712, 16.25, 49, 1, 1, 0),
(1, 711, 16.187, 49, 1, 1, 0),
(1, 712, 16.062, 48, 1, 1, 0),
(1, 713, 16.062, 49, 1, 1, 0),
(1, 715, 16.062, 49, 1, 1, 0),
(1, 714, 15.937, 49, 1, 1, 1),
(1, 712, 15.812, 49, 1, 1, 21),
(1, 710, 15.812, 49, 1, 1, 111),
(1, 707, 15.812, 49, 1, 1, 214),
(1, 707, 15.812, 49, 1, 1, 336),
(1, 706, 15.812, 49, 1, 1, 538),
(1, 707, 16.437, 48, 1, 1, 875),
(1, 711, 16.875, 49, 1, 1, 1498),
(1, 710, 17.25, 49, 1, 1, 1917),
(1, 710, 17.625, 49, 1, 1, 1377),
(1, 720, 17.625, 49, 1, 1, 1077),
(1, 712, 17.812, 49, 1, 1, 1532),
(1, 715, 18.25, 49, 1, 1, 2250),
(1, 713, 18.437, 49, 1, 1, 2420),
(1, 711, 18.375, 48, 1, 1, 2487),
(1, 712, 18.25, 48, 1, 1, 2645),
(1, 712, 18.187, 48, 1, 1, 2976),
(1, 706, 17.812, 47, 1, 1, 2219),
(1, 707, 17.812, 48, 1, 1, 3031),
(1, 710, 18.25, 47, 1, 1, 2095),
(1, 711, 18.437, 47, 1, 1, 2056),
(1, 710, 18.375, 48, 1, 1, 3486),
(1, 707, 18.937, 48, 1, 1, 3641),
(1, 707, 18.375, 48, 1, 1, 2979),
(1, 707, 18.687, 47, 1, 1, 5040),
(1, 712, 19.125, 47, 1, 1, 3349),
(1, 711, 19.187, 48, 1, 1, 2530),
(1, 713, 18.937, 47, 1, 1, 5579),
(1, 715, 19.812, 46, 1, 1, 2254),
(1, 715, 20.125, 46, 1, 1, 7730),
(1, 711, 20.375, 47, 1, 1, 4318),
(1, 712, 20, 47, 1, 1, 3142),
(1, 706, 20, 47, 1, 1, 2611),
(1, 706, 20.125, 47, 1, 1, 5097),
(1, 707, 21.437, 47, 1, 1, 7121),
(1, 708, 20.75, 47, 1, 1, 1193),
(1, 711, 20.187, 47, 1, 1, 2106),
(1, 710, 20.937, 47, 1, 1, 21298),
(1, 708, 21.187, 47, 1, 1, 5573),
(1, 708, 21.312, 46, 1, 1, 3401),
(1, 712, 21.25, 46, 1, 1, 2281),
(1, 712, 21.187, 47, 1, 1, 885),
(1, 711, 21.187, 49, 1, 1, 1329),
(1, 712, 21.187, 47, 1, 1, 1605),
(1, 712, 20.5, 47, 1, 1, 1437),
(1, 711, 20.625, 47, 1, 1, 971),
(1, 711, 20.437, 47, 1, 1, 670),
(1, 709, 20.187, 47, 1, 1, 452),
(1, 711, 19.812, 47, 1, 1, 357),
(1, 710, 19.625, 47, 1, 1, 139),
(1, 707, 19.5, 47, 1, 1, 18),
(1, 708, 18.812, 48, 1, 1, 1),
(1, 706, 19.125, 48, 1, 1, 0),
(1, 707, 18.875, 48, 1, 1, 0),
(1, 713, 18.312, 48, 1, 1, 0),
(1, 713, 17.812, 48, 1, 1, 0),
(1, 715, 17.5, 48, 1, 1, 0),
(1, 715, 17.375, 48, 1, 1, 0),
(1, 712, 17.375, 48, 1, 1, 0),
(1, 711, 18.062, 47, 1, 1, 0),
(1, 711, 17.875, 47, 1, 1, 0),
(1, 711, 17.812, 46, 1, 1, 0),
(1, 7695, 17.937, 23, 1, 1, 0),
(1, 704, 17.875, 23, 1, 1, 0),
(1, 704, 17.875, 24, 1, 1, 0),
(1, 703, 17.687, 22, 1, 1, 0),
(1, 704, 17.375, 23, 1, 1, 0),
(1, 708, 17.062, 23, 1, 1, 0),
(1, 707, 17.25, 23, 1, 1, 0),
(1, 704, 16.937, 24, 1, 1, 0),
(1, 699, 16.812, 24, 1, 1, 0),
(1, 698, 16.75, 23, 1, 1, 0),
(1, 698, 17.062, 24, 1, 1, 0),
(1, 701, 17, 24, 1, 1, 0),
(1, 699, 17.125, 23, 1, 1, 0),
(1, 701, 16.937, 24, 1, 1, 0),
(1, 702, 16.375, 24, 1, 1, 0),
(1, 701, 16.812, 24, 1, 1, 0),
(1, 704, 16.812, 24, 1, 1, 0),
(1, 704, 16.687, 25, 1, 1, 0),
(1, 703, 16.562, 24, 1, 1, 0),
(1, 703, 16.562, 24, 1, 1, 0),
(1, 702, 16.375, 24, 1, 1, 0),
(1, 705, 16.375, 24, 1, 1, 0),
(1, 708, 16.312, 24, 1, 1, 0),
(1, 701, 16.25, 24, 1, 1, 0),
(1, 700, 16.25, 23, 1, 1, 0),
(1, 699, 16.187, 24, 1, 1, 0),
(1, 698, 16.125, 23, 1, 1, 0),
(1, 700, 16.062, 25, 1, 1, 0),
(1, 703, 16.062, 24, 1, 1, 0),
(1, 698, 16, 23, 1, 1, 0),
(1, 701, 15.875, 23, 1, 1, 0),
(1, 704, 15.937, 24, 1, 1, 0),
(1, 703, 15.812, 23, 1, 1, 0),
(1, 704, 15.75, 24, 1, 1, 0),
(1, 708, 15.812, 24, 1, 1, 1),
(1, 707, 15.812, 23, 1, 1, 6),
(1, 704, 15.812, 24, 1, 1, 16),
(1, 703, 15.375, 25, 1, 1, 63),
(1, 699, 15.75, 24, 1, 1, 241),
(1, 699, 16.187, 24, 1, 1, 283),
(1, 700, 16.187, 24, 1, 1, 441),
(1, 699, 16.25, 23, 1, 1, 736),
(1, 702, 16.312, 24, 1, 1, 918),
(1, 702, 16.375, 24, 1, 1, 859),
(1, 701, 16.375, 24, 1, 1, 873),
(1, 704, 16.437, 24, 1, 1, 861),
(1, 704, 16.5, 24, 1, 1, 1472),
(1, 703, 16.625, 24, 1, 1, 1455),
(1, 703, 16.875, 26, 1, 1, 2088),
(1, 657, 17.25, 137, 1, 1, 1796),
(1, 693, 20.062, 63, 1, 1, 5004),
(1, 693, 20.937, 63, 1, 1, 21606),
(1, 693, 20.75, 64, 1, 1, 1406),
(1, 693, 20.312, 63, 1, 1, 2759),
(1, 693, 20.062, 64, 1, 1, 1993),
(1, 696, 20.062, 64, 1, 1, 1506),
(1, 704, 19.312, 63, 1, 1, 1659),
(1, 724, 18.75, 64, 1, 1, 1888),
(1, 705, 19.125, 63, 1, 1, 1536),
(1, 693, 19.312, 63, 1, 1, 2532),
(1, 693, 19.812, 64, 1, 1, 3047),
(1, 692, 19.812, 65, 1, 1, 2307),
(1, 693, 20.25, 64, 1, 1, 1823),
(1, 693, 20.25, 64, 1, 1, 973),
(1, 694, 19.437, 63, 1, 1, 888),
(1, 700, 19.5, 62, 1, 1, 382),
(1, 718, 19.437, 62, 1, 1, 393),
(1, 705, 19.437, 61, 1, 1, 354),
(1, 700, 19.125, 61, 1, 1, 152),
(1, 698, 18.812, 61, 1, 1, 107),
(1, 702, 18.437, 62, 1, 1, 19),
(1, 703, 18.75, 63, 1, 1, 1),
(1, 704, 18.75, 63, 1, 1, 0),
(1, 707, 18.875, 60, 1, 1, 0),
(1, 697, 18.125, 65, 1, 1, 0),
(1, 697, 18.375, 62, 1, 1, 0),
(1, 700, 17.937, 62, 1, 1, 0),
(1, 694, 17.937, 62, 1, 1, 0),
(1, 694, 18.312, 64, 1, 1, 0),
(1, 696, 17.75, 63, 1, 1, 0),
(1, 697, 17.812, 63, 1, 1, 0),
(1, 706, 18.25, 61, 1, 1, 0),
(1, 713, 18.312, 60, 1, 1, 0),
(1, 710, 18.062, 61, 1, 1, 0),
(1, 707, 18, 61, 1, 1, 0),
(1, 704, 18, 62, 1, 1, 0),
(1, 708, 17.875, 63, 1, 1, 0),
(1, 709, 16.75, 61, 1, 1, 0),
(1, 710, 17.125, 61, 1, 1, 0),
(1, 714, 17.562, 61, 1, 1, 0),
(1, 704, 17.687, 61, 1, 1, 0),
(1, 710, 17.625, 63, 1, 1, 0),
(1, 707, 17.312, 60, 1, 1, 0),
(1, 696, 17.187, 61, 1, 1, 0),
(1, 700, 17.187, 62, 1, 1, 0),
(1, 709, 16.812, 62, 1, 1, 0),
(1, 711, 17.187, 61, 1, 1, 0),
(1, 698, 17.375, 63, 1, 1, 0),
(1, 708, 17.437, 62, 1, 1, 0),
(1, 694, 17.312, 63, 1, 1, 0),
(1, 699, 17.312, 63, 1, 1, 0),
(1, 695, 17.187, 63, 1, 1, 0),
(1, 706, 17.125, 62, 1, 1, 0),
(1, 692, 17, 63, 1, 1, 0),
(1, 693, 16.937, 63, 1, 1, 0),
(1, 708, 16.812, 63, 1, 1, 0),
(1, 712, 16.75, 63, 1, 1, 0),
(1, 709, 16.75, 64, 1, 1, 0),
(1, 709, 16.812, 66, 1, 1, 0),
(1, 694, 16.25, 65, 1, 1, 0),
(1, 705, 16.375, 64, 1, 1, 0),
(1, 712, 16.125, 65, 1, 1, 0),
(1, 708, 16.437, 64, 1, 1, 0),
(1, 693, 16.437, 64, 1, 1, 0),
(1, 705, 16.375, 65, 1, 1, 0),
(1, 710, 16.437, 64, 1, 1, 0),
(1, 698, 16.375, 67, 1, 1, 1),
(1, 700, 16.437, 65, 1, 1, 11),
(1, 697, 16.437, 65, 1, 1, 39),
(1, 706, 16.312, 65, 1, 1, 96),
(1, 699, 16.437, 66, 1, 1, 174),
(1, 702, 16.5, 65, 1, 1, 398),
(1, 706, 16.562, 66, 1, 1, 674),
(1, 697, 16.687, 66, 1, 1, 842),
(1, 701, 16.812, 65, 1, 1, 1148),
(1, 692, 16.937, 66, 1, 1, 965),
(1, 698, 16.937, 67, 1, 1, 1213),
(1, 703, 17.25, 66, 1, 1, 2116),
(1, 716, 17.625, 66, 1, 1, 1772),
(1, 696, 17.937, 66, 1, 1, 2781),
(1, 715, 18.125, 65, 1, 1, 3099),
(1, 707, 18.812, 65, 1, 1, 3358),
(1, 704, 19.312, 65, 1, 1, 4495),
(1, 706, 19.75, 64, 1, 1, 2289),
(1, 694, 18.687, 65, 1, 1, 3692),
(1, 703, 19.25, 66, 1, 1, 4652),
(1, 704, 18.375, 64, 1, 1, 3578),
(1, 708, 19.5, 64, 1, 1, 2967),
(1, 713, 19.5, 66, 1, 1, 1278),
(1, 675, 19.375, 27, 1, 1, 2154),
(1, 677, 19.312, 27, 1, 1, 1738),
(1, 665, 19.5, 26, 1, 1, 3272),
(1, 685, 19.687, 27, 1, 1, 4312),
(1, 686, 20.187, 27, 1, 1, 4232),
(1, 685, 19.875, 26, 1, 1, 2934),
(1, 686, 19.75, 26, 1, 1, 3352),
(1, 689, 20.562, 26, 1, 1, 2261),
(1, 692, 20.25, 27, 1, 1, 4281),
(1, 690, 20.75, 28, 1, 1, 8546),
(1, 688, 21.187, 28, 1, 1, 5424),
(1, 686, 20.437, 26, 1, 1, 2560),
(1, 686, 20.562, 27, 1, 1, 3550),
(1, 689, 20.812, 27, 1, 1, 2785),
(1, 686, 20.562, 27, 1, 1, 2027),
(1, 687, 20.375, 27, 1, 1, 1542),
(1, 687, 20.187, 26, 1, 1, 1297),
(1, 690, 20, 27, 1, 1, 956),
(1, 689, 20, 27, 1, 1, 756),
(1, 687, 19.125, 27, 1, 1, 576),
(1, 687, 19, 27, 1, 1, 356),
(1, 686, 18.812, 27, 1, 1, 154),
(1, 686, 19.125, 27, 1, 1, 24),
(1, 685, 19, 27, 1, 1, 1),
(1, 690, 18.375, 27, 1, 1, 0),
(1, 689, 17.875, 27, 1, 1, 0),
(1, 691, 18.25, 26, 1, 1, 0),
(1, 690, 17.937, 27, 1, 1, 0),
(1, 688, 18.312, 27, 1, 1, 0),
(1, 687, 18.375, 28, 1, 1, 0),
(1, 686, 18.312, 26, 1, 1, 0),
(1, 687, 18.187, 27, 1, 1, 0),
(1, 687, 18.062, 27, 1, 1, 0),
(1, 687, 17.937, 27, 1, 1, 0),
(1, 687, 17.812, 27, 1, 1, 0),
(1, 688, 17.5, 27, 1, 1, 0),
(1, 689, 17.5, 27, 1, 1, 0),
(1, 688, 17.437, 27, 1, 1, 0),
(1, 690, 17.437, 27, 1, 1, 0),
(1, 691, 17.375, 27, 1, 1, 0),
(1, 691, 17.25, 27, 1, 1, 0),
(1, 687, 17.25, 27, 1, 1, 0),
(1, 688, 17.062, 27, 1, 1, 0),
(1, 689, 17, 27, 1, 1, 0),
(1, 687, 16.937, 27, 1, 1, 0),
(1, 688, 16.875, 27, 1, 1, 0),
(1, 690, 16.75, 27, 1, 1, 0),
(1, 692, 16.625, 29, 1, 1, 0),
(1, 691, 16.562, 25, 1, 1, 0),
(1, 689, 16.562, 28, 1, 1, 0),
(1, 688, 16.437, 27, 1, 1, 0),
(1, 689, 16.437, 27, 1, 1, 0),
(1, 694, 16.375, 27, 1, 1, 0),
(1, 687, 16.187, 27, 1, 1, 0),
(1, 693, 16.187, 27, 1, 1, 0),
(1, 697, 16.187, 28, 1, 1, 0),
(1, 690, 16.125, 27, 1, 1, 0),
(1, 688, 16, 27, 1, 1, 0),
(1, 690, 15.937, 28, 1, 1, 0),
(1, 688, 15.875, 27, 1, 1, 0),
(1, 686, 15.812, 28, 1, 1, 0),
(1, 687, 15.687, 27, 1, 1, 0),
(1, 689, 15.625, 27, 1, 1, 0),
(1, 692, 15.5, 28, 1, 1, 0),
(1, 692, 15.375, 28, 1, 1, 0),
(1, 690, 15.375, 29, 1, 1, 0),
(1, 690, 15.375, 29, 1, 1, 0),
(1, 688, 15.437, 29, 1, 1, 0),
(1, 687, 15.375, 29, 1, 1, 1),
(1, 688, 15.187, 29, 1, 1, 26),
(1, 689, 15.312, 29, 1, 1, 87),
(1, 690, 15.562, 29, 1, 1, 201),
(1, 692, 15.375, 29, 1, 1, 363),
(1, 692, 15.937, 29, 1, 1, 506),
(1, 691, 16, 30, 1, 1, 669),
(1, 689, 16.25, 30, 1, 1, 807),
(1, 686, 16.437, 30, 1, 1, 968),
(1, 687, 16.75, 30, 1, 1, 1139),
(1, 688, 17.125, 30, 1, 1, 1340),
(1, 688, 17.5, 28, 1, 1, 1602),
(1, 691, 17.812, 30, 1, 1, 1803),
(1, 692, 18.25, 30, 1, 1, 2956),
(1, 693, 18.687, 30, 1, 1, 3410),
(1, 687, 19.187, 30, 1, 1, 4083),
(1, 691, 19.625, 31, 1, 1, 1938),
(1, 693, 19.875, 31, 1, 1, 4066),
(1, 692, 20.187, 31, 1, 1, 4681),
(1, 689, 20.625, 31, 1, 1, 2726),
(1, 688, 20.375, 31, 1, 1, 3111),
(1, 686, 20.375, 31, 1, 1, 6487),
(1, 686, 20.562, 31, 1, 1, 2620),
(1, 688, 20.625, 31, 1, 1, 4615),
(1, 690, 20.812, 30, 1, 1, 5260),
(1, 692, 21.125, 31, 1, 1, 7917),
(1, 694, 22.125, 31, 1, 1, 3060),
(1, 689, 22.062, 32, 1, 1, 3585),
(1, 690, 21.875, 31, 1, 1, 7268),
(1, 691, 23.187, 31, 1, 1, 7109),
(1, 688, 23.375, 31, 1, 1, 3297),
(1, 687, 22.625, 31, 1, 1, 2939),
(1, 688, 21.562, 31, 1, 1, 2250),
(1, 690, 23.375, 31, 1, 1, 10823),
(1, 692, 22.687, 30, 1, 1, 3061),
(1, 691, 22.562, 31, 1, 1, 4653),
(1, 688, 22.25, 30, 1, 1, 2131),
(1, 687, 22.125, 31, 1, 1, 13945),
(1, 688, 22.312, 30, 1, 1, 2131),
(1, 689, 22.5, 31, 1, 1, 1457),
(1, 688, 22.25, 30, 1, 1, 1922),
(1, 688, 22.125, 30, 1, 1, 1972),
(1, 692, 21.812, 30, 1, 1, 1182),
(1, 692, 21.437, 30, 1, 1, 938),
(1, 690, 21.437, 29, 1, 1, 761),
(1, 688, 21.5, 31, 1, 1, 1602),
(1, 688, 21.5, 30, 1, 1, 729),
(1, 687, 21.437, 31, 1, 1, 645),
(1, 690, 21.062, 30, 1, 1, 276),
(1, 689, 20.687, 30, 1, 1, 28),
(1, 688, 20.5, 30, 1, 1, 3),
(1, 688, 20.187, 30, 1, 1, 0),
(1, 688, 19.937, 30, 1, 1, 0),
(1, 687, 19.875, 30, 1, 1, 0),
(1, 693, 19.625, 29, 1, 1, 0),
(1, 693, 19.437, 29, 1, 1, 0),
(1, 691, 19.562, 30, 1, 1, 0),
(1, 689, 19.687, 30, 1, 1, 0),
(1, 689, 19.437, 30, 1, 1, 0),
(1, 687, 19.562, 29, 1, 1, 0),
(1, 687, 19, 29, 1, 1, 0),
(1, 688, 19.312, 29, 1, 1, 0),
(1, 689, 18.687, 29, 1, 1, 0),
(1, 694, 18.875, 29, 1, 1, 0),
(1, 691, 18.875, 29, 1, 1, 0),
(1, 694, 18.375, 28, 1, 1, 0),
(1, 690, 18.625, 28, 1, 1, 0),
(1, 687, 18.125, 29, 1, 1, 0),
(1, 687, 17.937, 29, 1, 1, 0),
(1, 687, 18.062, 29, 1, 1, 0),
(1, 688, 18.125, 28, 1, 1, 0),
(1, 689, 18.312, 29, 1, 1, 0),
(1, 692, 17.687, 26, 1, 1, 0),
(1, 697, 17.875, 28, 1, 1, 0),
(1, 691, 18.125, 29, 1, 1, 0),
(1, 688, 18.25, 27, 1, 1, 0),
(1, 692, 18.25, 28, 1, 1, 0),
(1, 688, 18.187, 27, 1, 1, 0),
(1, 688, 17.875, 29, 1, 1, 0),
(1, 688, 17.062, 28, 1, 1, 0),
(1, 687, 17.187, 28, 1, 1, 0),
(1, 688, 16.75, 28, 1, 1, 0),
(1, 686, 17.25, 28, 1, 1, 0),
(1, 688, 17.312, 27, 1, 1, 0),
(1, 691, 17.625, 28, 1, 1, 0),
(1, 694, 17.625, 27, 1, 1, 0),
(1, 692, 17.562, 27, 1, 1, 0),
(1, 691, 17.5, 26, 1, 1, 0),
(1, 691, 17.312, 26, 1, 1, 0),
(1, 689, 17.062, 27, 1, 1, 0),
(1, 688, 16.437, 27, 1, 1, 0),
(1, 688, 16.812, 27, 1, 1, 0),
(1, 688, 16.875, 27, 1, 1, 0),
(1, 690, 16.875, 27, 1, 1, 0),
(1, 692, 17, 27, 1, 1, 0),
(1, 692, 16.687, 27, 1, 1, 0),
(1, 689, 16.062, 27, 1, 1, 6),
(1, 687, 16.437, 26, 1, 1, 78),
(1, 688, 16.812, 28, 1, 1, 236),
(1, 690, 17, 27, 1, 1, 484),
(1, 688, 17.125, 27, 1, 1, 637),
(1, 688, 17.187, 26, 1, 1, 1220),
(1, 692, 17.812, 27, 1, 1, 1466),
(1, 692, 17.75, 27, 1, 1, 734),
(1, 692, 17.625, 24, 1, 1, 784),
(1, 688, 17.625, 26, 1, 1, 1309),
(1, 688, 16.312, 25, 1, 1, 1256),
(1, 688, 17.437, 26, 1, 1, 1826),
(1, 690, 17.75, 27, 1, 1, 2336),
(1, 688, 17.812, 26, 1, 1, 3336),
(1, 688, 18.687, 26, 1, 1, 3453),
(1, 691, 18.687, 26, 1, 1, 3989),
(1, 688, 18.875, 26, 1, 1, 3052),
(1, 688, 18.875, 27, 1, 1, 4983),
(1, 691, 18.75, 26, 1, 1, 5241),
(1, 692, 19.437, 25, 1, 1, 5732),
(1, 693, 20.812, 25, 1, 1, 7076),
(1, 690, 21.125, 26, 1, 1, 4911),
(1, 689, 20.687, 27, 1, 1, 6055),
(1, 687, 20.062, 26, 1, 1, 1894),
(1, 688, 18.625, 26, 1, 1, 2208),
(1, 688, 19.312, 26, 1, 1, 2480),
(1, 689, 20.062, 26, 1, 1, 8139),
(1, 692, 20.625, 26, 1, 1, 6537),
(1, 694, 21.312, 25, 1, 1, 3870),
(1, 692, 20.75, 25, 1, 1, 3793),
(1, 689, 20.5, 26, 1, 1, 1799),
(1, 688, 19.5, 25, 1, 1, 2798),
(1, 687, 19.5, 26, 1, 1, 11695),
(1, 688, 21.625, 26, 1, 1, 8051),
(1, 688, 22.187, 26, 1, 1, 6738),
(1, 689, 22.187, 26, 1, 1, 27027),
(1, 695, 22.187, 26, 1, 1, 2094),
(1, 691, 22.187, 24, 1, 1, 6944),
(1, 688, 22.187, 25, 1, 1, 1607),
(1, 688, 21.687, 25, 1, 1, 1481),
(1, 689, 21.812, 24, 1, 1, 2685),
(1, 688, 21.75, 25, 1, 1, 719),
(1, 688, 21.437, 25, 1, 1, 994),
(1, 689, 21.437, 25, 1, 1, 841),
(1, 695, 21.125, 25, 1, 1, 498),
(1, 693, 21.125, 25, 1, 1, 809),
(1, 692, 20.562, 24, 1, 1, 336),
(1, 688, 20, 24, 1, 1, 256),
(1, 694, 19.875, 25, 1, 1, 112),
(1, 694, 19.812, 24, 1, 1, 12),
(1, 691, 19.562, 24, 1, 1, 1),
(1, 695, 19.437, 24, 1, 1, 0),
(1, 690, 19.312, 24, 1, 1, 0),
(1, 688, 19.125, 25, 1, 1, 0),
(1, 688, 18.625, 25, 1, 1, 0),
(1, 688, 18.437, 24, 1, 1, 0),
(1, 690, 18.375, 24, 1, 1, 0),
(1, 692, 18.687, 24, 1, 1, 0),
(1, 690, 18.187, 24, 1, 1, 0),
(1, 688, 18.5, 24, 1, 1, 0),
(1, 688, 17.937, 24, 1, 1, 0),
(1, 688, 18.187, 23, 1, 1, 0),
(1, 688, 18.5, 24, 1, 1, 0),
(1, 688, 18.437, 25, 1, 1, 0),
(1, 688, 18.312, 24, 1, 1, 0),
(1, 691, 17.75, 24, 1, 1, 0),
(1, 692, 17.687, 24, 1, 1, 0),
(1, 692, 17.375, 24, 1, 1, 0),
(1, 688, 17.125, 24, 1, 1, 0),
(1, 688, 17.25, 24, 1, 1, 0),
(1, 687, 17.125, 24, 1, 1, 0),
(1, 688, 17.812, 24, 1, 1, 0),
(1, 688, 17.687, 24, 1, 1, 0),
(1, 688, 17.062, 25, 1, 1, 0),
(1, 691, 16.937, 24, 1, 1, 0),
(1, 693, 17.25, 24, 1, 1, 0),
(1, 691, 17.437, 24, 1, 1, 0),
(1, 689, 17.125, 24, 1, 1, 0),
(1, 688, 17.125, 24, 1, 1, 0),
(1, 688, 17.5, 23, 1, 1, 0),
(1, 688, 17.5, 23, 1, 1, 0),
(1, 687, 17.437, 24, 1, 1, 0),
(1, 688, 17.062, 24, 1, 1, 0),
(1, 688, 16.937, 25, 1, 1, 0),
(1, 687, 16.437, 24, 1, 1, 0),
(1, 689, 16.062, 24, 1, 1, 0),
(1, 692, 16.062, 24, 1, 1, 0),
(1, 692, 16.687, 24, 1, 1, 0),
(1, 695, 16.687, 23, 1, 1, 0),
(1, 689, 16.625, 23, 1, 1, 0),
(1, 688, 16.812, 24, 1, 1, 0),
(1, 688, 16.812, 23, 1, 1, 0),
(1, 688, 16.625, 24, 1, 1, 0),
(1, 688, 16.937, 24, 1, 1, 0),
(1, 689, 17.062, 24, 1, 1, 0),
(1, 691, 17.062, 24, 1, 1, 1),
(1, 691, 16.937, 24, 1, 1, 22),
(1, 690, 16.937, 23, 1, 1, 111),
(1, 690, 16.562, 23, 1, 1, 211),
(1, 688, 16.375, 24, 1, 1, 266),
(1, 688, 17, 23, 1, 1, 599),
(1, 688, 17.312, 23, 1, 1, 481),
(1, 691, 17.625, 24, 1, 1, 1256),
(1, 690, 17.875, 23, 1, 1, 1969),
(1, 694, 18.312, 24, 1, 1, 2730),
(1, 692, 18.562, 24, 1, 1, 1967),
(1, 689, 18.625, 23, 1, 1, 1404),
(1, 688, 18.437, 23, 1, 1, 1320),
(1, 688, 18.625, 24, 1, 1, 2767),
(1, 689, 19.25, 23, 1, 1, 4938),
(1, 688, 19.812, 23, 1, 1, 4164),
(1, 687, 20.187, 23, 1, 1, 4615),
(1, 692, 20.5, 23, 1, 1, 5730),
(1, 689, 20.937, 23, 1, 1, 3351),
(1, 689, 21.062, 24, 1, 1, 2561),
(1, 690, 20.937, 23, 1, 1, 5404),
(1, 696, 21, 24, 1, 1, 5034),
(1, 691, 20.687, 24, 1, 1, 3200),
(1, 688, 21.125, 24, 1, 1, 5154),
(1, 690, 21.062, 25, 1, 1, 2697),
(1, 688, 21.187, 25, 1, 1, 4405),
(1, 688, 21.5, 24, 1, 1, 2133),
(1, 688, 22.25, 25, 1, 1, 8724),
(1, 694, 23.437, 25, 1, 1, 3331),
(1, 689, 23.437, 26, 1, 1, 2835),
(1, 692, 23.687, 25, 1, 1, 6140),
(1, 694, 24.125, 25, 1, 1, 18201),
(1, 691, 23.937, 25, 1, 1, 17596),
(1, 688, 24, 25, 1, 1, 13794),
(1, 688, 25.187, 24, 1, 1, 6798),
(1, 687, 25.187, 25, 1, 1, 7772),
(1, 688, 25.187, 25, 1, 1, 17100),
(1, 688, 25.187, 25, 1, 1, 33529),
(1, 693, 24.75, 26, 1, 1, 6787),
(1, 694, 24.375, 26, 1, 1, 3505),
(1, 692, 23.875, 26, 1, 1, 2404),
(1, 690, 23.437, 25, 1, 1, 2355),
(1, 689, 23.375, 25, 1, 1, 1627),
(1, 688, 23.375, 26, 1, 1, 1746),
(1, 687, 23.187, 25, 1, 1, 1459),
(1, 687, 22.562, 25, 1, 1, 1156),
(1, 688, 22.187, 25, 1, 1, 574),
(1, 693, 21.75, 25, 1, 1, 320),
(1, 693, 21.187, 25, 1, 1, 122),
(1, 692, 21, 25, 1, 1, 49),
(1, 689, 21.125, 26, 1, 1, 1),
(1, 694, 20.75, 25, 1, 1, 0),
(1, 695, 20.687, 26, 1, 1, 0),
(1, 690, 20.25, 25, 1, 1, 0),
(1, 689, 20.125, 26, 1, 1, 0),
(1, 688, 19.875, 25, 1, 1, 0),
(1, 688, 19.75, 25, 1, 1, 0),
(1, 688, 19.5, 25, 1, 1, 0),
(1, 688, 18.875, 25, 1, 1, 0),
(1, 690, 19.687, 26, 1, 1, 0),
(1, 692, 19.75, 26, 1, 1, 0),
(1, 692, 19.25, 26, 1, 1, 0),
(1, 689, 19.5, 26, 1, 1, 0),
(1, 689, 19.437, 25, 1, 1, 0),
(1, 688, 19.187, 25, 1, 1, 0),
(1, 688, 19.187, 25, 1, 1, 0),
(1, 687, 19, 25, 1, 1, 0),
(1, 688, 18.875, 24, 1, 1, 0),
(1, 693, 18.687, 25, 1, 1, 0),
(1, 693, 18, 25, 1, 1, 0),
(1, 691, 18.187, 26, 1, 1, 0),
(1, 689, 18.5, 25, 1, 1, 0),
(1, 688, 18.562, 25, 1, 1, 0),
(1, 688, 18.437, 25, 1, 1, 0),
(1, 687, 18.437, 25, 1, 1, 0),
(1, 688, 18.437, 24, 1, 1, 0),
(1, 689, 18.312, 25, 1, 1, 0),
(1, 692, 18.312, 24, 1, 1, 0),
(1, 695, 18.25, 24, 1, 1, 0),
(1, 691, 18.187, 24, 1, 1, 0),
(1, 688, 18.125, 25, 1, 1, 0),
(1, 687, 17.937, 24, 1, 1, 0),
(1, 692, 17.937, 24, 1, 1, 0),
(1, 689, 17.812, 24, 1, 1, 0),
(1, 688, 17.75, 24, 1, 1, 0),
(1, 688, 17.75, 25, 1, 1, 0),
(1, 688, 17.375, 25, 1, 1, 0),
(1, 688, 17.062, 23, 1, 1, 0),
(1, 688, 17.312, 24, 1, 1, 0),
(1, 691, 17.187, 24, 1, 1, 0),
(1, 692, 17, 24, 1, 1, 0),
(1, 693, 16.562, 25, 1, 1, 0),
(1, 688, 16.875, 24, 1, 1, 0),
(1, 688, 16.375, 24, 1, 1, 0),
(1, 689, 17.125, 25, 1, 1, 0),
(1, 688, 17.125, 25, 1, 1, 0),
(1, 687, 17.25, 24, 1, 1, 3),
(1, 691, 17.125, 25, 1, 1, 32),
(1, 693, 16.75, 23, 1, 1, 147),
(1, 694, 16.375, 24, 1, 1, 319),
(1, 689, 16.5, 24, 1, 1, 415),
(1, 688, 17.437, 25, 1, 1, 539),
(1, 689, 17.687, 25, 1, 1, 861),
(1, 688, 17.875, 24, 1, 1, 1319),
(1, 687, 17.625, 25, 1, 1, 603),
(1, 689, 17.875, 24, 1, 1, 1234),
(1, 692, 18, 24, 1, 1, 1727),
(1, 695, 18.125, 24, 1, 1, 1946),
(1, 692, 18.375, 23, 1, 1, 2301),
(1, 689, 18.437, 24, 1, 1, 1661),
(1, 689, 18.5, 25, 1, 1, 2055),
(1, 687, 18.5, 25, 1, 1, 3107),
(1, 689, 18.625, 24, 1, 1, 3360),
(1, 689, 18.812, 24, 1, 1, 2651),
(1, 690, 18.562, 24, 1, 1, 2615),
(1, 688, 18.875, 24, 1, 1, 2126),
(1, 688, 19.562, 24, 1, 1, 4470),
(1, 690, 19.562, 24, 1, 1, 3078),
(1, 693, 19.687, 23, 1, 1, 3436),
(1, 693, 19.875, 24, 1, 1, 3145),
(1, 693, 19.875, 24, 1, 1, 2185),
(1, 693, 19.875, 205, 1, 1, 2544),
(1, 712, 19.937, 209, 1, 1, 2395),
(1, 715, 20.375, 201, 1, 1, 6887),
(1, 715, 20.812, 208, 1, 1, 4879),
(1, 712, 20.812, 210, 1, 1, 4643),
(1, 712, 21.125, 204, 1, 1, 16641),
(1, 711, 21.312, 206, 1, 1, 6877),
(1, 710, 21.312, 207, 1, 1, 36542),
(1, 710, 22, 208, 1, 1, 4998),
(1, 711, 21.562, 205, 1, 1, 8922),
(1, 713, 22.312, 209, 1, 1, 13283),
(1, 715, 22.75, 206, 1, 1, 37298),
(1, 717, 22.75, 206, 1, 1, 36045),
(1, 711, 22.312, 204, 1, 1, 2864),
(1, 711, 21.75, 207, 1, 1, 2066),
(1, 711, 21.5, 206, 1, 1, 2066),
(1, 709, 21.375, 202, 1, 1, 1380),
(1, 711, 21.25, 205, 1, 1, 2136),
(1, 711, 21.25, 203, 1, 1, 1498),
(1, 713, 21, 202, 1, 1, 1017),
(1, 712, 20.812, 204, 1, 1, 771),
(1, 711, 20.562, 201, 1, 1, 549),
(1, 710, 20.375, 202, 1, 1, 352),
(1, 714, 19.937, 203, 1, 1, 206),
(1, 714, 19.687, 205, 1, 1, 68),
(1, 713, 19.562, 208, 1, 1, 1),
(1, 711, 19.312, 199, 1, 1, 0),
(1, 713, 18.937, 203, 1, 1, 0),
(1, 711, 19.312, 204, 1, 1, 0),
(1, 711, 19.5, 204, 1, 1, 0),
(1, 710, 19.375, 203, 1, 1, 0),
(1, 712, 18.25, 203, 1, 1, 0),
(1, 714, 18.437, 207, 1, 1, 0),
(1, 716, 18.375, 204, 1, 1, 0),
(1, 713, 18.25, 199, 1, 1, 0),
(1, 713, 18, 206, 1, 1, 0),
(1, 711, 17.812, 205, 1, 1, 0),
(1, 710, 17.625, 199, 1, 1, 0),
(1, 710, 17.375, 196, 1, 1, 0),
(1, 710, 17.25, 195, 1, 1, 0),
(1, 712, 17.625, 198, 1, 1, 0),
(1, 712, 17.312, 194, 1, 1, 0),
(1, 717, 17.5, 203, 1, 1, 0),
(1, 715, 16.875, 204, 1, 1, 0),
(1, 712, 16.937, 206, 1, 1, 0),
(1, 710, 16.75, 203, 1, 1, 0),
(1, 711, 17.375, 207, 1, 1, 0),
(1, 711, 17.75, 208, 1, 1, 0),
(1, 710, 17.875, 204, 1, 1, 0),
(1, 712, 17.5, 205, 1, 1, 0),
(1, 711, 17.187, 203, 1, 1, 0),
(1, 710, 16.625, 205, 1, 1, 0),
(1, 710, 17.125, 205, 1, 1, 0),
(1, 712, 16.5, 202, 1, 1, 0),
(1, 719, 17.187, 203, 1, 1, 0),
(1, 715, 17.25, 201, 1, 1, 0),
(1, 714, 17.187, 206, 1, 1, 0),
(1, 711, 17.187, 201, 1, 1, 0),
(1, 711, 17.062, 203, 1, 1, 0),
(1, 710, 17.125, 203, 1, 1, 0),
(1, 710, 16.875, 195, 1, 1, 0),
(1, 712, 16.937, 202, 1, 1, 0),
(1, 712, 16.875, 197, 1, 1, 0),
(1, 715, 16.187, 201, 1, 1, 0),
(1, 715, 16.125, 203, 1, 1, 0),
(1, 714, 16.062, 206, 1, 1, 0),
(1, 710, 16.562, 207, 1, 1, 0),
(1, 710, 16.812, 204, 1, 1, 0),
(1, 711, 16.75, 207, 1, 1, 0),
(1, 713, 16.812, 199, 1, 1, 0),
(1, 711, 16.375, 203, 1, 1, 1),
(1, 711, 16.562, 201, 1, 1, 34),
(1, 714, 16.25, 205, 1, 1, 116),
(1, 715, 16.687, 198, 1, 1, 202),
(1, 714, 16.812, 204, 1, 1, 401),
(1, 710, 16.75, 200, 1, 1, 392),
(1, 711, 16.875, 205, 1, 1, 828),
(1, 710, 17.437, 203, 1, 1, 1265),
(1, 710, 18, 201, 1, 1, 1701),
(1, 711, 18.562, 205, 1, 1, 2546),
(1, 713, 18.625, 207, 1, 1, 2085),
(1, 713, 18.937, 204, 1, 1, 2061),
(1, 710, 19.312, 205, 1, 1, 2915),
(1, 712, 20, 201, 1, 1, 3682),
(1, 712, 20.375, 199, 1, 1, 3991),
(1, 715, 20.687, 205, 1, 1, 3194),
(1, 716, 21.312, 200, 1, 1, 5000),
(1, 713, 21.687, 200, 1, 1, 2990),
(1, 710, 21.125, 200, 1, 1, 3370),
(1, 713, 21.375, 201, 1, 1, 3498),
(1, 710, 21.625, 204, 1, 1, 2944),
(1, 718, 21.75, 203, 1, 1, 6679),
(1, 714, 21.625, 205, 1, 1, 2560),
(1, 712, 21.375, 201, 1, 1, 3934),
(1, 715, 21.375, 200, 1, 1, 3695),
(1, 715, 21.375, 199, 1, 1, 3110),
(1, 711, 22, 199, 1, 1, 3083),
(1, 712, 21.687, 202, 1, 1, 4398),
(1, 711, 21.875, 201, 1, 1, 2433),
(1, 712, 22.312, 202, 1, 1, 3243),
(1, 711, 23.312, 199, 1, 1, 15184),
(1, 711, 23.75, 198, 1, 1, 19765),
(1, 712, 24, 195, 1, 1, 18433),
(1, 713, 24.062, 196, 1, 1, 1855),
(1, 714, 23.812, 201, 1, 1, 2778),
(1, 713, 23.062, 207, 1, 1, 2640),
(1, 711, 23.375, 200, 1, 1, 22133),
(1, 713, 23.75, 199, 1, 1, 33994),
(1, 711, 23.187, 202, 1, 1, 12524),
(1, 710, 22.937, 199, 1, 1, 1880),
(1, 711, 22.937, 197, 1, 1, 2919),
(1, 711, 22.875, 195, 1, 1, 2490),
(1, 715, 22.5, 197, 1, 1, 2225),
(1, 714, 22.187, 187, 1, 1, 755),
(1, 711, 21.875, 193, 1, 1, 1273),
(1, 712, 21.687, 195, 1, 1, 733),
(1, 715, 21.125, 198, 1, 1, 294),
(1, 715, 20.875, 192, 1, 1, 251),
(1, 711, 20.375, 194, 1, 1, 229),
(1, 712, 20.062, 200, 1, 1, 109),
(1, 713, 20.125, 197, 1, 1, 9),
(1, 710, 19.687, 200, 1, 1, 0),
(1, 711, 19.562, 197, 1, 1, 0),
(1, 711, 19.125, 198, 1, 1, 0),
(1, 712, 18.687, 196, 1, 1, 0),
(1, 714, 19.125, 199, 1, 1, 0),
(1, 713, 18.25, 198, 1, 1, 0),
(1, 713, 18.062, 195, 1, 1, 0),
(1, 712, 18.437, 195, 1, 1, 0),
(1, 710, 18.375, 200, 1, 1, 0),
(1, 710, 18.25, 201, 1, 1, 0),
(1, 711, 18.125, 198, 1, 1, 0),
(1, 711, 18.125, 200, 1, 1, 0),
(1, 711, 18.25, 198, 1, 1, 0),
(1, 717, 17.625, 200, 1, 1, 0),
(1, 715, 17.875, 200, 1, 1, 0),
(1, 712, 17.812, 200, 1, 1, 0),
(1, 712, 16.875, 196, 1, 1, 0),
(1, 712, 17.625, 197, 1, 1, 0),
(1, 710, 16.812, 196, 1, 1, 0),
(1, 710, 17.125, 203, 1, 1, 0),
(1, 709, 17.75, 198, 1, 1, 0),
(1, 712, 17.687, 199, 1, 1, 0),
(1, 715, 17.687, 199, 1, 1, 0),
(1, 715, 17.812, 202, 1, 1, 0),
(1, 714, 17.875, 200, 1, 1, 0),
(1, 715, 17.812, 200, 1, 1, 0),
(1, 713, 17.812, 197, 1, 1, 0),
(1, 713, 17.75, 198, 1, 1, 0),
(1, 712, 17.75, 196, 1, 1, 0),
(1, 711, 17.687, 196, 1, 1, 0),
(1, 718, 17.625, 190, 1, 1, 0),
(1, 710, 17.687, 195, 1, 1, 0),
(1, 710, 17.625, 196, 1, 1, 0),
(1, 710, 17.562, 202, 1, 1, 0),
(1, 713, 17.187, 201, 1, 1, 0),
(1, 716, 16.875, 196, 1, 1, 0),
(1, 716, 17.125, 192, 1, 1, 0),
(1, 711, 17.125, 189, 1, 1, 0),
(1, 711, 16.437, 188, 1, 1, 0),
(1, 711, 16.812, 195, 1, 1, 0),
(1, 711, 16.937, 197, 1, 1, 0),
(1, 709, 16.625, 196, 1, 1, 0),
(1, 711, 16.625, 194, 1, 1, 0),
(1, 716, 16.5, 190, 1, 1, 0),
(1, 716, 16.562, 191, 1, 1, 0),
(1, 713, 15.812, 197, 1, 1, 4),
(1, 711, 15.937, 197, 1, 1, 71),
(1, 712, 15.875, 203, 1, 1, 222),
(1, 710, 15.625, 199, 1, 1, 436),
(1, 709, 16.25, 196, 1, 1, 721),
(1, 710, 16.875, 193, 1, 1, 1167),
(1, 714, 17.437, 192, 1, 1, 1282),
(1, 716, 17.875, 194, 1, 1, 1471),
(1, 715, 18.125, 197, 1, 1, 2220),
(1, 714, 18.5, 195, 1, 1, 2239),
(1, 711, 18.437, 199, 1, 1, 2162),
(1, 709, 18.437, 200, 1, 1, 2487),
(1, 711, 19.062, 203, 1, 1, 2805),
(1, 714, 19.062, 189, 1, 1, 2545),
(1, 712, 19.687, 196, 1, 1, 3171),
(1, 711, 20.375, 193, 1, 1, 4260),
(1, 712, 20.312, 34, 1, 1, 2244),
(1, 708, 19.625, 34, 1, 1, 4887),
(1, 709, 20.625, 35, 1, 1, 2919),
(1, 711, 20.75, 36, 1, 1, 2925),
(1, 711, 20.875, 36, 1, 1, 5656),
(1, 715, 20.5, 34, 1, 1, 2532),
(1, 713, 20.562, 34, 1, 1, 2739),
(1, 711, 20.75, 34, 1, 1, 1648),
(1, 708, 19.937, 34, 1, 1, 1008),
(1, 710, 20, 34, 1, 1, 2473),
(1, 709, 20.5, 34, 1, 1, 2292),
(1, 709, 20.75, 34, 1, 1, 1151),
(1, 710, 20.812, 36, 1, 1, 3623),
(1, 713, 20.875, 35, 1, 1, 3648),
(1, 716, 20.125, 35, 1, 1, 1902),
(1, 713, 20.125, 34, 1, 1, 4715),
(1, 712, 22.187, 35, 1, 1, 10667),
(1, 709, 22.75, 34, 1, 1, 30285),
(1, 709, 21.5, 34, 1, 1, 1313),
(1, 709, 21.312, 34, 1, 1, 4513),
(1, 712, 21.5, 34, 1, 1, 3370),
(1, 710, 20.812, 34, 1, 1, 1625),
(1, 710, 20.75, 35, 1, 1, 2195),
(1, 712, 20.5, 35, 1, 1, 1569),
(1, 723, 20.812, 33, 1, 1, 1277),
(1, 726, 20.937, 32, 1, 1, 998),
(1, 720, 20.937, 30, 1, 1, 735),
(1, 723, 20.5, 32, 1, 1, 443),
(1, 720, 20.125, 33, 1, 1, 178),
(1, 710, 20, 32, 1, 1, 97),
(1, 727, 19.5, 30, 1, 1, 18),
(1, 715, 19.187, 33, 1, 1, 1),
(1, 708, 19.125, 32, 1, 1, 0),
(1, 728, 19.125, 32, 1, 1, 0),
(1, 710, 19.125, 33, 1, 1, 0),
(1, 709, 18.75, 35, 1, 1, 0),
(1, 710, 18.687, 32, 1, 1, 0),
(1, 712, 18.687, 31, 1, 1, 0),
(1, 713, 18.5, 32, 1, 1, 0),
(1, 711, 18.875, 33, 1, 1, 0),
(1, 710, 18.562, 33, 1, 1, 0),
(1, 710, 18.562, 33, 1, 1, 0),
(1, 709, 18.5, 32, 1, 1, 0),
(1, 710, 18.437, 32, 1, 1, 0),
(1, 712, 18.312, 32, 1, 1, 0),
(1, 709, 18.187, 32, 1, 1, 0),
(1, 713, 18.25, 33, 1, 1, 0),
(1, 712, 18.062, 32, 1, 1, 0),
(1, 713, 17.812, 32, 1, 1, 0),
(1, 710, 17.812, 34, 1, 1, 0),
(1, 709, 17.75, 33, 1, 1, 0),
(1, 709, 17.687, 33, 1, 1, 0),
(1, 708, 17.687, 33, 1, 1, 0),
(1, 709, 17.562, 32, 1, 1, 0),
(1, 710, 17.5, 32, 1, 1, 0),
(1, 714, 17.375, 32, 1, 1, 0),
(1, 713, 17.312, 32, 1, 1, 0),
(1, 714, 17.187, 31, 1, 1, 0),
(1, 711, 17.187, 32, 1, 1, 0),
(1, 709, 17.187, 33, 1, 1, 0),
(1, 707, 17.062, 33, 1, 1, 0),
(1, 708, 17, 32, 1, 1, 0),
(1, 709, 16.875, 32, 1, 1, 0),
(1, 710, 16.75, 32, 1, 1, 0),
(1, 714, 16.687, 32, 1, 1, 0),
(1, 709, 16.875, 32, 1, 1, 0),
(1, 709, 16.562, 31, 1, 1, 0),
(1, 708, 16.437, 32, 1, 1, 0),
(1, 716, 16.375, 32, 1, 1, 0),
(1, 714, 16.375, 33, 1, 1, 0),
(1, 712, 16.312, 32, 1, 1, 0),
(1, 708, 16.437, 32, 1, 1, 0),
(1, 709, 16.25, 32, 1, 1, 0),
(1, 709, 16.125, 32, 1, 1, 0),
(1, 708, 16.187, 33, 1, 1, 0),
(1, 709, 16, 32, 1, 1, 0),
(1, 711, 16.062, 32, 1, 1, 1),
(1, 713, 13.937, 33, 1, 1, 32),
(1, 713, 15.625, 34, 1, 1, 95),
(1, 713, 15.875, 35, 1, 1, 183),
(1, 713, 16.125, 33, 1, 1, 391),
(1, 708, 16.5, 33, 1, 1, 547),
(1, 707, 16.687, 33, 1, 1, 690),
(1, 710, 17.187, 33, 1, 1, 858),
(1, 710, 17.562, 33, 1, 1, 1035),
(1, 709, 17.562, 32, 1, 1, 1269),
(1, 711, 17.687, 33, 1, 1, 1500),
(1, 714, 17.687, 34, 1, 1, 1817),
(1, 713, 18.562, 34, 1, 1, 2469),
(1, 708, 18.812, 34, 1, 1, 2742),
(1, 709, 18.875, 34, 1, 1, 3516),
(1, 713, 19.125, 33, 1, 1, 4264),
(1, 709, 19.125, 34, 1, 1, 3863),
(1, 709, 20.375, 34, 1, 1, 2975),
(1, 723, 20.625, 34, 1, 1, 3942),
(1, 711, 21, 33, 1, 1, 3357),
(1, 711, 21.937, 34, 1, 1, 5863),
(1, 708, 21.812, 34, 1, 1, 5802),
(1, 710, 22.625, 35, 1, 1, 5567),
(1, 711, 22.625, 34, 1, 1, 6811),
(1, 713, 22.812, 34, 1, 1, 6637),
(1, 712, 23.375, 34, 1, 1, 7690),
(1, 710, 22.562, 35, 1, 1, 3152),
(1, 717, 22.25, 35, 1, 1, 3803),
(1, 709, 22.562, 35, 1, 1, 4305),
(1, 709, 22.937, 35, 1, 1, 4604),
(1, 708, 23.562, 35, 1, 1, 5856),
(1, 709, 23.062, 36, 1, 1, 5866),
(1, 711, 22.937, 34, 1, 1, 5939),
(1, 713, 22.812, 35, 1, 1, 4949),
(1, 714, 22.812, 35, 1, 1, 7176),
(1, 712, 23.062, 35, 1, 1, 5288),
(1, 709, 23.312, 35, 1, 1, 3885),
(1, 708, 22.625, 35, 1, 1, 3789),
(1, 708, 22.75, 35, 1, 1, 10406),
(1, 709, 23.062, 35, 1, 1, 1833),
(1, 709, 22.875, 35, 1, 1, 2434),
(1, 710, 22.875, 36, 1, 1, 1620),
(1, 718, 22.187, 34, 1, 1, 663),
(1, 713, 22.25, 35, 1, 1, 1622),
(1, 711, 22.125, 35, 1, 1, 922),
(1, 709, 21.812, 35, 1, 1, 364),
(1, 709, 21.687, 35, 1, 1, 527),
(1, 709, 21.625, 35, 1, 1, 453),
(1, 710, 21.312, 35, 1, 1, 174),
(1, 708, 21.062, 34, 1, 1, 56),
(1, 708, 20.875, 35, 1, 1, 4),
(1, 713, 20.75, 35, 1, 1, 0),
(1, 712, 20.062, 34, 1, 1, 0),
(1, 712, 20.375, 35, 1, 1, 0),
(1, 711, 20.375, 34, 1, 1, 0),
(1, 713, 20.562, 34, 1, 1, 0),
(1, 711, 20.375, 35, 1, 1, 0),
(1, 707, 20.062, 33, 1, 1, 0),
(1, 709, 19.812, 34, 1, 1, 0),
(1, 709, 19.75, 35, 1, 1, 0),
(1, 708, 19.25, 35, 1, 1, 0),
(1, 712, 18.687, 32, 1, 1, 0),
(1, 710, 18.812, 34, 1, 1, 0),
(1, 710, 19.062, 35, 1, 1, 0),
(1, 712, 19.25, 34, 1, 1, 0),
(1, 713, 19.125, 34, 1, 1, 0),
(1, 711, 19.25, 34, 1, 1, 0),
(1, 709, 19.125, 33, 1, 1, 0),
(1, 709, 18.75, 34, 1, 1, 0),
(1, 711, 18.25, 34, 1, 1, 0),
(1, 709, 18.375, 35, 1, 1, 0),
(1, 713, 18.375, 33, 1, 1, 0),
(1, 711, 18.625, 33, 1, 1, 0),
(1, 713, 18.687, 34, 1, 1, 0),
(1, 712, 18.437, 34, 1, 1, 0),
(1, 713, 18.187, 34, 1, 1, 0),
(1, 713, 18.062, 34, 1, 1, 0),
(1, 710, 17.75, 33, 1, 1, 0),
(1, 708, 18.5, 33, 1, 1, 0),
(1, 708, 18.562, 34, 1, 1, 0),
(1, 708, 18.625, 34, 1, 1, 0),
(1, 708, 18.5, 33, 1, 1, 0),
(1, 711, 18.5, 34, 1, 1, 0),
(1, 714, 18.437, 33, 1, 1, 0),
(1, 714, 18.375, 33, 1, 1, 0),
(1, 711, 18.375, 33, 1, 1, 0),
(1, 710, 18.187, 32, 1, 1, 0),
(1, 714, 18.062, 33, 1, 1, 0),
(1, 714, 18, 33, 1, 1, 0),
(1, 709, 17.812, 34, 1, 1, 0),
(1, 709, 17.312, 33, 1, 1, 0),
(1, 709, 17.687, 33, 1, 1, 0),
(1, 709, 17.625, 34, 1, 1, 0),
(1, 707, 17.562, 34, 1, 1, 0),
(1, 709, 17.437, 34, 1, 1, 0),
(1, 714, 17.625, 34, 1, 1, 1),
(1, 713, 17.312, 34, 1, 1, 11),
(1, 712, 16.437, 34, 1, 1, 150),
(1, 710, 16.562, 34, 1, 1, 306),
(1, 709, 16.75, 35, 1, 1, 481),
(1, 712, 17.375, 35, 1, 1, 853),
(1, 708, 18.187, 33, 1, 1, 1202),
(1, 710, 18.375, 34, 1, 1, 1695),
(1, 713, 18.75, 35, 1, 1, 1770),
(1, 714, 19, 34, 1, 1, 1303),
(1, 711, 19, 34, 1, 1, 1446),
(1, 716, 19.125, 34, 1, 1, 732),
(1, 708, 19.062, 35, 1, 1, 2610),
(1, 709, 17.875, 35, 1, 1, 1338),
(1, 708, 18.5, 35, 1, 1, 1478),
(1, 709, 18.25, 35, 1, 1, 958),
(1, 710, 17.375, 34, 1, 1, 1227),
(1, 713, 18.25, 35, 1, 1, 2566),
(1, 713, 18.125, 34, 1, 1, 2348),
(1, 711, 18.125, 35, 1, 1, 2754),
(1, 711, 19.125, 34, 1, 1, 3482),
(1, 714, 19.25, 36, 1, 1, 2884),
(1, 715, 19.25, 35, 1, 1, 4119),
(1, 710, 18.687, 34, 1, 1, 4060),
(1, 709, 20.062, 35, 1, 1, 6577),
(1, 708, 20.562, 33, 1, 1, 2931),
(1, 709, 20.25, 34, 1, 1, 973),
(1, 714, 19.625, 34, 1, 1, 1216),
(1, 708, 21.25, 34, 1, 1, 7438),
(1, 711, 22.187, 34, 1, 1, 4908),
(1, 716, 21.062, 35, 1, 1, 1167),
(1, 713, 20.625, 35, 1, 1, 1805),
(1, 711, 20.562, 34, 1, 1, 4896),
(1, 708, 20.562, 35, 1, 1, 1447),
(1, 708, 20.562, 34, 1, 1, 3187),
(1, 708, 20.937, 34, 1, 1, 769),
(1, 708, 20.25, 34, 1, 1, 1246),
(1, 709, 20.625, 34, 1, 1, 3855),
(1, 712, 20.687, 34, 1, 1, 2708),
(1, 713, 21.062, 34, 1, 1, 2684),
(1, 712, 21, 34, 1, 1, 959),
(1, 711, 20.812, 35, 1, 1, 1887),
(1, 709, 20.375, 34, 1, 1, 1037),
(1, 709, 20.375, 34, 1, 1, 648),
(1, 708, 20, 35, 1, 1, 430),
(1, 710, 20, 33, 1, 1, 453),
(1, 710, 19.937, 34, 1, 1, 535),
(1, 709, 19.75, 34, 1, 1, 553),
(1, 712, 19.562, 34, 1, 1, 202),
(1, 712, 19.375, 34, 1, 1, 69),
(1, 711, 19.375, 35, 1, 1, 15),
(1, 709, 18.875, 35, 1, 1, 1),
(1, 708, 18.562, 35, 1, 1, 0),
(1, 712, 18.687, 35, 1, 1, 0),
(1, 710, 18.687, 34, 1, 1, 0),
(1, 709, 18.437, 34, 1, 1, 0),
(1, 708, 18.5, 34, 1, 1, 0),
(1, 711, 18.75, 34, 1, 1, 0),
(1, 715, 18.687, 34, 1, 1, 0),
(1, 711, 18.5, 34, 1, 1, 0),
(1, 714, 18.312, 35, 1, 1, 0),
(1, 712, 18.375, 33, 1, 1, 0),
(1, 711, 18.312, 34, 1, 1, 0),
(1, 711, 18.312, 34, 1, 1, 0),
(1, 709, 17.875, 33, 1, 1, 0),
(1, 709, 17.875, 34, 1, 1, 0),
(1, 709, 17.812, 34, 1, 1, 0),
(1, 710, 17.75, 33, 1, 1, 0),
(1, 709, 17.875, 34, 1, 1, 0),
(1, 711, 17.437, 34, 1, 1, 0),
(1, 711, 17.25, 32, 1, 1, 0),
(1, 713, 17.687, 34, 1, 1, 0),
(1, 710, 17.5, 33, 1, 1, 0),
(1, 709, 16.937, 34, 1, 1, 0),
(1, 709, 17.062, 34, 1, 1, 0),
(1, 712, 17.062, 33, 1, 1, 0),
(1, 709, 17.375, 34, 1, 1, 0),
(1, 708, 17.375, 33, 1, 1, 0),
(1, 710, 17.312, 33, 1, 1, 0),
(1, 713, 17.375, 33, 1, 1, 0),
(1, 713, 17.312, 32, 1, 1, 0),
(1, 710, 17.25, 32, 1, 1, 0),
(1, 709, 17.187, 32, 1, 1, 0),
(1, 710, 17.062, 32, 1, 1, 0),
(1, 710, 17.062, 32, 1, 1, 0),
(1, 708, 16.937, 32, 1, 1, 0),
(1, 710, 16.875, 31, 1, 1, 0),
(1, 710, 16.75, 32, 1, 1, 0),
(1, 709, 16.687, 32, 1, 1, 0),
(1, 709, 16.625, 32, 1, 1, 0),
(1, 707, 16.562, 32, 1, 1, 0),
(1, 709, 16.5, 31, 1, 1, 0),
(1, 713, 16.437, 32, 1, 1, 0),
(1, 712, 16.5, 31, 1, 1, 0),
(1, 711, 16.5, 32, 1, 1, 0),
(1, 710, 16.562, 32, 1, 1, 0),
(1, 709, 16.437, 31, 1, 1, 1),
(1, 708, 16.437, 32, 1, 1, 15),
(1, 708, 16.375, 32, 1, 1, 64),
(1, 707, 16.5, 31, 1, 1, 373),
(1, 710, 16.75, 32, 1, 1, 399),
(1, 712, 17.062, 31, 1, 1, 606),
(1, 714, 17.187, 31, 1, 1, 867),
(1, 711, 17.625, 31, 1, 1, 1192),
(1, 711, 0, 31, 1, 1, 1339),
(1, 708, 18.125, 31, 1, 1, 1925),
(1, 707, 17.875, 31, 1, 1, 1264),
(1, 709, 18.187, 32, 1, 1, 2605),
(1, 709, 18.437, 31, 1, 1, 2024),
(1, 710, 18.437, 31, 1, 1, 1597),
(1, 715, 18.437, 32, 1, 1, 1131),
(1, 719, 18.437, 31, 1, 1, 1466),
(1, 710, 18.437, 31, 1, 1, 2780),
(1, 709, 18.437, 31, 1, 1, 2489),
(1, 708, 19.125, 31, 1, 1, 2982),
(1, 708, 19.437, 31, 1, 1, 3034),
(1, 708, 19.625, 31, 1, 1, 2761),
(1, 708, 19.75, 31, 1, 1, 4707),
(1, 708, 19.875, 31, 1, 1, 3301),
(1, 708, 19.75, 31, 1, 1, 1383),
(1, 707, 20.312, 31, 1, 1, 4191),
(1, 708, 20.312, 31, 1, 1, 4641),
(1, 710, 20.625, 31, 1, 1, 2517),
(1, 713, 20.75, 31, 1, 1, 1821),
(1, 715, 23.187, 30, 1, 1, 6675),
(1, 709, 23.75, 29, 1, 1, 7883),
(1, 716, 23.875, 30, 1, 1, 20581),
(1, 708, 24.187, 30, 1, 1, 12388),
(1, 707, 24.187, 30, 1, 1, 31304),
(1, 708, 24.437, 30, 1, 1, 10362),
(1, 707, 24.937, 29, 1, 1, 7272),
(1, 711, 25.187, 29, 1, 1, 7294),
(1, 713, 25.437, 29, 1, 1, 38272),
(1, 712, 25.437, 29, 1, 1, 31267),
(1, 712, 24.375, 28, 1, 1, 11132),
(1, 709, 24.062, 28, 1, 1, 2777),
(1, 706, 24.062, 28, 1, 1, 2028),
(1, 710, 22.937, 28, 1, 1, 1955),
(1, 708, 22.875, 29, 1, 1, 1509),
(1, 710, 23.062, 29, 1, 1, 1247),
(1, 709, 23.125, 28, 1, 1, 1136),
(1, 712, 22.812, 28, 1, 1, 1403),
(1, 712, 22.25, 28, 1, 1, 935),
(1, 710, 21.687, 27, 1, 1, 557),
(1, 708, 21.125, 28, 1, 1, 243),
(1, 708, 21, 27, 1, 1, 75),
(1, 708, 20.812, 27, 1, 1, 4),
(1, 711, 20.812, 27, 1, 1, 0),
(1, 712, 20.625, 27, 1, 1, 0),
(1, 719, 20.75, 28, 1, 1, 0),
(1, 706, 20.625, 27, 1, 1, 0),
(1, 706, 20.437, 27, 1, 1, 0),
(1, 706, 20.375, 27, 1, 1, 0),
(1, 707, 20.125, 26, 1, 1, 0),
(1, 710, 20.125, 27, 1, 1, 0),
(1, 710, 19.875, 26, 1, 1, 0),
(1, 709, 19.25, 27, 1, 1, 0),
(1, 706, 19.312, 27, 1, 1, 0),
(1, 706, 19.562, 27, 1, 1, 0),
(1, 707, 19.5, 27, 1, 1, 0),
(1, 707, 19.812, 28, 1, 1, 0),
(1, 706, 19.687, 28, 1, 1, 0),
(1, 706, 19.562, 27, 1, 1, 0),
(1, 710, 18.937, 27, 1, 1, 0),
(1, 710, 19.187, 26, 1, 1, 0);
INSERT INTO `Mediciones` (`id_Planta`, `humedad`, `temperatura`, `polucion`, `nivelbajo`, `nivelalto`, `luz`) VALUES
(1, 707, 19.125, 26, 1, 1, 0),
(1, 707, 18.937, 27, 1, 1, 0),
(1, 707, 18.875, 28, 1, 1, 0),
(1, 706, 18.937, 27, 1, 1, 0),
(1, 706, 19, 28, 1, 1, 0),
(1, 706, 18.625, 27, 1, 1, 0),
(1, 708, 18.687, 27, 1, 1, 0),
(1, 711, 18.562, 27, 1, 1, 0),
(1, 710, 18.562, 27, 1, 1, 0),
(1, 711, 18.437, 26, 1, 1, 0),
(1, 707, 18.5, 27, 1, 1, 0),
(1, 707, 18.312, 27, 1, 1, 0),
(1, 707, 17.937, 27, 1, 1, 0),
(1, 706, 17.937, 27, 1, 1, 0),
(1, 706, 18.187, 26, 1, 1, 0),
(1, 706, 18.25, 26, 1, 1, 0),
(1, 712, 17.687, 27, 1, 1, 0),
(1, 705, 18, 27, 1, 1, 0),
(1, 707, 18.125, 26, 1, 1, 0),
(1, 708, 18.125, 26, 1, 1, 0),
(1, 710, 17.375, 26, 1, 1, 0),
(1, 710, 17.625, 27, 1, 1, 0),
(1, 706, 17.687, 27, 1, 1, 0),
(1, 708, 17.562, 25, 1, 1, 0),
(1, 706, 17.875, 26, 1, 1, 0),
(1, 706, 17.937, 26, 1, 1, 0),
(1, 706, 17.812, 26, 1, 1, 0),
(1, 705, 17.875, 26, 1, 1, 4),
(1, 707, 17.812, 26, 1, 1, 55),
(1, 711, 16.937, 26, 1, 1, 198),
(1, 710, 17.187, 26, 1, 1, 407),
(1, 710, 17.625, 26, 1, 1, 661),
(1, 707, 18.312, 26, 1, 1, 790),
(1, 706, 18.562, 26, 1, 1, 1290),
(1, 705, 18.687, 26, 1, 1, 1452),
(1, 706, 19.062, 26, 1, 1, 1816),
(1, 706, 19.25, 26, 1, 1, 1590),
(1, 706, 19.25, 26, 1, 1, 2027),
(1, 710, 19.312, 27, 1, 1, 2670),
(1, 712, 19.562, 26, 1, 1, 2342),
(1, 708, 19.375, 27, 1, 1, 2378),
(1, 706, 19.562, 24, 1, 1, 2621),
(1, 705, 19.625, 26, 1, 1, 2082),
(1, 705, 19.687, 26, 1, 1, 2211),
(1, 704, 19.125, 27, 1, 1, 1804),
(1, 706, 19.312, 26, 1, 1, 2325),
(1, 708, 19.375, 26, 1, 1, 3037),
(1, 711, 19.812, 26, 1, 1, 2760),
(1, 710, 19.812, 26, 1, 1, 3914),
(1, 708, 20.187, 27, 1, 1, 5999),
(1, 710, 20.687, 27, 1, 1, 5311),
(1, 715, 20.75, 26, 1, 1, 4090),
(1, 710, 20.25, 27, 1, 1, 2900),
(1, 706, 20.5, 26, 1, 1, 5062),
(1, 706, 21.125, 27, 1, 1, 7269),
(1, 706, 21.062, 27, 1, 1, 5563),
(1, 7687, 21.25, 30, 1, 1, 2076),
(1, 686, 21.25, 30, 1, 1, 5038),
(1, 683, 22, 30, 1, 1, 13330),
(1, 681, 22.687, 31, 1, 1, 10335),
(1, 680, 23.625, 30, 1, 1, 3168),
(1, 686, 23.687, 30, 1, 1, 7475),
(1, 683, 23.687, 30, 1, 1, 3070),
(1, 681, 23.375, 30, 1, 1, 15258),
(1, 681, 23.187, 31, 1, 1, 3061),
(1, 680, 22.937, 30, 1, 1, 4600),
(1, 681, 22.812, 30, 1, 1, 3491),
(1, 682, 22.812, 30, 1, 1, 2540),
(1, 684, 22.437, 30, 1, 1, 1472),
(1, 686, 22.25, 31, 1, 1, 1463),
(1, 685, 22, 30, 1, 1, 979),
(1, 683, 21.375, 30, 1, 1, 787),
(1, 680, 21.437, 31, 1, 1, 1040),
(1, 682, 21.187, 30, 1, 1, 494),
(1, 681, 21.187, 30, 1, 1, 395),
(1, 682, 20.875, 29, 1, 1, 200),
(1, 683, 20.562, 30, 1, 1, 38),
(1, 683, 19.937, 30, 1, 1, 1),
(1, 685, 19.875, 31, 1, 1, 0),
(1, 685, 20, 31, 1, 1, 0),
(1, 680, 20.125, 30, 1, 1, 0),
(1, 679, 20.125, 30, 1, 1, 0),
(1, 679, 19.812, 30, 1, 1, 0),
(1, 684, 19.75, 31, 1, 1, 0),
(1, 679, 19.562, 30, 1, 1, 0),
(1, 671, 20, 30, 1, 1, 0),
(1, 674, 19.687, 30, 1, 1, 0),
(1, 677, 19.937, 30, 1, 1, 0),
(1, 679, 20, 31, 1, 1, 0),
(1, 677, 19.875, 29, 1, 1, 0),
(1, 675, 19.812, 30, 1, 1, 0),
(1, 677, 19.625, 30, 1, 1, 0),
(1, 676, 19.562, 30, 1, 1, 0),
(1, 678, 19.375, 30, 1, 1, 0),
(1, 674, 19.25, 30, 1, 1, 0),
(1, 676, 19.187, 29, 1, 1, 0),
(1, 676, 19.062, 30, 1, 1, 0),
(1, 675, 19, 30, 1, 1, 0),
(1, 676, 19.062, 31, 1, 1, 0),
(1, 678, 18.937, 30, 1, 1, 0),
(1, 681, 18.25, 30, 1, 1, 0),
(1, 680, 17.812, 30, 1, 1, 0),
(1, 677, 18.312, 31, 1, 1, 0),
(1, 678, 18.437, 30, 1, 1, 0),
(1, 678, 18.437, 31, 1, 1, 0),
(1, 676, 18.312, 30, 1, 1, 0),
(1, 685, 18.312, 30, 1, 1, 0),
(1, 677, 18.25, 31, 1, 1, 0),
(1, 678, 18.25, 30, 1, 1, 0),
(1, 680, 18.25, 30, 1, 1, 0),
(1, 682, 18.312, 30, 1, 1, 0),
(1, 681, 18.25, 30, 1, 1, 0),
(1, 677, 18.125, 30, 1, 1, 0),
(1, 677, 18.125, 30, 1, 1, 0),
(1, 676, 18.062, 30, 1, 1, 0),
(1, 676, 17.937, 30, 1, 1, 0),
(1, 676, 17.875, 30, 1, 1, 0),
(1, 676, 17.937, 31, 1, 1, 0),
(1, 681, 17.937, 30, 1, 1, 0),
(1, 681, 17.937, 30, 1, 1, 0),
(1, 678, 17.875, 30, 1, 1, 0),
(1, 676, 17.875, 30, 1, 1, 0),
(1, 677, 17.812, 29, 1, 1, 1),
(1, 676, 17.75, 30, 1, 1, 16),
(1, 675, 17.687, 29, 1, 1, 94),
(1, 676, 17.625, 29, 1, 1, 166),
(1, 677, 17.562, 31, 1, 1, 382),
(1, 676, 17.687, 30, 1, 1, 816),
(1, 677, 17.937, 30, 1, 1, 1359),
(1, 677, 17.75, 30, 1, 1, 811),
(1, 681, 17.875, 29, 1, 1, 1334),
(1, 683, 18.5, 30, 1, 1, 1221),
(1, 681, 19.062, 30, 1, 1, 1646),
(1, 679, 19.437, 29, 1, 1, 1996),
(1, 678, 18.875, 29, 1, 1, 2550),
(1, 678, 19.062, 30, 1, 1, 1683),
(1, 677, 19.187, 30, 1, 1, 1801),
(1, 682, 19.437, 29, 1, 1, 3663),
(1, 685, 19.812, 30, 1, 1, 3568),
(1, 681, 20, 30, 1, 1, 3328),
(1, 683, 19.562, 29, 1, 1, 2353),
(1, 683, 19.75, 30, 1, 1, 5121),
(1, 680, 19.75, 29, 1, 1, 2237),
(1, 679, 19.562, 29, 1, 1, 1845),
(1, 679, 19.75, 30, 1, 1, 6191),
(1, 680, 19.812, 30, 1, 1, 2145),
(1, 680, 19.812, 30, 1, 1, 3223),
(1, 677, 20.125, 30, 1, 1, 5896),
(1, 680, 20.187, 30, 1, 1, 1422),
(1, 682, 19.937, 29, 1, 1, 2979),
(1, 682, 19.937, 29, 1, 1, 5565);

-- --------------------------------------------------------

--
-- Estructura de tabla para la tabla `pages_datos`
--

CREATE TABLE `pages_datos` (
  `id` int(11) NOT NULL,
  `fecha` datetime(6) NOT NULL,
  `humedad` double NOT NULL,
  `temperatura` double NOT NULL
) ENGINE=InnoDB DEFAULT CHARSET=utf8 COLLATE=utf8_unicode_ci;

-- --------------------------------------------------------

--
-- Estructura de tabla para la tabla `Planta`
--

CREATE TABLE `Planta` (
  `ID` int(11) NOT NULL,
  `tipo` text NOT NULL,
  `fecha_plantado` datetime NOT NULL,
  `proveedor` text NOT NULL,
  `id_plantador` int(11) NOT NULL,
  `Id_tecnica` int(11) NOT NULL,
  `Ruta_camara` text
) ENGINE=InnoDB DEFAULT CHARSET=latin1;

--
-- Volcado de datos para la tabla `Planta`
--

INSERT INTO `Planta` (`ID`, `tipo`, `fecha_plantado`, `proveedor`, `id_plantador`, `Id_tecnica`, `Ruta_camara`) VALUES
(1, 'Cilantro', '2019-04-12 10:00:00', 'Carolina', 2, 3, '12a42b7b.ngrok.io\n');

-- --------------------------------------------------------

--
-- Estructura de tabla para la tabla `Tecnicas`
--

CREATE TABLE `Tecnicas` (
  `ID` int(11) NOT NULL,
  `Nombre de metodo` varchar(50) NOT NULL,
  `Recipiente` varchar(50) DEFAULT NULL,
  `Descipcion` varchar(50) DEFAULT NULL
) ENGINE=InnoDB DEFAULT CHARSET=latin1;

--
-- Volcado de datos para la tabla `Tecnicas`
--

INSERT INTO `Tecnicas` (`ID`, `Nombre de metodo`, `Recipiente`, `Descipcion`) VALUES
(1, 'Tubulares', 'Vertical', NULL),
(2, 'Cojin', 'Horizontal', NULL),
(3, 'Botellas o Materas', 'Individuales pequeños', NULL),
(4, 'Canecas Plásticas', 'Individuales', NULL),
(5, 'Canecas Plásticas', 'Individuales', NULL),
(6, 'Camas', 'Horizontal', NULL);

-- --------------------------------------------------------

--
-- Estructura de tabla para la tabla `Usuario`
--

CREATE TABLE `Usuario` (
  `ID` int(11) NOT NULL,
  `Username` text NOT NULL,
  `Nombre` text NOT NULL,
  `Apellidos` text,
  `Password` text NOT NULL,
  `Privilegios` int(11) NOT NULL
) ENGINE=InnoDB DEFAULT CHARSET=latin1;

--
-- Volcado de datos para la tabla `Usuario`
--

INSERT INTO `Usuario` (`ID`, `Username`, `Nombre`, `Apellidos`, `Password`, `Privilegios`) VALUES
(1, 'santiagobarragan@usantotomas.edu.co', 'Santiago', 'Barragan Paez', '071930', 1),
(2, 'carolinagomezr@usantotomas.edu.co', 'Carolina', 'Gomez', '1234', 1),
(5, 'Alison_Ruiz', 'Alison', 'Ruiz', '1234', 2),
(6, 'guest', 'invitado', NULL, '1234', 2);

-- --------------------------------------------------------

--
-- Estructura de tabla para la tabla `Usuario_Planta`
--

CREATE TABLE `Usuario_Planta` (
  `id_Planta` int(11) DEFAULT NULL,
  `id_Usuario` int(11) DEFAULT NULL
) ENGINE=InnoDB DEFAULT CHARSET=latin1;

--
-- Volcado de datos para la tabla `Usuario_Planta`
--

INSERT INTO `Usuario_Planta` (`id_Planta`, `id_Usuario`) VALUES
(1, 1),
(1, 2),
(1, 6);

--
-- Índices para tablas volcadas
--

--
-- Indices de la tabla `auth_group`
--
ALTER TABLE `auth_group`
  ADD PRIMARY KEY (`id`),
  ADD UNIQUE KEY `name` (`name`);

--
-- Indices de la tabla `auth_group_permissions`
--
ALTER TABLE `auth_group_permissions`
  ADD PRIMARY KEY (`id`),
  ADD UNIQUE KEY `auth_group_permissions_group_id_permission_id_0cd325b0_uniq` (`group_id`,`permission_id`),
  ADD KEY `auth_group_permissio_permission_id_84c5c92e_fk_auth_perm` (`permission_id`);

--
-- Indices de la tabla `auth_permission`
--
ALTER TABLE `auth_permission`
  ADD PRIMARY KEY (`id`),
  ADD UNIQUE KEY `auth_permission_content_type_id_codename_01ab375a_uniq` (`content_type_id`,`codename`);

--
-- Indices de la tabla `auth_user`
--
ALTER TABLE `auth_user`
  ADD PRIMARY KEY (`id`),
  ADD UNIQUE KEY `username` (`username`);

--
-- Indices de la tabla `auth_user_groups`
--
ALTER TABLE `auth_user_groups`
  ADD PRIMARY KEY (`id`),
  ADD UNIQUE KEY `auth_user_groups_user_id_group_id_94350c0c_uniq` (`user_id`,`group_id`),
  ADD KEY `auth_user_groups_group_id_97559544_fk_auth_group_id` (`group_id`);

--
-- Indices de la tabla `auth_user_user_permissions`
--
ALTER TABLE `auth_user_user_permissions`
  ADD PRIMARY KEY (`id`),
  ADD UNIQUE KEY `auth_user_user_permissions_user_id_permission_id_14a6b632_uniq` (`user_id`,`permission_id`),
  ADD KEY `auth_user_user_permi_permission_id_1fbb5f2c_fk_auth_perm` (`permission_id`);

--
-- Indices de la tabla `django_admin_log`
--
ALTER TABLE `django_admin_log`
  ADD PRIMARY KEY (`id`),
  ADD KEY `django_admin_log_content_type_id_c4bce8eb_fk_django_co` (`content_type_id`),
  ADD KEY `django_admin_log_user_id_c564eba6_fk_auth_user_id` (`user_id`);

--
-- Indices de la tabla `django_content_type`
--
ALTER TABLE `django_content_type`
  ADD PRIMARY KEY (`id`),
  ADD UNIQUE KEY `django_content_type_app_label_model_76bd3d3b_uniq` (`app_label`,`model`);

--
-- Indices de la tabla `django_migrations`
--
ALTER TABLE `django_migrations`
  ADD PRIMARY KEY (`id`);

--
-- Indices de la tabla `django_session`
--
ALTER TABLE `django_session`
  ADD PRIMARY KEY (`session_key`),
  ADD KEY `django_session_expire_date_a5c62663` (`expire_date`);

--
-- Indices de la tabla `Mediciones`
--
ALTER TABLE `Mediciones`
  ADD KEY `ID` (`id_Planta`);

--
-- Indices de la tabla `pages_datos`
--
ALTER TABLE `pages_datos`
  ADD PRIMARY KEY (`id`);

--
-- Indices de la tabla `Planta`
--
ALTER TABLE `Planta`
  ADD PRIMARY KEY (`ID`),
  ADD KEY `id_plantador` (`id_plantador`),
  ADD KEY `id_plantador_2` (`id_plantador`),
  ADD KEY `Id_tecnica` (`Id_tecnica`);

--
-- Indices de la tabla `Tecnicas`
--
ALTER TABLE `Tecnicas`
  ADD PRIMARY KEY (`ID`),
  ADD UNIQUE KEY `ID` (`ID`);

--
-- Indices de la tabla `Usuario`
--
ALTER TABLE `Usuario`
  ADD PRIMARY KEY (`ID`),
  ADD UNIQUE KEY `ID` (`ID`);

--
-- Indices de la tabla `Usuario_Planta`
--
ALTER TABLE `Usuario_Planta`
  ADD KEY `FK_planta` (`id_Planta`),
  ADD KEY `FK_user` (`id_Usuario`);

--
-- AUTO_INCREMENT de las tablas volcadas
--

--
-- AUTO_INCREMENT de la tabla `auth_group`
--
ALTER TABLE `auth_group`
  MODIFY `id` int(11) NOT NULL AUTO_INCREMENT;

--
-- AUTO_INCREMENT de la tabla `auth_group_permissions`
--
ALTER TABLE `auth_group_permissions`
  MODIFY `id` int(11) NOT NULL AUTO_INCREMENT;

--
-- AUTO_INCREMENT de la tabla `auth_permission`
--
ALTER TABLE `auth_permission`
  MODIFY `id` int(11) NOT NULL AUTO_INCREMENT, AUTO_INCREMENT=29;

--
-- AUTO_INCREMENT de la tabla `auth_user`
--
ALTER TABLE `auth_user`
  MODIFY `id` int(11) NOT NULL AUTO_INCREMENT;

--
-- AUTO_INCREMENT de la tabla `auth_user_groups`
--
ALTER TABLE `auth_user_groups`
  MODIFY `id` int(11) NOT NULL AUTO_INCREMENT;

--
-- AUTO_INCREMENT de la tabla `auth_user_user_permissions`
--
ALTER TABLE `auth_user_user_permissions`
  MODIFY `id` int(11) NOT NULL AUTO_INCREMENT;

--
-- AUTO_INCREMENT de la tabla `django_admin_log`
--
ALTER TABLE `django_admin_log`
  MODIFY `id` int(11) NOT NULL AUTO_INCREMENT;

--
-- AUTO_INCREMENT de la tabla `django_content_type`
--
ALTER TABLE `django_content_type`
  MODIFY `id` int(11) NOT NULL AUTO_INCREMENT, AUTO_INCREMENT=8;

--
-- AUTO_INCREMENT de la tabla `django_migrations`
--
ALTER TABLE `django_migrations`
  MODIFY `id` int(11) NOT NULL AUTO_INCREMENT, AUTO_INCREMENT=19;

--
-- AUTO_INCREMENT de la tabla `pages_datos`
--
ALTER TABLE `pages_datos`
  MODIFY `id` int(11) NOT NULL AUTO_INCREMENT;

--
-- AUTO_INCREMENT de la tabla `Tecnicas`
--
ALTER TABLE `Tecnicas`
  MODIFY `ID` int(11) NOT NULL AUTO_INCREMENT, AUTO_INCREMENT=7;

--
-- AUTO_INCREMENT de la tabla `Usuario`
--
ALTER TABLE `Usuario`
  MODIFY `ID` int(11) NOT NULL AUTO_INCREMENT, AUTO_INCREMENT=7;

--
-- Restricciones para tablas volcadas
--

--
-- Filtros para la tabla `auth_group_permissions`
--
ALTER TABLE `auth_group_permissions`
  ADD CONSTRAINT `auth_group_permissio_permission_id_84c5c92e_fk_auth_perm` FOREIGN KEY (`permission_id`) REFERENCES `auth_permission` (`id`),
  ADD CONSTRAINT `auth_group_permissions_group_id_b120cbf9_fk_auth_group_id` FOREIGN KEY (`group_id`) REFERENCES `auth_group` (`id`);

--
-- Filtros para la tabla `auth_permission`
--
ALTER TABLE `auth_permission`
  ADD CONSTRAINT `auth_permission_content_type_id_2f476e4b_fk_django_co` FOREIGN KEY (`content_type_id`) REFERENCES `django_content_type` (`id`);

--
-- Filtros para la tabla `auth_user_groups`
--
ALTER TABLE `auth_user_groups`
  ADD CONSTRAINT `auth_user_groups_group_id_97559544_fk_auth_group_id` FOREIGN KEY (`group_id`) REFERENCES `auth_group` (`id`),
  ADD CONSTRAINT `auth_user_groups_user_id_6a12ed8b_fk_auth_user_id` FOREIGN KEY (`user_id`) REFERENCES `auth_user` (`id`);

--
-- Filtros para la tabla `auth_user_user_permissions`
--
ALTER TABLE `auth_user_user_permissions`
  ADD CONSTRAINT `auth_user_user_permi_permission_id_1fbb5f2c_fk_auth_perm` FOREIGN KEY (`permission_id`) REFERENCES `auth_permission` (`id`),
  ADD CONSTRAINT `auth_user_user_permissions_user_id_a95ead1b_fk_auth_user_id` FOREIGN KEY (`user_id`) REFERENCES `auth_user` (`id`);

--
-- Filtros para la tabla `django_admin_log`
--
ALTER TABLE `django_admin_log`
  ADD CONSTRAINT `django_admin_log_content_type_id_c4bce8eb_fk_django_co` FOREIGN KEY (`content_type_id`) REFERENCES `django_content_type` (`id`),
  ADD CONSTRAINT `django_admin_log_user_id_c564eba6_fk_auth_user_id` FOREIGN KEY (`user_id`) REFERENCES `auth_user` (`id`);

--
-- Filtros para la tabla `Mediciones`
--
ALTER TABLE `Mediciones`
  ADD CONSTRAINT `Mediciones_ibfk_1` FOREIGN KEY (`id_Planta`) REFERENCES `Planta` (`id`) ON DELETE CASCADE ON UPDATE CASCADE;

--
-- Filtros para la tabla `Planta`
--
ALTER TABLE `Planta`
  ADD CONSTRAINT `id usuario` FOREIGN KEY (`id_plantador`) REFERENCES `Usuario` (`id`) ON DELETE CASCADE ON UPDATE CASCADE,
  ADD CONSTRAINT `id_tecnica` FOREIGN KEY (`Id_tecnica`) REFERENCES `Tecnicas` (`id`) ON DELETE CASCADE ON UPDATE CASCADE;

--
-- Filtros para la tabla `Usuario_Planta`
--
ALTER TABLE `Usuario_Planta`
  ADD CONSTRAINT `Planta` FOREIGN KEY (`id_Planta`) REFERENCES `Planta` (`id`) ON DELETE CASCADE ON UPDATE CASCADE,
  ADD CONSTRAINT `User` FOREIGN KEY (`id_Usuario`) REFERENCES `Usuario` (`id`) ON DELETE CASCADE ON UPDATE CASCADE;
COMMIT;

/*!40101 SET CHARACTER_SET_CLIENT=@OLD_CHARACTER_SET_CLIENT */;
/*!40101 SET CHARACTER_SET_RESULTS=@OLD_CHARACTER_SET_RESULTS */;
/*!40101 SET COLLATION_CONNECTION=@OLD_COLLATION_CONNECTION */;
