-- phpMyAdmin SQL Dump
-- version 4.8.5
-- https://www.phpmyadmin.net/
--
-- Servidor: localhost
-- Tiempo de generación: 19-09-2019 a las 01:18:03
-- Versión del servidor: 8.0.13-4
-- Versión de PHP: 7.2.19-0ubuntu0.18.04.2

SET SQL_MODE = "NO_AUTO_VALUE_ON_ZERO";
SET AUTOCOMMIT = 0;
START TRANSACTION;
SET time_zone = "+00:00";


/*!40101 SET @OLD_CHARACTER_SET_CLIENT=@@CHARACTER_SET_CLIENT */;
/*!40101 SET @OLD_CHARACTER_SET_RESULTS=@@CHARACTER_SET_RESULTS */;
/*!40101 SET @OLD_COLLATION_CONNECTION=@@COLLATION_CONNECTION */;
/*!40101 SET NAMES utf8mb4 */;

--
-- Base de datos: `Nzqw6lmhpB`
--

-- --------------------------------------------------------

--
-- Estructura de tabla para la tabla `auth_group`
--

CREATE TABLE `auth_group` (
  `id` int(11) NOT NULL,
  `name` varchar(150) COLLATE utf8_unicode_ci NOT NULL
) ENGINE=InnoDB DEFAULT CHARSET=utf8 COLLATE=utf8_unicode_ci;

-- --------------------------------------------------------

--
-- Estructura de tabla para la tabla `auth_group_permissions`
--

CREATE TABLE `auth_group_permissions` (
  `id` int(11) NOT NULL,
  `group_id` int(11) NOT NULL,
  `permission_id` int(11) NOT NULL
) ENGINE=InnoDB DEFAULT CHARSET=utf8 COLLATE=utf8_unicode_ci;

-- --------------------------------------------------------

--
-- Estructura de tabla para la tabla `auth_permission`
--

CREATE TABLE `auth_permission` (
  `id` int(11) NOT NULL,
  `name` varchar(255) COLLATE utf8_unicode_ci NOT NULL,
  `content_type_id` int(11) NOT NULL,
  `codename` varchar(100) COLLATE utf8_unicode_ci NOT NULL
) ENGINE=InnoDB DEFAULT CHARSET=utf8 COLLATE=utf8_unicode_ci;

--
-- Volcado de datos para la tabla `auth_permission`
--

INSERT INTO `auth_permission` (`id`, `name`, `content_type_id`, `codename`) VALUES
(1, 'Can add log entry', 1, 'add_logentry'),
(2, 'Can change log entry', 1, 'change_logentry'),
(3, 'Can delete log entry', 1, 'delete_logentry'),
(4, 'Can view log entry', 1, 'view_logentry'),
(5, 'Can add permission', 2, 'add_permission'),
(6, 'Can change permission', 2, 'change_permission'),
(7, 'Can delete permission', 2, 'delete_permission'),
(8, 'Can view permission', 2, 'view_permission'),
(9, 'Can add group', 3, 'add_group'),
(10, 'Can change group', 3, 'change_group'),
(11, 'Can delete group', 3, 'delete_group'),
(12, 'Can view group', 3, 'view_group'),
(13, 'Can add user', 4, 'add_user'),
(14, 'Can change user', 4, 'change_user'),
(15, 'Can delete user', 4, 'delete_user'),
(16, 'Can view user', 4, 'view_user'),
(17, 'Can add content type', 5, 'add_contenttype'),
(18, 'Can change content type', 5, 'change_contenttype'),
(19, 'Can delete content type', 5, 'delete_contenttype'),
(20, 'Can view content type', 5, 'view_contenttype'),
(21, 'Can add session', 6, 'add_session'),
(22, 'Can change session', 6, 'change_session'),
(23, 'Can delete session', 6, 'delete_session'),
(24, 'Can view session', 6, 'view_session'),
(25, 'Can add datos', 7, 'add_datos'),
(26, 'Can change datos', 7, 'change_datos'),
(27, 'Can delete datos', 7, 'delete_datos'),
(28, 'Can view datos', 7, 'view_datos');

-- --------------------------------------------------------

--
-- Estructura de tabla para la tabla `auth_user`
--

CREATE TABLE `auth_user` (
  `id` int(11) NOT NULL,
  `password` varchar(128) COLLATE utf8_unicode_ci NOT NULL,
  `last_login` datetime(6) DEFAULT NULL,
  `is_superuser` tinyint(1) NOT NULL,
  `username` varchar(150) COLLATE utf8_unicode_ci NOT NULL,
  `first_name` varchar(30) COLLATE utf8_unicode_ci NOT NULL,
  `last_name` varchar(150) COLLATE utf8_unicode_ci NOT NULL,
  `email` varchar(254) COLLATE utf8_unicode_ci NOT NULL,
  `is_staff` tinyint(1) NOT NULL,
  `is_active` tinyint(1) NOT NULL,
  `date_joined` datetime(6) NOT NULL
) ENGINE=InnoDB DEFAULT CHARSET=utf8 COLLATE=utf8_unicode_ci;

-- --------------------------------------------------------

--
-- Estructura de tabla para la tabla `auth_user_groups`
--

CREATE TABLE `auth_user_groups` (
  `id` int(11) NOT NULL,
  `user_id` int(11) NOT NULL,
  `group_id` int(11) NOT NULL
) ENGINE=InnoDB DEFAULT CHARSET=utf8 COLLATE=utf8_unicode_ci;

-- --------------------------------------------------------

--
-- Estructura de tabla para la tabla `auth_user_user_permissions`
--

CREATE TABLE `auth_user_user_permissions` (
  `id` int(11) NOT NULL,
  `user_id` int(11) NOT NULL,
  `permission_id` int(11) NOT NULL
) ENGINE=InnoDB DEFAULT CHARSET=utf8 COLLATE=utf8_unicode_ci;

-- --------------------------------------------------------

--
-- Estructura de tabla para la tabla `django_admin_log`
--

CREATE TABLE `django_admin_log` (
  `id` int(11) NOT NULL,
  `action_time` datetime(6) NOT NULL,
  `object_id` longtext COLLATE utf8_unicode_ci,
  `object_repr` varchar(200) COLLATE utf8_unicode_ci NOT NULL,
  `action_flag` smallint(5) UNSIGNED NOT NULL,
  `change_message` longtext COLLATE utf8_unicode_ci NOT NULL,
  `content_type_id` int(11) DEFAULT NULL,
  `user_id` int(11) NOT NULL
) ENGINE=InnoDB DEFAULT CHARSET=utf8 COLLATE=utf8_unicode_ci;

-- --------------------------------------------------------

--
-- Estructura de tabla para la tabla `django_content_type`
--

CREATE TABLE `django_content_type` (
  `id` int(11) NOT NULL,
  `app_label` varchar(100) COLLATE utf8_unicode_ci NOT NULL,
  `model` varchar(100) COLLATE utf8_unicode_ci NOT NULL
) ENGINE=InnoDB DEFAULT CHARSET=utf8 COLLATE=utf8_unicode_ci;

--
-- Volcado de datos para la tabla `django_content_type`
--

INSERT INTO `django_content_type` (`id`, `app_label`, `model`) VALUES
(1, 'admin', 'logentry'),
(3, 'auth', 'group'),
(2, 'auth', 'permission'),
(4, 'auth', 'user'),
(5, 'contenttypes', 'contenttype'),
(7, 'pages', 'datos'),
(6, 'sessions', 'session');

-- --------------------------------------------------------

--
-- Estructura de tabla para la tabla `django_migrations`
--

CREATE TABLE `django_migrations` (
  `id` int(11) NOT NULL,
  `app` varchar(255) COLLATE utf8_unicode_ci NOT NULL,
  `name` varchar(255) COLLATE utf8_unicode_ci NOT NULL,
  `applied` datetime(6) NOT NULL
) ENGINE=InnoDB DEFAULT CHARSET=utf8 COLLATE=utf8_unicode_ci;

--
-- Volcado de datos para la tabla `django_migrations`
--

INSERT INTO `django_migrations` (`id`, `app`, `name`, `applied`) VALUES
(1, 'contenttypes', '0001_initial', '2019-08-14 00:01:17.568898'),
(2, 'auth', '0001_initial', '2019-08-14 00:01:22.022731'),
(3, 'admin', '0001_initial', '2019-08-14 00:01:27.026836'),
(4, 'admin', '0002_logentry_remove_auto_add', '2019-08-14 00:01:27.920006'),
(5, 'admin', '0003_logentry_add_action_flag_choices', '2019-08-14 00:01:28.225442'),
(6, 'contenttypes', '0002_remove_content_type_name', '2019-08-14 00:01:29.389894'),
(7, 'auth', '0002_alter_permission_name_max_length', '2019-08-14 00:01:29.899170'),
(8, 'auth', '0003_alter_user_email_max_length', '2019-08-14 00:01:30.458097'),
(9, 'auth', '0004_alter_user_username_opts', '2019-08-14 00:01:30.665110'),
(10, 'auth', '0005_alter_user_last_login_null', '2019-08-14 00:01:31.142329'),
(11, 'auth', '0006_require_contenttypes_0002', '2019-08-14 00:01:31.324442'),
(12, 'auth', '0007_alter_validators_add_error_messages', '2019-08-14 00:01:31.526390'),
(13, 'auth', '0008_alter_user_username_max_length', '2019-08-14 00:01:32.082445'),
(14, 'auth', '0009_alter_user_last_name_max_length', '2019-08-14 00:01:32.626504'),
(15, 'auth', '0010_alter_group_name_max_length', '2019-08-14 00:01:33.143455'),
(16, 'auth', '0011_update_proxy_permissions', '2019-08-14 00:01:33.597877'),
(17, 'pages', '0001_initial', '2019-08-14 00:01:34.432324'),
(18, 'sessions', '0001_initial', '2019-08-14 00:01:35.214387');

-- --------------------------------------------------------

--
-- Estructura de tabla para la tabla `django_session`
--

CREATE TABLE `django_session` (
  `session_key` varchar(40) COLLATE utf8_unicode_ci NOT NULL,
  `session_data` longtext COLLATE utf8_unicode_ci NOT NULL,
  `expire_date` datetime(6) NOT NULL
) ENGINE=InnoDB DEFAULT CHARSET=utf8 COLLATE=utf8_unicode_ci;

-- --------------------------------------------------------

--
-- Estructura de tabla para la tabla `Mediciones`
--

CREATE TABLE `Mediciones` (
  `id_Planta` int(11) NOT NULL,
  `fecha` datetime NOT NULL,
  `humedad` float DEFAULT NULL,
  `temperatura` float DEFAULT NULL,
  `polucion` float DEFAULT NULL,
  `nivelbajo` float DEFAULT NULL,
  `nivelalto` float DEFAULT NULL,
  `luz` float DEFAULT NULL
) ENGINE=InnoDB DEFAULT CHARSET=latin1;

--
-- Volcado de datos para la tabla `Mediciones`
--

INSERT INTO `Mediciones` (`id_Planta`, `fecha`, `humedad`, `temperatura`, `polucion`, `nivelbajo`, `nivelalto`, `luz`) VALUES
(1, '2019-08-28 00:15:00', 698, 20.125, 28, 1, 1, 443),
(1, '2019-08-28 00:30:00', 698, 20.125, 28, 1, 1, 443),
(1, '2019-08-28 00:45:00', 698, 20.125, 28, 1, 1, 447),
(1, '2019-08-28 01:00:00', 698, 20.125, 28, 1, 1, 446),
(1, '2019-08-28 01:15:00', 698, 20.125, 28, 1, 1, 448),
(1, '2019-08-28 01:30:00', 698, 20.125, 28, 1, 1, 451),
(1, '2019-08-28 01:45:00', 704, 20.125, 28, 1, 1, 456),
(1, '2019-08-28 02:00:00', 698, 20.125, 28, 1, 1, 457),
(1, '2019-08-28 02:15:00', 698, 20.125, 28, 1, 1, 460),
(1, '2019-08-28 02:30:00', 698, 20.125, 28, 1, 1, 458),
(1, '2019-08-28 02:45:00', 698, 20.562, 28, 1, 1, 455),
(1, '2019-08-28 03:00:00', 698, 21.062, 28, 1, 1, 455),
(1, '2019-08-28 03:15:00', 698, 21.5, 28, 1, 1, 455),
(1, '2019-08-28 03:30:00', 699, 21.875, 28, 1, 1, 267),
(1, '2019-08-28 03:45:00', 698, 22.187, 27, 1, 1, 34),
(1, '2019-08-28 04:00:00', 698, 22.437, 28, 1, 1, 31),
(1, '2019-08-28 04:15:00', 699, 22.75, 28, 1, 1, 9),
(1, '2019-08-28 04:30:00', 700, 23, 28, 1, 1, 11),
(1, '2019-08-28 04:45:00', 700, 23.187, 28, 1, 1, 25),
(1, '2019-08-28 05:00:00', 697, 23.437, 30, 1, 1, 13),
(1, '2019-08-28 05:15:00', 698, 23.75, 30, 1, 1, 12),
(1, '2019-08-28 05:30:00', 699, 24, 30, 1, 1, 473),
(1, '2019-08-28 05:45:00', 700, 24.25, 30, 1, 1, 470),
(1, '2019-08-28 06:00:00', 698, 24.5, 30, 1, 1, 473),
(1, '2019-08-28 06:15:00', 698, 24.687, 30, 1, 1, 473),
(1, '2019-08-28 06:30:00', 711, 19.875, 28, 1, 1, 470),
(1, '2019-08-28 06:45:00', 708, 19.875, 28, 1, 1, 475),
(1, '2019-08-28 07:00:00', 709, 24.375, 30, 1, 1, 454),
(1, '2019-08-28 07:15:00', 707, 24, 30, 1, 1, 485),
(1, '2019-08-28 07:30:00', 715, 23.937, 29, 1, 1, 478),
(1, '2019-08-28 07:45:00', 716, 23.875, 30, 1, 1, 479),
(1, '2019-08-28 08:00:00', 709, 23.875, 29, 1, 1, 482),
(1, '2019-08-28 08:15:00', 705, 23.812, 30, 1, 1, 479),
(1, '2019-08-28 08:30:00', 710, 23.75, 31, 1, 1, 474),
(1, '2019-08-28 08:45:00', 706, 23.687, 29, 1, 1, 473),
(1, '2019-08-28 09:00:00', 706, 23.625, 30, 1, 1, 471),
(1, '2019-08-28 09:15:00', 711, 23.625, 31, 1, 1, 469),
(1, '2019-08-28 09:30:00', 715, 23.562, 31, 1, 1, 470),
(1, '2019-08-28 09:45:00', 710, 23.5, 30, 1, 1, 476),
(1, '2019-08-28 10:00:00', 705, 23.437, 30, 1, 1, 474),
(1, '2019-08-28 10:15:00', 711, 23.437, 30, 1, 1, 475),
(1, '2019-08-28 10:30:00', 706, 23.375, 30, 1, 1, 483),
(1, '2019-08-28 10:45:00', 707, 23.312, 30, 1, 1, 476),
(1, '2019-08-28 11:00:00', 709, 23.25, 30, 1, 1, 343),
(1, '2019-08-28 11:15:00', 714, 23.25, 31, 1, 1, 362),
(1, '2019-08-28 11:30:00', 708, 23.187, 30, 1, 1, 477),
(1, '2019-08-28 11:45:00', 715, 23.125, 31, 1, 1, 457),
(1, '2019-08-28 12:00:00', 708, 23.125, 31, 1, 1, 453),
(1, '2019-08-28 12:15:00', 713, 23.062, 31, 1, 1, 453),
(1, '2019-08-28 12:30:00', 708, 23, 33, 1, 1, 467),
(1, '2019-08-28 12:45:00', 707, 23, 32, 1, 1, 454),
(1, '2019-08-28 13:00:00', 710, 22.937, 31, 1, 1, 450),
(1, '2019-08-28 13:15:00', 707, 22.875, 31, 1, 1, 448),
(1, '2019-08-28 13:30:00', 706, 22.875, 31, 1, 1, 449),
(1, '2019-08-28 13:45:00', 714, 22.812, 30, 1, 1, 449),
(1, '2019-08-28 14:00:00', 715, 22.75, 30, 1, 1, 449),
(1, '2019-08-28 14:15:00', 706, 22.75, 29, 1, 1, 450),
(1, '2019-08-28 14:30:00', 706, 22.687, 31, 1, 1, 450),
(1, '2019-08-28 14:45:00', 706, 22.687, 30, 1, 1, 450),
(1, '2019-08-28 15:00:00', 707, 22.625, 31, 1, 1, 450),
(1, '2019-08-28 15:15:00', 712, 21.562, 29, 1, 1, 486),
(1, '2019-08-28 15:30:00', 707, 21.562, 29, 1, 1, 485),
(1, '2019-08-28 15:45:00', 706, 20.812, 28, 1, 1, 468),
(1, '2019-08-28 16:00:00', 713, 20.812, 31, 1, 1, 467),
(1, '2019-08-28 16:15:00', 709, 20.812, 29, 1, 1, 278),
(1, '2019-08-28 16:30:00', 704, 20.75, 31, 1, 1, 380),
(1, '2019-08-28 16:45:00', 709, 20.75, 30, 1, 1, 203),
(1, '2019-08-28 17:00:00', 709, 20.75, 30, 1, 1, 469),
(1, '2019-08-28 17:15:00', 708, 20.75, 30, 1, 1, 469),
(1, '2019-08-28 17:30:00', 709, 20.75, 29, 1, 1, 465),
(1, '2019-08-28 17:45:00', 706, 20.75, 30, 1, 1, 460),
(1, '2019-08-28 18:00:00', 706, 20.687, 30, 1, 1, 460),
(1, '2019-08-28 18:15:00', 704, 20.687, 29, 1, 1, 458),
(1, '2019-08-28 18:30:00', 705, 20.687, 29, 1, 1, 457),
(1, '2019-08-28 18:45:00', 709, 20.687, 30, 1, 1, 458),
(1, '2019-08-28 19:00:00', 713, 20.687, 31, 1, 1, 458),
(1, '2019-08-28 19:15:00', 711, 20.625, 31, 1, 1, 458),
(1, '2019-08-28 19:30:00', 708, 20.625, 30, 1, 1, 460),
(1, '2019-08-28 19:45:00', 712, 20.625, 30, 1, 1, 459),
(1, '2019-08-28 20:00:00', 705, 20.625, 28, 1, 1, 459),
(1, '2019-08-28 20:15:00', 704, 20.625, 30, 1, 1, 460),
(1, '2019-08-28 20:30:00', 709, 20.625, 28, 1, 1, 459),
(1, '2019-08-28 20:45:00', 709, 20.625, 31, 1, 1, 463),
(1, '2019-08-28 21:00:00', 709, 20.562, 30, 1, 1, 460),
(1, '2019-08-28 21:15:00', 715, 20.562, 30, 1, 1, 460),
(1, '2019-08-28 21:30:00', 705, 20.562, 31, 1, 1, 459),
(1, '2019-08-28 21:45:00', 711, 20.562, 31, 1, 1, 460),
(1, '2019-08-28 22:00:00', 709, 20.562, 30, 1, 1, 460),
(1, '2019-08-28 22:15:00', 705, 20.562, 30, 1, 1, 471),
(1, '2019-08-28 22:30:00', 706, 20.5, 31, 1, 1, 486),
(1, '2019-08-28 22:45:00', 705, 20.5, 31, 1, 1, 486),
(1, '2019-08-28 23:00:00', 708, 20.5, 31, 1, 1, 487),
(1, '2019-08-28 23:15:00', 716, 20.5, 31, 1, 1, 483),
(1, '2019-08-28 23:30:00', 715, 20.5, 30, 1, 1, 473),
(1, '2019-08-28 23:45:00', 715, 20.5, 30, 1, 1, 467),
(1, '2019-08-29 00:00:00', 709, 20.5, 32, 1, 1, 467),
(1, '2019-08-29 00:15:00', 709, 20.5, 30, 1, 1, 469),
(1, '2019-08-29 00:30:00', 708, 20.437, 31, 1, 1, 462),
(1, '2019-08-29 00:45:00', 708, 20.437, 31, 1, 1, 460),
(1, '2019-08-29 01:00:00', 713, 20.437, 31, 1, 1, 459),
(1, '2019-08-29 01:15:00', 708, 20.437, 31, 1, 1, 458),
(1, '2019-08-29 01:30:00', 706, 20.437, 31, 1, 1, 457),
(1, '2019-08-29 01:45:00', 706, 20.437, 31, 1, 1, 456),
(1, '2019-08-29 02:00:00', 706, 20.437, 31, 1, 1, 455),
(1, '2019-08-29 02:15:00', 710, 20.437, 31, 1, 1, 457),
(1, '2019-08-29 02:30:00', 710, 20.375, 31, 1, 1, 457),
(1, '2019-08-29 02:45:00', 713, 20.375, 31, 1, 1, 459),
(1, '2019-08-29 03:00:00', 709, 20.375, 31, 1, 1, 463),
(1, '2019-08-29 03:15:00', 707, 20.375, 31, 1, 1, 466),
(1, '2019-08-29 03:30:00', 707, 20.375, 31, 1, 1, 465),
(1, '2019-08-29 03:45:00', 705, 20.375, 31, 1, 1, 456),
(1, '2019-08-29 04:00:00', 708, 20.375, 31, 1, 1, 456),
(1, '2019-08-29 04:15:00', 710, 20.375, 32, 1, 1, 455),
(1, '2019-08-29 04:30:00', 713, 20.312, 30, 1, 1, 454),
(1, '2019-08-29 04:45:00', 708, 20.312, 30, 1, 1, 453),
(1, '2019-08-29 05:00:00', 713, 20.312, 31, 1, 1, 453),
(1, '2019-08-29 05:15:00', 712, 20.312, 31, 1, 1, 454),
(1, '2019-08-29 05:30:00', 705, 20.312, 32, 1, 1, 453),
(1, '2019-08-29 05:45:00', 708, 20.312, 31, 1, 1, 453),
(1, '2019-08-29 06:00:00', 705, 20.312, 31, 1, 1, 453),
(1, '2019-08-29 06:15:00', 710, 20.312, 31, 1, 1, 453),
(1, '2019-08-29 06:30:00', 714, 20.312, 32, 1, 1, 452),
(1, '2019-08-29 06:45:00', 716, 20.312, 31, 1, 1, 453),
(1, '2019-08-29 07:00:00', 705, 20.25, 31, 1, 1, 452),
(1, '2019-08-29 07:15:00', 705, 20.25, 31, 1, 1, 452),
(1, '2019-08-29 07:30:00', 704, 20.25, 31, 1, 1, 453),
(1, '2019-08-29 07:45:00', 705, 20.25, 33, 1, 1, 451),
(1, '2019-08-29 08:00:00', 705, 20.25, 30, 1, 1, 452),
(1, '2019-08-29 08:15:00', 704, 20.25, 32, 1, 1, 452),
(1, '2019-08-29 08:30:00', 714, 20.25, 32, 1, 1, 451),
(1, '2019-08-29 08:45:00', 713, 20.25, 31, 1, 1, 451),
(1, '2019-08-29 09:00:00', 705, 20.25, 31, 1, 1, 451),
(1, '2019-08-29 09:15:00', 737, 18.062, 156, 1, 0, 0),
(1, '2019-08-29 09:30:00', 740, 18.125, 157, 1, 0, 0),
(1, '2019-08-29 09:45:00', 739, 18.25, 156, 1, 0, 0),
(1, '2019-08-29 10:00:00', 729, 18.062, 153, 1, 0, 0),
(1, '2019-08-29 10:15:00', 729, 18.375, 154, 1, 0, 0),
(1, '2019-08-29 10:30:00', 728, 18, 152, 1, 0, 0),
(1, '2019-08-29 10:45:00', 730, 17.937, 157, 1, 0, 0),
(1, '2019-08-29 11:00:00', 734, 18, 152, 1, 0, 0),
(1, '2019-08-29 11:15:00', 734, 17.187, 153, 1, 0, 0),
(1, '2019-08-29 11:30:00', 742, 17.625, 153, 1, 0, 0),
(1, '2019-08-29 11:45:00', 739, 17.75, 149, 1, 0, 0),
(1, '2019-08-29 12:00:00', 737, 17.812, 151, 1, 0, 0),
(1, '2019-08-29 12:15:00', 736, 17, 152, 1, 0, 0),
(1, '2019-08-29 12:30:00', 737, 17.687, 157, 1, 0, 0),
(1, '2019-08-29 12:45:00', 741, 17.312, 153, 1, 0, 0),
(1, '2019-08-29 13:00:00', 737, 17.187, 158, 1, 0, 0),
(1, '2019-08-29 13:15:00', 741, 17.125, 158, 1, 0, 0),
(1, '2019-08-29 13:30:00', 741, 16.875, 154, 1, 0, 0),
(1, '2019-08-29 13:45:00', 733, 16.562, 153, 1, 0, 0),
(1, '2019-08-29 14:00:00', 731, 16.562, 153, 1, 0, 0),
(1, '2019-08-29 14:15:00', 730, 16.875, 149, 1, 0, 0),
(1, '2019-08-29 14:30:00', 730, 17.312, 153, 1, 0, 0),
(1, '2019-08-29 14:45:00', 734, 17.062, 147, 1, 0, 0),
(1, '2019-08-29 15:00:00', 730, 16.875, 154, 1, 0, 0),
(1, '2019-08-29 15:15:00', 731, 16.75, 151, 1, 0, 0),
(1, '2019-08-29 15:30:00', 741, 17, 149, 1, 0, 0),
(1, '2019-08-29 15:45:00', 741, 17, 156, 1, 0, 0),
(1, '2019-08-29 16:00:00', 742, 17, 156, 1, 0, 0),
(1, '2019-08-29 16:15:00', 738, 17, 153, 1, 0, 0),
(1, '2019-08-29 16:30:00', 737, 17.062, 153, 1, 0, 0),
(1, '2019-08-29 16:45:00', 737, 17.062, 157, 1, 0, 0),
(1, '2019-08-29 17:00:00', 738, 16.875, 153, 1, 0, 0),
(1, '2019-08-29 17:15:00', 734, 16.625, 149, 1, 0, 0),
(1, '2019-08-29 17:30:00', 733, 16.812, 148, 1, 0, 0),
(1, '2019-08-29 17:45:00', 733, 16.75, 154, 1, 0, 0),
(1, '2019-08-29 18:00:00', 736, 16.312, 154, 1, 0, 0),
(1, '2019-08-29 18:15:00', 730, 16.687, 149, 1, 0, 0),
(1, '2019-08-29 18:30:00', 733, 16.625, 155, 1, 0, 0),
(1, '2019-08-29 18:45:00', 736, 16.75, 146, 1, 0, 0),
(1, '2019-08-29 19:00:00', 747, 16.75, 155, 1, 0, 0),
(1, '2019-08-29 19:15:00', 745, 16.75, 146, 1, 0, 0),
(1, '2019-08-29 19:30:00', 740, 16.687, 150, 1, 0, 0),
(1, '2019-08-29 19:45:00', 740, 16.562, 148, 1, 0, 2),
(1, '2019-08-29 20:00:00', 740, 16.5, 158, 1, 0, 6),
(1, '2019-08-29 20:15:00', 741, 15.937, 153, 1, 0, 18),
(1, '2019-08-29 20:30:00', 741, 16.062, 154, 1, 0, 37),
(1, '2019-08-29 20:45:00', 741, 16.25, 148, 1, 0, 108),
(1, '2019-08-29 21:00:00', 737, 16.125, 151, 1, 0, 149),
(1, '2019-08-29 21:15:00', 738, 16.062, 150, 1, 0, 303),
(1, '2019-08-29 21:30:00', 738, 16.062, 157, 1, 0, 316),
(1, '2019-08-29 21:45:00', 734, 15.812, 148, 1, 0, 390),
(1, '2019-08-29 22:00:00', 732, 16.125, 153, 1, 0, 706),
(1, '2019-08-29 22:15:00', 732, 16.437, 145, 1, 0, 928),
(1, '2019-08-29 22:30:00', 733, 16.75, 148, 1, 0, 1330),
(1, '2019-08-29 22:45:00', 747, 20.125, 20, 1, 0, 825),
(1, '2019-08-29 23:00:00', 750, 19.5, 20, 1, 0, 527),
(1, '2019-08-29 23:15:00', 758, 19.375, 21, 1, 0, 1156),
(1, '2019-08-29 23:30:00', 745, 19.125, 21, 1, 0, 501),
(1, '2019-08-29 23:45:00', 747, 18.625, 19, 1, 0, 740),
(1, '2019-08-30 00:00:00', 742, 19, 21, 1, 0, 582),
(1, '2019-08-30 00:15:00', 742, 18.75, 22, 1, 0, 193),
(1, '2019-08-30 00:30:00', 741, 18.312, 23, 1, 0, 69),
(1, '2019-08-30 00:45:00', 744, 18, 23, 1, 0, 56),
(1, '2019-08-30 01:00:00', 748, 18.125, 23, 1, 0, 26),
(1, '2019-08-30 01:15:00', 748, 17.812, 22, 1, 0, 2),
(1, '2019-08-30 01:30:00', 747, 18.375, 23, 1, 0, 0),
(1, '2019-08-30 01:45:00', 743, 17.937, 23, 1, 0, 0),
(1, '2019-08-30 02:00:00', 743, 18, 23, 1, 0, 0),
(1, '2019-08-30 02:15:00', 742, 18.375, 23, 1, 0, 0),
(1, '2019-08-30 02:30:00', 743, 18.25, 23, 1, 0, 0),
(1, '2019-08-30 02:45:00', 746, 17.875, 23, 1, 0, 0),
(1, '2019-08-30 03:00:00', 747, 17.125, 24, 1, 0, 0),
(1, '2019-08-30 03:15:00', 744, 16.812, 23, 1, 0, 0),
(1, '2019-08-30 03:30:00', 748, 17.125, 24, 1, 0, 0),
(1, '2019-08-30 03:45:00', 747, 16.625, 23, 1, 0, 0),
(1, '2019-08-30 04:00:00', 746, 16.312, 24, 1, 0, 0),
(1, '2019-08-30 04:15:00', 743, 16.437, 24, 1, 0, 0),
(1, '2019-08-30 04:30:00', 745, 16.687, 23, 1, 0, 0),
(1, '2019-08-30 04:45:00', 744, 16.812, 23, 1, 0, 0),
(1, '2019-08-30 05:00:00', 741, 16.125, 23, 1, 0, 0),
(1, '2019-08-30 05:15:00', 741, 16.625, 24, 1, 0, 0),
(1, '2019-08-30 05:30:00', 742, 16.937, 23, 1, 0, 0),
(1, '2019-08-30 05:45:00', 745, 16.937, 24, 1, 0, 0),
(1, '2019-08-30 06:00:00', 747, 17, 24, 1, 0, 0),
(1, '2019-08-30 06:15:00', 748, 16.937, 22, 1, 0, 0),
(1, '2019-08-30 06:30:00', 746, 16.937, 23, 1, 0, 0),
(1, '2019-08-30 06:45:00', 742, 16.812, 22, 1, 0, 0),
(1, '2019-08-30 07:00:00', 747, 16.687, 23, 1, 0, 0),
(1, '2019-08-30 07:15:00', 751, 16.625, 23, 1, 0, 0),
(1, '2019-08-30 07:30:00', 745, 16.562, 24, 1, 0, 0),
(1, '2019-08-30 07:45:00', 743, 16.562, 23, 1, 0, 0),
(1, '2019-08-30 08:00:00', 742, 16.437, 23, 1, 0, 0),
(1, '2019-08-30 08:15:00', 742, 16.187, 23, 1, 0, 0),
(1, '2019-08-30 08:30:00', 742, 16.25, 22, 1, 0, 0),
(1, '2019-08-30 08:45:00', 741, 16.062, 23, 1, 0, 0),
(1, '2019-08-30 09:00:00', 744, 16.187, 22, 1, 0, 0),
(1, '2019-08-30 09:15:00', 749, 16.125, 22, 1, 0, 0),
(1, '2019-08-30 09:30:00', 746, 16.062, 22, 1, 0, 0),
(1, '2019-08-30 09:45:00', 745, 16.062, 23, 1, 0, 0),
(1, '2019-08-30 10:00:00', 743, 15.937, 22, 1, 0, 0),
(1, '2019-08-30 10:15:00', 743, 15.937, 22, 1, 0, 0),
(1, '2019-08-30 10:30:00', 741, 15.75, 22, 1, 0, 0),
(1, '2019-08-30 10:45:00', 742, 15.75, 22, 1, 0, 0),
(1, '2019-08-30 11:00:00', 745, 15.687, 22, 1, 0, 0),
(1, '2019-08-30 11:15:00', 743, 15.812, 22, 1, 0, 0),
(1, '2019-08-30 11:30:00', 746, 15.75, 20, 1, 0, 0),
(1, '2019-08-30 11:45:00', 748, 15.312, 21, 1, 0, 0),
(1, '2019-08-30 12:00:00', 748, 15.625, 21, 1, 0, 0),
(1, '2019-08-30 12:15:00', 740, 15.75, 22, 1, 0, 0),
(1, '2019-08-30 12:30:00', 734, 15.437, 22, 1, 0, 2),
(1, '2019-08-30 12:45:00', 739, 15.5, 22, 1, 0, 28),
(1, '2019-08-30 13:00:00', 740, 15.562, 22, 1, 0, 122),
(1, '2019-08-30 13:15:00', 738, 15.687, 23, 1, 0, 155),
(1, '2019-08-30 13:30:00', 740, 15.625, 22, 1, 0, 151),
(1, '2019-08-30 13:45:00', 741, 15.687, 21, 1, 0, 249),
(1, '2019-08-30 14:00:00', 746, 15.875, 21, 1, 0, 216),
(1, '2019-08-30 14:15:00', 744, 16, 22, 1, 0, 172),
(1, '2019-08-30 14:30:00', 743, 16.125, 22, 1, 0, 621),
(1, '2019-08-30 14:45:00', 743, 16.312, 21, 1, 0, 319),
(1, '2019-08-30 15:00:00', 746, 16.5, 21, 1, 0, 595),
(1, '2019-08-30 15:15:00', 746, 19.25, 21, 1, 0, 2),
(1, '2019-08-30 15:30:00', 746, 19.125, 21, 1, 0, 0),
(1, '2019-08-30 15:45:00', 745, 19.25, 21, 1, 0, 0),
(1, '2019-08-30 16:00:00', 750, 19.125, 22, 1, 0, 0),
(1, '2019-08-30 16:15:00', 742, 19.187, 22, 1, 0, 0),
(1, '2019-08-30 16:30:00', 747, 18.5, 21, 1, 0, 0),
(1, '2019-08-30 16:45:00', 735, 18.937, 22, 1, 0, 0),
(1, '2019-08-30 17:00:00', 734, 18.937, 22, 1, 0, 0),
(1, '2019-08-30 17:15:00', 734, 18.875, 23, 1, 0, 0),
(1, '2019-08-30 17:30:00', 733, 18.875, 23, 1, 0, 0),
(1, '2019-08-30 17:45:00', 735, 18.687, 22, 1, 0, 0),
(1, '2019-08-30 18:00:00', 744, 18.25, 22, 1, 0, 0),
(1, '2019-08-30 18:15:00', 746, 18.437, 23, 1, 0, 0),
(1, '2019-08-30 18:30:00', 750, 18.187, 23, 1, 0, 0),
(1, '2019-08-30 18:45:00', 745, 18.062, 23, 1, 0, 0),
(1, '2019-08-30 19:00:00', 742, 18.25, 23, 1, 0, 0),
(1, '2019-08-30 19:15:00', 743, 18.125, 23, 1, 0, 0),
(1, '2019-08-30 19:30:00', 742, 18.25, 23, 1, 0, 0),
(1, '2019-08-30 19:45:00', 733, 18, 23, 1, 0, 0),
(1, '2019-08-30 20:00:00', 734, 17.5, 23, 1, 0, 0),
(1, '2019-08-30 20:15:00', 734, 17.875, 23, 1, 0, 0),
(1, '2019-08-30 20:30:00', 739, 18.062, 22, 1, 0, 0),
(1, '2019-08-30 20:45:00', 740, 18.187, 22, 1, 0, 0),
(1, '2019-08-30 21:00:00', 744, 18.125, 23, 1, 0, 0),
(1, '2019-08-30 21:15:00', 734, 18.062, 24, 1, 0, 0),
(1, '2019-08-30 21:30:00', 737, 17.75, 24, 1, 0, 0),
(1, '2019-08-30 21:45:00', 742, 17.812, 23, 1, 0, 0),
(1, '2019-08-30 22:00:00', 742, 17.875, 23, 1, 0, 0),
(1, '2019-08-30 22:15:00', 742, 17.937, 23, 1, 0, 0),
(1, '2019-08-30 22:30:00', 743, 17.812, 23, 1, 0, 0),
(1, '2019-08-30 22:45:00', 746, 17.625, 23, 1, 0, 0),
(1, '2019-08-30 23:00:00', 749, 17.687, 22, 1, 0, 0),
(1, '2019-08-30 23:15:00', 745, 17.562, 23, 1, 0, 0),
(1, '2019-08-30 23:30:00', 737, 17.437, 23, 1, 0, 0),
(1, '2019-08-30 23:45:00', 738, 17.375, 25, 1, 0, 0),
(1, '2019-08-31 00:00:00', 737, 17.437, 24, 1, 0, 0),
(1, '2019-08-31 00:15:00', 733, 17.375, 24, 1, 0, 0),
(1, '2019-08-31 00:30:00', 733, 17.312, 24, 1, 0, 0),
(1, '2019-08-31 00:45:00', 734, 17.312, 24, 1, 0, 0),
(1, '2019-08-31 01:00:00', 733, 17.25, 24, 1, 0, 0),
(1, '2019-08-31 01:15:00', 741, 17.25, 24, 1, 0, 0),
(1, '2019-08-31 01:30:00', 742, 17.125, 23, 1, 0, 0),
(1, '2019-08-31 01:45:00', 746, 17.125, 23, 1, 0, 0),
(1, '2019-08-31 02:00:00', 746, 17.125, 24, 1, 0, 0),
(1, '2019-08-31 02:15:00', 744, 17, 24, 1, 0, 0),
(1, '2019-08-31 02:30:00', 741, 16.937, 24, 1, 0, 2),
(1, '2019-08-31 02:45:00', 741, 17, 23, 1, 0, 21),
(1, '2019-08-31 03:00:00', 735, 16.875, 24, 1, 0, 91),
(1, '2019-08-31 03:15:00', 734, 17, 23, 1, 0, 86),
(1, '2019-08-31 03:30:00', 735, 16.937, 24, 1, 0, 146),
(1, '2019-08-31 03:45:00', 735, 17.312, 24, 1, 0, 268),
(1, '2019-08-31 04:00:00', 738, 17.312, 24, 1, 0, 268),
(1, '2019-08-31 04:15:00', 738, 17.312, 24, 1, 0, 212),
(1, '2019-08-31 04:30:00', 733, 17.375, 25, 1, 0, 227),
(1, '2019-08-31 04:45:00', 733, 17.25, 24, 1, 0, 61),
(1, '2019-08-31 05:00:00', 742, 17, 25, 1, 0, 322),
(1, '2019-08-31 05:15:00', 744, 17, 25, 1, 0, 670),
(1, '2019-08-31 05:30:00', 741, 17.187, 25, 1, 0, 1461),
(1, '2019-08-31 05:45:00', 742, 17.625, 25, 1, 0, 1610),
(1, '2019-08-31 06:00:00', 745, 18.062, 24, 1, 0, 1522),
(1, '2019-08-31 06:15:00', 747, 18.062, 25, 1, 0, 1346),
(1, '2019-08-31 06:30:00', 745, 17.937, 25, 1, 0, 657),
(1, '2019-08-31 06:45:00', 735, 17.687, 24, 1, 0, 159),
(1, '2019-08-31 07:00:00', 735, 17.687, 25, 1, 0, 769),
(1, '2019-08-31 07:15:00', 733, 18.062, 25, 1, 0, 2748),
(1, '2019-08-31 07:30:00', 735, 18.312, 26, 1, 0, 2159),
(1, '2019-08-31 07:45:00', 733, 18.437, 25, 1, 0, 1792),
(1, '2019-08-31 08:00:00', 734, 18.062, 25, 1, 0, 965),
(1, '2019-08-31 08:15:00', 734, 18.25, 25, 1, 0, 2420),
(1, '2019-08-31 08:30:00', 738, 18.25, 25, 1, 0, 1922),
(1, '2019-08-31 08:45:00', 741, 18.562, 25, 1, 0, 2834),
(1, '2019-08-31 09:00:00', 744, 19, 25, 1, 0, 3560),
(1, '2019-08-31 09:15:00', 747, 20, 24, 1, 0, 3456),
(1, '2019-08-31 09:30:00', 745, 20.5, 24, 1, 0, 4361),
(1, '2019-08-31 09:45:00', 741, 20.875, 25, 1, 0, 3099),
(1, '2019-08-31 10:00:00', 741, 21.062, 25, 1, 0, 3205),
(1, '2019-08-31 10:15:00', 740, 21.5, 25, 1, 0, 1923),
(1, '2019-08-31 10:30:00', 732, 21.25, 24, 1, 0, 3508),
(1, '2019-08-31 10:45:00', 734, 21.687, 24, 1, 0, 1818),
(1, '2019-08-31 11:00:00', 735, 22.625, 24, 1, 0, 3433),
(1, '2019-08-31 11:15:00', 738, 22.5, 24, 1, 0, 3780),
(1, '2019-08-31 11:30:00', 737, 22.625, 24, 1, 0, 1777),
(1, '2019-08-31 11:45:00', 735, 22.562, 24, 1, 0, 2949),
(1, '2019-08-31 12:00:00', 733, 22.375, 25, 1, 0, 2246),
(1, '2019-08-31 12:15:00', 739, 22.687, 24, 1, 0, 1507),
(1, '2019-08-31 12:30:00', 741, 22.187, 24, 1, 0, 759),
(1, '2019-08-31 12:45:00', 742, 21.437, 24, 1, 0, 751),
(1, '2019-08-31 13:00:00', 742, 21.625, 24, 1, 0, 1095),
(1, '2019-08-31 13:15:00', 744, 21.437, 23, 1, 0, 1232),
(1, '2019-08-31 13:30:00', 746, 21, 23, 1, 0, 338),
(1, '2019-08-31 13:45:00', 750, 21.125, 23, 1, 0, 1007),
(1, '2019-08-31 14:00:00', 743, 21.375, 23, 1, 0, 786),
(1, '2019-08-31 14:15:00', 734, 21.187, 23, 1, 0, 440),
(1, '2019-08-31 14:30:00', 732, 20.75, 22, 1, 0, 139),
(1, '2019-08-31 14:45:00', 733, 19.75, 23, 1, 0, 26),
(1, '2019-08-31 15:00:00', 649, 19.937, 103, 1, 0, 40),
(1, '2019-08-31 15:15:00', 653, 19.687, 103, 1, 0, 0),
(1, '2019-08-31 15:30:00', 653, 19.187, 103, 1, 0, 0),
(1, '2019-08-31 15:45:00', 650, 19.312, 103, 1, 0, 0),
(1, '2019-08-31 16:00:00', 656, 18.5, 104, 1, 0, 0),
(1, '2019-08-31 16:15:00', 654, 18.562, 104, 1, 0, 0),
(1, '2019-08-31 16:30:00', 653, 18.875, 105, 1, 0, 0),
(1, '2019-08-31 16:45:00', 652, 18.5, 106, 1, 0, 0),
(1, '2019-08-31 17:00:00', 652, 18.312, 107, 1, 0, 0),
(1, '2019-08-31 17:15:00', 653, 18.437, 106, 1, 0, 0),
(1, '2019-08-31 17:30:00', 656, 18.312, 106, 1, 0, 0),
(1, '2019-08-31 17:45:00', 654, 17.812, 106, 1, 0, 0),
(1, '2019-08-31 18:00:00', 652, 17.562, 106, 1, 0, 0),
(1, '2019-08-31 18:15:00', 653, 17.312, 107, 1, 0, 0),
(1, '2019-08-31 18:30:00', 651, 17.062, 107, 1, 0, 0),
(1, '2019-08-31 18:45:00', 650, 17.5, 107, 1, 0, 0),
(1, '2019-08-31 19:00:00', 649, 17.312, 108, 1, 0, 0),
(1, '2019-08-31 19:15:00', 648, 16.875, 107, 1, 0, 0),
(1, '2019-08-31 19:30:00', 649, 17.375, 108, 1, 0, 0),
(1, '2019-08-31 19:45:00', 654, 17.437, 108, 1, 0, 0),
(1, '2019-08-31 20:00:00', 656, 17.312, 106, 1, 0, 0),
(1, '2019-08-31 20:15:00', 658, 17.187, 106, 1, 0, 0),
(1, '2019-08-31 20:30:00', 661, 17.375, 106, 1, 0, 0),
(1, '2019-08-31 20:45:00', 657, 17.312, 107, 1, 0, 0),
(1, '2019-08-31 21:00:00', 655, 17.312, 108, 1, 0, 0),
(1, '2019-08-31 21:15:00', 653, 16.312, 108, 1, 0, 0),
(1, '2019-08-31 21:30:00', 649, 16.937, 107, 1, 0, 0),
(1, '2019-08-31 21:45:00', 651, 17.25, 107, 1, 0, 0),
(1, '2019-08-31 22:00:00', 649, 16.625, 107, 1, 0, 0),
(1, '2019-08-31 22:15:00', 650, 17.125, 107, 1, 0, 0),
(1, '2019-08-31 22:30:00', 649, 16.875, 108, 1, 0, 0),
(1, '2019-08-31 22:45:00', 649, 16.25, 107, 1, 0, 0),
(1, '2019-08-31 23:00:00', 651, 17, 107, 1, 0, 0),
(1, '2019-08-31 23:15:00', 654, 16.875, 108, 1, 0, 0),
(1, '2019-08-31 23:30:00', 653, 16.937, 109, 1, 0, 0),
(1, '2019-08-31 23:45:00', 653, 17.062, 109, 1, 0, 0),
(1, '2019-09-01 00:00:00', 653, 16.875, 109, 1, 0, 0),
(1, '2019-09-01 00:15:00', 656, 16.75, 109, 1, 0, 0),
(1, '2019-09-01 00:30:00', 658, 16.562, 110, 1, 0, 0),
(1, '2019-09-01 00:45:00', 656, 16.437, 110, 1, 0, 0),
(1, '2019-09-01 01:00:00', 650, 16.5, 110, 1, 0, 0),
(1, '2019-09-01 01:15:00', 650, 16.125, 110, 1, 0, 0),
(1, '2019-09-01 01:30:00', 649, 16.375, 111, 1, 0, 0),
(1, '2019-09-01 01:45:00', 649, 16.437, 111, 1, 0, 0),
(1, '2019-09-01 02:00:00', 652, 16.437, 112, 1, 0, 0),
(1, '2019-09-01 02:15:00', 649, 16.437, 112, 1, 0, 16),
(1, '2019-09-01 02:30:00', 650, 16.5, 112, 1, 0, 63),
(1, '2019-09-01 02:45:00', 654, 16.437, 112, 1, 0, 192),
(1, '2019-09-01 03:00:00', 657, 16.562, 113, 1, 0, 361),
(1, '2019-09-01 03:15:00', 657, 16.875, 112, 1, 0, 368),
(1, '2019-09-01 03:30:00', 657, 16.875, 113, 1, 0, 716),
(1, '2019-09-01 03:45:00', 655, 17.062, 113, 1, 0, 470),
(1, '2019-09-01 04:00:00', 654, 17.062, 113, 1, 0, 940),
(1, '2019-09-01 04:15:00', 655, 17.312, 112, 1, 0, 887),
(1, '2019-09-01 04:30:00', 654, 17.187, 111, 1, 0, 1677),
(1, '2019-09-01 04:45:00', 650, 17.875, 111, 1, 0, 1720),
(1, '2019-09-01 05:00:00', 650, 17.937, 111, 1, 0, 2337),
(1, '2019-09-01 05:15:00', 650, 17.5, 111, 1, 0, 1562),
(1, '2019-09-01 05:30:00', 651, 17.687, 110, 1, 0, 3018),
(1, '2019-09-01 05:45:00', 653, 17.875, 110, 1, 0, 1443),
(1, '2019-09-01 06:00:00', 653, 18.062, 110, 1, 0, 2725),
(1, '2019-09-01 06:15:00', 653, 18.187, 110, 1, 0, 2871),
(1, '2019-09-01 06:30:00', 656, 18, 110, 1, 0, 2823),
(1, '2019-09-01 06:45:00', 655, 17.437, 110, 1, 0, 3215),
(1, '2019-09-01 07:00:00', 655, 17.687, 110, 1, 0, 2832),
(1, '2019-09-01 07:15:00', 659, 18.187, 110, 1, 0, 4591),
(1, '2019-09-01 07:30:00', 657, 19.687, 110, 1, 0, 3239),
(1, '2019-09-01 07:45:00', 655, 18.625, 109, 1, 0, 2229),
(1, '2019-09-01 08:00:00', 655, 18.25, 109, 1, 0, 4285),
(1, '2019-09-01 08:15:00', 651, 18.562, 110, 1, 0, 2951),
(1, '2019-09-01 08:30:00', 651, 19.437, 110, 1, 0, 4693),
(1, '2019-09-01 08:45:00', 651, 19.812, 109, 1, 0, 5999),
(1, '2019-09-01 09:00:00', 652, 20.062, 109, 1, 0, 5846),
(1, '2019-09-01 09:15:00', 652, 21.125, 109, 1, 0, 5375),
(1, '2019-09-01 09:30:00', 655, 20.25, 109, 1, 0, 7126),
(1, '2019-09-01 09:45:00', 655, 20.187, 108, 1, 0, 7602),
(1, '2019-09-01 10:00:00', 660, 19.75, 108, 1, 0, 7455),
(1, '2019-09-01 10:15:00', 657, 20.062, 108, 1, 0, 2095),
(1, '2019-09-01 10:30:00', 656, 20.875, 108, 1, 0, 8550),
(1, '2019-09-01 10:45:00', 655, 21.437, 108, 1, 0, 13961),
(1, '2019-09-01 11:00:00', 655, 18.875, 108, 1, 0, 3254),
(1, '2019-09-01 11:15:00', 656, 19.937, 107, 1, 0, 16050),
(1, '2019-09-01 11:30:00', 655, 19.562, 107, 1, 0, 4751),
(1, '2019-09-01 11:45:00', 654, 20.187, 106, 1, 0, 2482),
(1, '2019-09-01 12:00:00', 653, 19.937, 107, 1, 0, 2684),
(1, '2019-09-01 12:15:00', 655, 19.75, 107, 1, 0, 1612),
(1, '2019-09-01 12:30:00', 656, 19.625, 108, 1, 0, 1841),
(1, '2019-09-01 12:45:00', 654, 19.312, 108, 1, 0, 1582),
(1, '2019-09-01 13:00:00', 653, 19.25, 109, 1, 0, 1603),
(1, '2019-09-01 13:15:00', 652, 18.625, 110, 1, 0, 944),
(1, '2019-09-01 13:30:00', 653, 18.937, 110, 1, 0, 675),
(1, '2019-09-01 13:45:00', 656, 18.812, 110, 1, 0, 746),
(1, '2019-09-01 14:00:00', 657, 19.125, 110, 1, 0, 434),
(1, '2019-09-01 14:15:00', 657, 17.625, 109, 1, 0, 137),
(1, '2019-09-01 14:30:00', 657, 17.75, 107, 1, 0, 93),
(1, '2019-09-01 14:45:00', 658, 17.312, 108, 1, 0, 12),
(1, '2019-09-01 15:00:00', 660, 17.125, 107, 1, 0, 0),
(1, '2019-09-01 15:15:00', 657, 16.812, 107, 1, 0, 0),
(1, '2019-09-01 15:30:00', 655, 16.937, 107, 1, 0, 0),
(1, '2019-09-01 15:45:00', 655, 17.312, 106, 1, 0, 0),
(1, '2019-09-01 16:00:00', 658, 16.375, 106, 1, 0, 0),
(1, '2019-09-01 16:15:00', 657, 16.562, 105, 1, 0, 0),
(1, '2019-09-01 16:30:00', 656, 15.875, 105, 1, 0, 0),
(1, '2019-09-01 16:45:00', 654, 16.125, 103, 1, 0, 0),
(1, '2019-09-01 17:00:00', 654, 15.937, 103, 1, 0, 0),
(1, '2019-09-01 17:15:00', 658, 16.375, 103, 1, 0, 0),
(1, '2019-09-01 17:30:00', 657, 16.25, 103, 1, 0, 0),
(1, '2019-09-01 17:45:00', 657, 15.812, 101, 1, 0, 0),
(1, '2019-09-01 18:00:00', 658, 16.625, 101, 1, 0, 0),
(1, '2019-09-01 18:15:00', 659, 16.062, 100, 1, 0, 0),
(1, '2019-09-01 18:30:00', 661, 15.125, 100, 1, 0, 0),
(1, '2019-09-01 18:45:00', 663, 14.812, 100, 1, 0, 0),
(1, '2019-09-01 19:00:00', 657, 15, 99, 1, 0, 0),
(1, '2019-09-01 19:15:00', 653, 14.875, 99, 1, 0, 0),
(1, '2019-09-01 19:30:00', 654, 15.187, 99, 1, 0, 0),
(1, '2019-09-01 19:45:00', 655, 14.75, 100, 1, 0, 0),
(1, '2019-09-01 20:00:00', 654, 14.625, 99, 1, 0, 0),
(1, '2019-09-01 20:15:00', 655, 14.812, 99, 1, 0, 0),
(1, '2019-09-01 20:30:00', 655, 14.687, 99, 1, 0, 0),
(1, '2019-09-01 20:45:00', 655, 14.687, 99, 1, 0, 0),
(1, '2019-09-01 21:00:00', 663, 14.437, 99, 1, 0, 0),
(1, '2019-09-01 21:15:00', 662, 14.687, 99, 1, 0, 0),
(1, '2019-09-01 21:30:00', 662, 14.5, 99, 1, 0, 0),
(1, '2019-09-01 21:45:00', 659, 14.5, 100, 1, 0, 0),
(1, '2019-09-01 22:00:00', 660, 14.625, 101, 1, 0, 0),
(1, '2019-09-01 22:15:00', 660, 14.812, 101, 1, 0, 0),
(1, '2019-09-01 22:30:00', 659, 14.75, 101, 1, 0, 0),
(1, '2019-09-01 22:45:00', 655, 14.687, 101, 1, 0, 0),
(1, '2019-09-01 23:00:00', 655, 14.812, 101, 1, 0, 0),
(1, '2019-09-01 23:15:00', 656, 14.937, 101, 1, 0, 0),
(1, '2019-09-01 23:30:00', 656, 15.125, 101, 1, 0, 0),
(1, '2019-09-01 23:45:00', 656, 14.75, 99, 1, 0, 0),
(1, '2019-09-02 00:00:00', 656, 14.687, 99, 1, 0, 0),
(1, '2019-09-02 00:15:00', 656, 15.062, 99, 1, 0, 0),
(1, '2019-09-02 00:30:00', 664, 15, 100, 1, 0, 0),
(1, '2019-09-02 00:45:00', 663, 14.562, 100, 1, 0, 0),
(1, '2019-09-02 01:00:00', 661, 14.062, 100, 1, 0, 0),
(1, '2019-09-02 01:15:00', 659, 13.937, 100, 1, 0, 0),
(1, '2019-09-02 01:30:00', 660, 13.875, 100, 1, 0, 0),
(1, '2019-09-02 01:45:00', 660, 14.062, 101, 1, 0, 0),
(1, '2019-09-02 02:00:00', 659, 14.25, 100, 1, 0, 0),
(1, '2019-09-02 02:15:00', 656, 14.25, 100, 1, 0, 6),
(1, '2019-09-02 02:30:00', 655, 14.187, 100, 1, 0, 33),
(1, '2019-09-02 02:45:00', 655, 14.5, 101, 1, 0, 134),
(1, '2019-09-02 03:00:00', 660, 14.437, 100, 1, 0, 210),
(1, '2019-09-02 03:15:00', 660, 16.5, 101, 1, 0, 675),
(1, '2019-09-02 03:30:00', 659, 16.562, 101, 1, 0, 1310),
(1, '2019-09-02 03:45:00', 657, 16.562, 101, 1, 0, 1312),
(1, '2019-09-02 04:00:00', 656, 16.812, 101, 1, 0, 1515),
(1, '2019-09-02 04:15:00', 660, 16.812, 102, 1, 0, 1743),
(1, '2019-09-02 04:30:00', 660, 16.812, 101, 1, 0, 2278),
(1, '2019-09-02 04:45:00', 661, 16.812, 102, 1, 0, 3458),
(1, '2019-09-02 05:00:00', 660, 16.812, 103, 1, 0, 2462),
(1, '2019-09-02 05:15:00', 662, 16.812, 103, 1, 0, 3111),
(1, '2019-09-02 05:30:00', 661, 17.187, 103, 1, 0, 2038),
(1, '2019-09-02 05:45:00', 663, 17.875, 103, 1, 0, 3420),
(1, '2019-09-02 06:00:00', 661, 18.312, 104, 1, 0, 3342),
(1, '2019-09-02 06:15:00', 660, 18.687, 105, 1, 0, 3042),
(1, '2019-09-02 06:30:00', 659, 18.687, 105, 1, 0, 3039),
(1, '2019-09-02 06:45:00', 658, 20, 105, 1, 0, 2683),
(1, '2019-09-02 07:00:00', 657, 20.625, 106, 1, 0, 3223),
(1, '2019-09-02 07:15:00', 657, 21.062, 107, 1, 0, 2858),
(1, '2019-09-02 07:30:00', 660, 21.25, 108, 1, 0, 3187),
(1, '2019-09-02 07:45:00', 663, 21.25, 107, 1, 0, 3879),
(1, '2019-09-02 08:00:00', 663, 21.562, 107, 1, 0, 4354),
(1, '2019-09-02 08:15:00', 662, 21.562, 108, 1, 0, 6448),
(1, '2019-09-02 08:30:00', 662, 21.937, 108, 1, 0, 2652),
(1, '2019-09-02 08:45:00', 662, 21.937, 108, 1, 0, 4249),
(1, '2019-09-02 09:00:00', 662, 22.562, 107, 1, 0, 6348),
(1, '2019-09-02 09:15:00', 663, 22.562, 107, 1, 0, 3008),
(1, '2019-09-02 09:30:00', 665, 22.562, 107, 1, 0, 6685),
(1, '2019-09-02 09:45:00', 662, 22.437, 106, 1, 0, 4696),
(1, '2019-09-02 10:00:00', 661, 22.375, 106, 1, 0, 4728),
(1, '2019-09-02 10:15:00', 659, 22.375, 105, 1, 0, 2091),
(1, '2019-09-02 10:30:00', 659, 20.437, 104, 1, 0, 6095),
(1, '2019-09-02 10:45:00', 659, 22.5, 105, 1, 0, 9368),
(1, '2019-09-02 11:00:00', 659, 21.5, 104, 1, 0, 17593),
(1, '2019-09-02 11:15:00', 664, 21.187, 104, 1, 0, 4385),
(1, '2019-09-02 11:30:00', 663, 21.5, 103, 1, 0, 2605),
(1, '2019-09-02 11:45:00', 664, 21.375, 103, 1, 0, 3263),
(1, '2019-09-02 12:00:00', 666, 21.687, 102, 1, 0, 2175),
(1, '2019-09-02 12:15:00', 665, 21.062, 102, 1, 0, 2601),
(1, '2019-09-02 12:30:00', 664, 21.125, 101, 1, 0, 2082),
(1, '2019-09-02 12:45:00', 661, 21.312, 100, 1, 0, 2243),
(1, '2019-09-02 13:00:00', 662, 21, 98, 1, 0, 1347),
(1, '2019-09-02 13:15:00', 657, 20.625, 98, 1, 0, 1050),
(1, '2019-09-02 13:30:00', 659, 20.312, 97, 1, 0, 936),
(1, '2019-09-02 13:45:00', 659, 20.5, 96, 1, 0, 692),
(1, '2019-09-02 14:00:00', 658, 19.812, 95, 1, 0, 331),
(1, '2019-09-02 14:15:00', 661, 19.25, 94, 1, 0, 112),
(1, '2019-09-02 14:30:00', 662, 19.187, 94, 1, 0, 55),
(1, '2019-09-02 14:45:00', 662, 18.625, 93, 1, 0, 7),
(1, '2019-09-02 15:00:00', 665, 18.625, 93, 1, 0, 0),
(1, '2019-09-02 15:15:00', 666, 18.5, 91, 1, 0, 0),
(1, '2019-09-02 15:30:00', 667, 18.625, 91, 1, 0, 0),
(1, '2019-09-02 15:45:00', 667, 19.312, 92, 1, 0, 0),
(1, '2019-09-02 16:00:00', 665, 18.687, 93, 1, 0, 0),
(1, '2019-09-02 16:15:00', 664, 18.125, 92, 1, 0, 0),
(1, '2019-09-02 16:30:00', 664, 18, 92, 1, 0, 0),
(1, '2019-09-02 16:45:00', 660, 18.562, 92, 1, 0, 0),
(1, '2019-09-02 17:00:00', 660, 18.062, 92, 1, 0, 0),
(1, '2019-09-02 17:15:00', 660, 18.187, 91, 1, 0, 0),
(1, '2019-09-02 17:30:00', 662, 18, 91, 1, 0, 0),
(1, '2019-09-02 17:45:00', 664, 17.75, 91, 1, 0, 0),
(1, '2019-09-02 18:00:00', 665, 18.5, 90, 1, 0, 0),
(1, '2019-09-02 18:15:00', 662, 18.312, 90, 1, 0, 0),
(1, '2019-09-02 18:30:00', 664, 18.5, 90, 1, 0, 0),
(1, '2019-09-02 18:45:00', 666, 18.5, 90, 1, 0, 0),
(1, '2019-09-02 19:00:00', 665, 17.937, 90, 1, 0, 0),
(1, '2019-09-02 19:15:00', 665, 18.312, 91, 1, 0, 0),
(1, '2019-09-02 19:30:00', 665, 17.875, 88, 1, 0, 0),
(1, '2019-09-02 19:45:00', 666, 17.937, 91, 1, 0, 0),
(1, '2019-09-02 20:00:00', 669, 18, 91, 1, 0, 0),
(1, '2019-09-02 20:15:00', 668, 18.062, 91, 1, 0, 0),
(1, '2019-09-02 20:30:00', 663, 18, 91, 1, 0, 0),
(1, '2019-09-02 20:45:00', 661, 18.062, 90, 1, 0, 0),
(1, '2019-09-02 21:00:00', 661, 18, 90, 1, 0, 0),
(1, '2019-09-02 21:15:00', 660, 17.937, 91, 1, 0, 0),
(1, '2019-09-02 21:30:00', 660, 17.812, 91, 1, 0, 0),
(1, '2019-09-02 21:45:00', 661, 17.687, 93, 1, 0, 0),
(1, '2019-09-02 22:00:00', 662, 17.625, 94, 1, 0, 0),
(1, '2019-09-02 22:15:00', 669, 17.5, 94, 1, 0, 0),
(1, '2019-09-02 22:30:00', 669, 17.5, 95, 1, 0, 0),
(1, '2019-09-02 22:45:00', 667, 17.5, 96, 1, 0, 0),
(1, '2019-09-02 23:00:00', 665, 17.5, 96, 1, 0, 0),
(1, '2019-09-02 23:15:00', 665, 17.437, 96, 1, 0, 0),
(1, '2019-09-02 23:30:00', 665, 17.437, 96, 1, 0, 0),
(1, '2019-09-02 23:45:00', 667, 17.375, 95, 1, 0, 0),
(1, '2019-09-03 00:00:00', 661, 17.187, 94, 1, 0, 0),
(1, '2019-09-03 00:15:00', 662, 17.187, 93, 1, 0, 0),
(1, '2019-09-03 00:30:00', 662, 17.125, 92, 1, 0, 0),
(1, '2019-09-03 00:45:00', 662, 17.062, 91, 1, 0, 0),
(1, '2019-09-03 01:00:00', 662, 16.937, 91, 1, 0, 0),
(1, '2019-09-03 01:15:00', 663, 16.937, 91, 1, 0, 0),
(1, '2019-09-03 01:30:00', 665, 16.812, 90, 1, 0, 0),
(1, '2019-09-03 01:45:00', 665, 16.75, 89, 1, 0, 0),
(1, '2019-09-03 02:00:00', 667, 16.75, 90, 1, 0, 1),
(1, '2019-09-03 02:15:00', 666, 16.437, 90, 1, 0, 16),
(1, '2019-09-03 02:30:00', 666, 16.625, 91, 1, 0, 67),
(1, '2019-09-03 02:45:00', 666, 16.562, 90, 1, 0, 159),
(1, '2019-09-03 03:00:00', 667, 16.562, 90, 1, 0, 317),
(1, '2019-09-03 03:15:00', 666, 17, 91, 1, 0, 464),
(1, '2019-09-03 03:30:00', 667, 17.375, 91, 1, 0, 604),
(1, '2019-09-03 03:45:00', 665, 17.5, 91, 1, 0, 751),
(1, '2019-09-03 04:00:00', 666, 17.437, 91, 1, 0, 555),
(1, '2019-09-03 04:15:00', 664, 17.437, 91, 1, 0, 607),
(1, '2019-09-03 04:30:00', 663, 17.75, 92, 1, 0, 1649),
(1, '2019-09-03 04:45:00', 662, 18.312, 92, 1, 0, 2700),
(1, '2019-09-03 05:00:00', 663, 18.25, 92, 1, 0, 1047),
(1, '2019-09-03 05:15:00', 663, 18.187, 93, 1, 0, 691),
(1, '2019-09-03 05:30:00', 663, 18.125, 93, 1, 0, 1544),
(1, '2019-09-03 05:45:00', 668, 18.437, 93, 1, 0, 2486),
(1, '2019-09-03 06:00:00', 670, 18.875, 93, 1, 0, 1309),
(1, '2019-09-03 06:15:00', 670, 18.875, 93, 1, 0, 2930),
(1, '2019-09-03 06:30:00', 668, 19.437, 94, 1, 0, 2924),
(1, '2019-09-03 06:45:00', 668, 19.5, 93, 1, 0, 3351),
(1, '2019-09-03 07:00:00', 667, 19.875, 94, 1, 0, 3416),
(1, '2019-09-03 07:15:00', 667, 19.812, 94, 1, 0, 3162),
(1, '2019-09-03 07:30:00', 662, 19.875, 94, 1, 0, 4243),
(1, '2019-09-03 07:45:00', 662, 20.562, 94, 1, 0, 6726),
(1, '2019-09-03 08:00:00', 663, 20.937, 93, 1, 0, 3398),
(1, '2019-09-03 08:15:00', 663, 20.437, 92, 1, 0, 3135),
(1, '2019-09-03 08:30:00', 663, 20.812, 91, 1, 0, 3678),
(1, '2019-09-03 08:45:00', 663, 21.5, 91, 1, 0, 4075),
(1, '2019-09-03 09:00:00', 665, 22.062, 90, 1, 0, 4403),
(1, '2019-09-03 09:15:00', 672, 21.625, 89, 1, 0, 2537),
(1, '2019-09-03 09:30:00', 670, 21.625, 89, 1, 0, 4802),
(1, '2019-09-03 09:45:00', 668, 22.125, 89, 1, 0, 8296),
(1, '2019-09-03 10:00:00', 668, 23.187, 88, 1, 0, 6025),
(1, '2019-09-03 10:15:00', 667, 22.812, 86, 1, 0, 4409),
(1, '2019-09-03 10:30:00', 667, 22.562, 86, 1, 0, 5698),
(1, '2019-09-03 10:45:00', 667, 22.562, 85, 1, 0, 25078),
(1, '2019-09-03 11:00:00', 666, 22.75, 85, 1, 0, 26762),
(1, '2019-09-03 11:15:00', 665, 22.5, 85, 1, 0, 1399),
(1, '2019-09-03 11:30:00', 667, 21.875, 85, 1, 0, 3587),
(1, '2019-09-03 11:45:00', 667, 22.5, 86, 1, 0, 1058),
(1, '2019-09-03 12:00:00', 665, 22, 87, 1, 0, 937),
(1, '2019-09-03 12:15:00', 665, 22.062, 88, 1, 0, 2197),
(1, '2019-09-03 12:30:00', 665, 21.937, 89, 1, 0, 2648),
(1, '2019-09-03 12:45:00', 664, 21.937, 89, 1, 0, 1263),
(1, '2019-09-03 13:00:00', 670, 22.312, 90, 1, 0, 1090),
(1, '2019-09-03 13:15:00', 670, 21.687, 90, 1, 0, 330),
(1, '2019-09-03 13:30:00', 672, 21.312, 91, 1, 0, 737),
(1, '2019-09-03 13:45:00', 674, 21.25, 92, 1, 0, 373),
(1, '2019-09-03 14:00:00', 676, 20.75, 91, 1, 0, 162),
(1, '2019-09-03 14:15:00', 674, 20.562, 91, 1, 0, 101),
(1, '2019-09-03 14:30:00', 672, 20.437, 93, 1, 0, 43),
(1, '2019-09-03 14:45:00', 668, 20.187, 94, 1, 0, 4),
(1, '2019-09-03 15:00:00', 668, 19.875, 94, 1, 0, 0),
(1, '2019-09-03 15:15:00', 668, 19.75, 94, 1, 0, 0),
(1, '2019-09-03 15:30:00', 668, 19.75, 94, 1, 0, 0),
(1, '2019-09-03 15:45:00', 668, 19.812, 94, 1, 0, 0),
(1, '2019-09-03 16:00:00', 668, 19.812, 94, 1, 0, 0),
(1, '2019-09-03 16:15:00', 669, 19.75, 94, 1, 0, 0),
(1, '2019-09-03 16:30:00', 673, 19.625, 94, 1, 0, 0),
(1, '2019-09-03 16:45:00', 675, 19.625, 94, 1, 0, 0),
(1, '2019-09-03 17:00:00', 676, 19.562, 94, 1, 0, 0),
(1, '2019-09-03 17:15:00', 676, 19.5, 94, 1, 0, 0),
(1, '2019-09-03 17:30:00', 673, 19.437, 94, 1, 0, 0),
(1, '2019-09-03 17:45:00', 674, 19.375, 94, 1, 0, 0),
(1, '2019-09-03 18:00:00', 673, 19.312, 95, 1, 0, 0),
(1, '2019-09-03 18:15:00', 675, 19.25, 95, 1, 0, 0),
(1, '2019-09-03 18:30:00', 669, 19.187, 94, 1, 0, 0),
(1, '2019-09-03 18:45:00', 669, 19.125, 95, 1, 0, 0),
(1, '2019-09-03 19:00:00', 670, 19.187, 95, 1, 0, 0),
(1, '2019-09-03 19:15:00', 672, 19.062, 95, 1, 0, 0),
(1, '2019-09-03 19:30:00', 673, 19, 95, 1, 0, 0),
(1, '2019-09-03 19:45:00', 672, 18.937, 95, 1, 0, 0),
(1, '2019-09-03 20:00:00', 669, 18.812, 94, 1, 0, 0),
(1, '2019-09-03 20:15:00', 675, 18.812, 93, 1, 0, 0),
(1, '2019-09-03 20:30:00', 673, 18.812, 92, 1, 0, 0),
(1, '2019-09-03 20:45:00', 673, 18.687, 91, 1, 0, 0),
(1, '2019-09-03 21:00:00', 674, 18.5, 91, 1, 0, 0),
(1, '2019-09-03 21:15:00', 674, 18.5, 90, 1, 0, 0),
(1, '2019-09-03 21:30:00', 677, 18.312, 90, 1, 0, 0),
(1, '2019-09-03 21:45:00', 678, 18.437, 90, 1, 0, 0),
(1, '2019-09-03 22:00:00', 676, 18.375, 90, 1, 0, 0),
(1, '2019-09-03 22:15:00', 669, 18.375, 90, 1, 0, 0),
(1, '2019-09-03 22:30:00', 670, 18.25, 90, 1, 0, 0),
(1, '2019-09-03 22:45:00', 670, 18.25, 90, 1, 0, 0),
(1, '2019-09-03 23:00:00', 670, 18.187, 91, 1, 0, 0),
(1, '2019-09-03 23:15:00', 670, 18.187, 91, 1, 0, 0),
(1, '2019-09-03 23:30:00', 671, 18.125, 92, 1, 0, 0),
(1, '2019-09-03 23:45:00', 670, 18.062, 92, 1, 0, 0),
(1, '2019-09-04 00:00:00', 675, 18.062, 93, 1, 0, 0),
(1, '2019-09-04 00:15:00', 674, 17.937, 93, 1, 0, 0),
(1, '2019-09-04 00:30:00', 674, 18, 93, 1, 0, 0),
(1, '2019-09-04 00:45:00', 677, 17.937, 93, 1, 0, 0),
(1, '2019-09-04 01:00:00', 678, 17.937, 93, 1, 0, 0),
(1, '2019-09-04 01:15:00', 676, 17.875, 93, 1, 0, 0),
(1, '2019-09-04 01:30:00', 674, 17.812, 93, 1, 0, 0),
(1, '2019-09-04 01:45:00', 671, 17.812, 93, 1, 0, 0),
(1, '2019-09-04 02:00:00', 670, 17.75, 93, 1, 0, 1),
(1, '2019-09-04 02:15:00', 670, 17.687, 93, 1, 0, 17),
(1, '2019-09-04 02:30:00', 670, 17.437, 94, 1, 0, 88),
(1, '2019-09-04 02:45:00', 672, 17.562, 94, 1, 0, 172),
(1, '2019-09-04 03:00:00', 674, 17.625, 95, 1, 0, 245),
(1, '2019-09-04 03:15:00', 674, 18, 95, 1, 0, 465),
(1, '2019-09-04 03:30:00', 676, 18.062, 95, 1, 0, 588),
(1, '2019-09-04 03:45:00', 675, 18.125, 95, 1, 0, 383),
(1, '2019-09-04 04:00:00', 675, 18.25, 95, 1, 0, 429),
(1, '2019-09-04 04:15:00', 675, 18.375, 95, 1, 0, 620),
(1, '2019-09-04 04:30:00', 675, 18.437, 95, 1, 0, 1075),
(1, '2019-09-04 04:45:00', 675, 18.375, 95, 1, 0, 1187),
(1, '2019-09-04 05:00:00', 676, 18.5, 95, 1, 0, 1545),
(1, '2019-09-04 05:15:00', 678, 18.312, 95, 1, 0, 2225),
(1, '2019-09-04 05:30:00', 674, 18, 95, 1, 0, 3395),
(1, '2019-09-04 05:45:00', 673, 18.75, 95, 1, 0, 2886),
(1, '2019-09-04 06:00:00', 671, 18.937, 96, 1, 0, 3695),
(1, '2019-09-04 06:15:00', 671, 18.5, 97, 1, 0, 2996),
(1, '2019-09-04 06:30:00', 671, 18.687, 97, 1, 0, 1934),
(1, '2019-09-04 06:45:00', 671, 18.5, 98, 1, 0, 3697),
(1, '2019-09-04 07:00:00', 671, 18.625, 98, 1, 0, 1724),
(1, '2019-09-04 07:15:00', 677, 19.687, 99, 1, 0, 1636),
(1, '2019-09-04 07:30:00', 679, 20.062, 100, 1, 0, 3094),
(1, '2019-09-04 07:45:00', 679, 20.125, 102, 1, 0, 3168),
(1, '2019-09-04 08:00:00', 675, 20.125, 102, 1, 0, 2835),
(1, '2019-09-04 08:15:00', 676, 20.125, 102, 1, 0, 2139),
(1, '2019-09-04 08:30:00', 680, 20.312, 103, 1, 0, 3459),
(1, '2019-09-04 08:45:00', 679, 20.437, 103, 1, 0, 2561),
(1, '2019-09-04 09:00:00', 673, 20.687, 103, 1, 0, 4974),
(1, '2019-09-04 09:15:00', 672, 21.5, 103, 1, 0, 3630),
(1, '2019-09-04 09:30:00', 672, 21.125, 102, 1, 0, 3085),
(1, '2019-09-04 09:45:00', 671, 20.812, 102, 1, 0, 2636),
(1, '2019-09-04 10:00:00', 671, 20.625, 102, 1, 0, 4558),
(1, '2019-09-04 10:15:00', 672, 21.812, 102, 1, 0, 3446),
(1, '2019-09-04 10:30:00', 672, 20.437, 102, 1, 0, 2706),
(1, '2019-09-04 10:45:00', 673, 20.437, 102, 1, 0, 3063),
(1, '2019-09-04 11:00:00', 680, 20.937, 103, 1, 0, 3694),
(1, '2019-09-04 11:15:00', 679, 21, 103, 1, 0, 2786),
(1, '2019-09-04 11:30:00', 677, 20.937, 103, 1, 0, 2964),
(1, '2019-09-04 11:45:00', 676, 21.375, 103, 1, 0, 1674),
(1, '2019-09-04 12:00:00', 676, 21.062, 103, 1, 0, 1411),
(1, '2019-09-04 12:15:00', 676, 20.437, 103, 1, 0, 1421),
(1, '2019-09-04 12:30:00', 675, 20.625, 103, 1, 0, 1348),
(1, '2019-09-04 12:45:00', 400, 20.5, 32, 1, 0, 1277),
(1, '2019-09-04 13:00:00', 399, 20.5, 31, 1, 0, 1201),
(1, '2019-09-04 13:15:00', 398, 20.375, 31, 1, 0, 298),
(1, '2019-09-04 13:30:00', 399, 20.062, 31, 1, 0, 188),
(1, '2019-09-04 13:45:00', 400, 19.75, 31, 1, 0, 71),
(1, '2019-09-04 14:00:00', 400, 19.625, 32, 1, 0, 67),
(1, '2019-09-04 14:15:00', 398, 19.5, 32, 1, 0, 48),
(1, '2019-09-04 14:30:00', 398, 19.5, 32, 1, 0, 19),
(1, '2019-09-04 14:45:00', 397, 19.375, 33, 1, 0, 2),
(1, '2019-09-04 15:00:00', 397, 18.5, 32, 1, 0, 0),
(1, '2019-09-04 15:15:00', 398, 18.812, 32, 1, 0, 0),
(1, '2019-09-04 15:30:00', 398, 18.687, 31, 1, 0, 0),
(1, '2019-09-04 15:45:00', 400, 18.375, 31, 1, 0, 0),
(1, '2019-09-04 16:00:00', 400, 18.437, 32, 1, 0, 0),
(1, '2019-09-04 16:15:00', 399, 18.437, 32, 1, 0, 0),
(1, '2019-09-04 16:30:00', 399, 17.75, 33, 1, 0, 0),
(1, '2019-09-04 16:45:00', 397, 18.187, 32, 1, 0, 0),
(1, '2019-09-04 17:00:00', 398, 18, 32, 1, 0, 0),
(1, '2019-09-04 17:15:00', 397, 18.187, 32, 1, 0, 0),
(1, '2019-09-04 17:30:00', 397, 18.437, 33, 1, 0, 0),
(1, '2019-09-04 17:45:00', 398, 18.562, 33, 1, 0, 0),
(1, '2019-09-04 18:00:00', 398, 18.437, 33, 1, 0, 0),
(1, '2019-09-04 18:15:00', 400, 18.125, 33, 1, 0, 0),
(1, '2019-09-04 18:30:00', 400, 17.937, 35, 1, 0, 0),
(1, '2019-09-04 18:45:00', 399, 18.25, 35, 1, 0, 0),
(1, '2019-09-04 19:00:00', 398, 18, 35, 1, 0, 0),
(1, '2019-09-04 19:15:00', 398, 18.062, 35, 1, 0, 0),
(1, '2019-09-04 19:30:00', 398, 17.875, 36, 1, 0, 0),
(1, '2019-09-04 19:45:00', 398, 17.312, 36, 1, 0, 0),
(1, '2019-09-04 20:00:00', 397, 17.625, 36, 1, 0, 0),
(1, '2019-09-04 20:15:00', 398, 17.562, 37, 1, 0, 0),
(1, '2019-09-04 20:30:00', 403, 17.812, 36, 1, 0, 0),
(1, '2019-09-04 20:45:00', 400, 18, 37, 1, 0, 0),
(1, '2019-09-04 21:00:00', 398, 17.75, 37, 1, 0, 0),
(1, '2019-09-04 21:15:00', 399, 17.687, 39, 1, 0, 0),
(1, '2019-09-04 21:30:00', 401, 17.687, 39, 1, 0, 0),
(1, '2019-09-04 21:45:00', 400, 17.812, 38, 1, 0, 0),
(1, '2019-09-04 22:00:00', 399, 17.812, 38, 1, 0, 0),
(1, '2019-09-04 22:15:00', 398, 17.812, 39, 1, 0, 0),
(1, '2019-09-04 22:30:00', 397, 17.812, 39, 1, 0, 0),
(1, '2019-09-04 22:45:00', 398, 17.75, 39, 1, 0, 0),
(1, '2019-09-04 23:00:00', 398, 17.75, 39, 1, 0, 0),
(1, '2019-09-04 23:15:00', 399, 17.625, 40, 1, 0, 0),
(1, '2019-09-04 23:30:00', 398, 17.625, 41, 1, 0, 0),
(1, '2019-09-04 23:45:00', 399, 17.625, 41, 1, 0, 0),
(1, '2019-09-05 00:00:00', 400, 17.625, 41, 1, 0, 0),
(1, '2019-09-05 00:15:00', 398, 17.562, 39, 1, 0, 0),
(1, '2019-09-05 00:30:00', 398, 17.5, 40, 1, 0, 0),
(1, '2019-09-05 00:45:00', 401, 17.437, 40, 1, 0, 0),
(1, '2019-09-05 01:00:00', 398, 17.375, 40, 1, 0, 0),
(1, '2019-09-05 01:15:00', 398, 17.375, 40, 1, 0, 0),
(1, '2019-09-05 01:30:00', 398, 17.25, 40, 1, 0, 0),
(1, '2019-09-05 01:45:00', 398, 17.187, 41, 1, 0, 0),
(1, '2019-09-05 02:00:00', 398, 17.062, 41, 1, 0, 1),
(1, '2019-09-05 02:15:00', 400, 16.937, 41, 1, 0, 15),
(1, '2019-09-05 02:30:00', 400, 17, 41, 1, 0, 102),
(1, '2019-09-05 02:45:00', 398, 17, 40, 1, 0, 230),
(1, '2019-09-05 03:00:00', 399, 17.062, 41, 1, 0, 341),
(1, '2019-09-05 03:15:00', 398, 17.25, 41, 1, 0, 417),
(1, '2019-09-05 03:30:00', 398, 17.25, 40, 1, 0, 605),
(1, '2019-09-05 03:45:00', 398, 17.375, 40, 1, 0, 770),
(1, '2019-09-05 04:00:00', 398, 17.687, 40, 1, 0, 1010),
(1, '2019-09-05 04:15:00', 398, 18, 41, 1, 0, 1267),
(1, '2019-09-05 04:30:00', 400, 17.937, 41, 1, 0, 1212),
(1, '2019-09-05 04:45:00', 400, 18.062, 41, 1, 0, 883),
(1, '2019-09-05 05:00:00', 398, 18.187, 40, 1, 0, 1775),
(1, '2019-09-05 05:15:00', 398, 18.437, 40, 1, 0, 2458),
(1, '2019-09-05 05:30:00', 400, 18.812, 40, 1, 0, 2593),
(1, '2019-09-05 05:45:00', 401, 18.687, 39, 1, 0, 1865),
(1, '2019-09-05 06:00:00', 399, 18.75, 39, 1, 0, 1937),
(1, '2019-09-05 06:15:00', 398, 18.75, 40, 1, 0, 1234),
(1, '2019-09-05 06:30:00', 398, 18.5, 40, 1, 0, 1682),
(1, '2019-09-05 06:45:00', 398, 18.562, 41, 1, 0, 2321),
(1, '2019-09-05 07:00:00', 397, 18.75, 41, 1, 0, 2062),
(1, '2019-09-05 07:15:00', 398, 19.125, 41, 1, 0, 2355),
(1, '2019-09-05 07:30:00', 398, 19.562, 40, 1, 0, 4078),
(1, '2019-09-05 07:45:00', 402, 19.687, 40, 1, 0, 3274),
(1, '2019-09-05 08:00:00', 400, 19.625, 40, 1, 0, 2874),
(1, '2019-09-05 08:15:00', 399, 19.562, 40, 1, 0, 2601),
(1, '2019-09-05 08:30:00', 398, 19.437, 40, 1, 0, 2137),
(1, '2019-09-05 08:45:00', 397, 19, 40, 1, 0, 1858),
(1, '2019-09-05 09:00:00', 398, 19.375, 41, 1, 0, 3336),
(1, '2019-09-05 09:15:00', 397, 19, 41, 1, 0, 3397),
(1, '2019-09-05 09:30:00', 398, 19, 40, 1, 0, 1900),
(1, '2019-09-05 09:45:00', 399, 19.187, 40, 1, 0, 2066),
(1, '2019-09-05 10:00:00', 399, 19.062, 39, 1, 0, 5077),
(1, '2019-09-05 10:15:00', 400, 18.937, 40, 1, 0, 2216),
(1, '2019-09-05 10:30:00', 399, 18.562, 39, 1, 0, 1861),
(1, '2019-09-05 10:45:00', 398, 18.125, 39, 1, 0, 2105),
(1, '2019-09-05 11:00:00', 397, 18.375, 40, 1, 0, 4240),
(1, '2019-09-05 11:15:00', 396, 18.812, 39, 1, 0, 1556),
(1, '2019-09-05 11:30:00', 398, 19, 40, 1, 0, 3315),
(1, '2019-09-05 11:45:00', 398, 19.625, 39, 1, 0, 2519),
(1, '2019-09-05 12:00:00', 398, 19.5, 39, 1, 0, 2504),
(1, '2019-09-05 12:15:00', 399, 19.5, 39, 1, 0, 2096),
(1, '2019-09-05 12:30:00', 401, 19.437, 39, 1, 0, 1517),
(1, '2019-09-05 12:45:00', 400, 19.312, 39, 1, 0, 1296),
(1, '2019-09-05 13:00:00', 398, 19.312, 38, 1, 0, 1713),
(1, '2019-09-05 13:15:00', 400, 19, 39, 1, 0, 1294),
(1, '2019-09-05 13:30:00', 400, 18.312, 39, 1, 0, 450),
(1, '2019-09-05 13:45:00', 400, 18.375, 39, 1, 0, 229),
(1, '2019-09-05 14:00:00', 398, 18.125, 39, 1, 0, 261),
(1, '2019-09-05 14:15:00', 398, 18.437, 39, 1, 0, 176),
(1, '2019-09-05 14:30:00', 398, 18.25, 39, 1, 0, 29),
(1, '2019-09-05 14:45:00', 397, 18, 38, 1, 0, 1),
(1, '2019-09-05 15:00:00', 397, 17.5, 38, 1, 0, 0),
(1, '2019-09-05 15:15:00', 400, 17.75, 38, 1, 0, 0),
(1, '2019-09-05 15:30:00', 399, 17.5, 38, 1, 0, 0),
(1, '2019-09-05 15:45:00', 400, 17.437, 38, 1, 0, 0),
(1, '2019-09-05 16:00:00', 399, 17.562, 39, 1, 0, 0),
(1, '2019-09-05 16:15:00', 399, 17.937, 38, 1, 0, 0),
(1, '2019-09-05 16:30:00', 398, 16.937, 39, 1, 0, 0),
(1, '2019-09-05 16:45:00', 398, 17.187, 38, 1, 0, 0),
(1, '2019-09-05 17:00:00', 398, 17.25, 38, 1, 0, 0),
(1, '2019-09-05 17:15:00', 399, 17.437, 38, 1, 0, 0),
(1, '2019-09-05 17:30:00', 398, 17.25, 38, 1, 0, 0),
(1, '2019-09-05 17:45:00', 399, 17.125, 37, 1, 0, 0),
(1, '2019-09-05 18:00:00', 400, 16.687, 38, 1, 0, 0),
(1, '2019-09-05 18:15:00', 400, 17.187, 38, 1, 0, 0),
(1, '2019-09-05 18:30:00', 399, 17.187, 39, 1, 0, 0),
(1, '2019-09-05 18:45:00', 399, 17.125, 37, 1, 0, 0),
(1, '2019-09-05 19:00:00', 399, 17.25, 38, 1, 0, 0),
(1, '2019-09-05 19:15:00', 398, 17.187, 38, 1, 0, 0),
(1, '2019-09-05 19:30:00', 397, 17.25, 38, 1, 0, 0),
(1, '2019-09-05 19:45:00', 398, 16.937, 38, 1, 0, 0),
(1, '2019-09-05 20:00:00', 398, 16.687, 38, 1, 0, 0),
(1, '2019-09-05 20:15:00', 398, 16.937, 37, 1, 0, 0),
(1, '2019-09-05 20:30:00', 400, 17, 38, 1, 0, 0),
(1, '2019-09-05 20:45:00', 402, 17, 38, 1, 0, 0),
(1, '2019-09-05 21:00:00', 400, 16.937, 38, 1, 0, 0),
(1, '2019-09-05 21:15:00', 398, 16.5, 36, 1, 0, 0),
(1, '2019-09-05 21:30:00', 400, 16.437, 36, 1, 0, 0),
(1, '2019-09-05 21:45:00', 401, 16.562, 36, 1, 0, 0),
(1, '2019-09-05 22:00:00', 400, 16.562, 36, 1, 0, 0),
(1, '2019-09-05 22:15:00', 398, 16.375, 36, 1, 0, 0),
(1, '2019-09-05 22:30:00', 398, 16.562, 35, 1, 0, 0),
(1, '2019-09-05 22:45:00', 397, 16.625, 35, 1, 0, 0),
(1, '2019-09-05 23:00:00', 398, 16.625, 36, 1, 0, 0),
(1, '2019-09-05 23:15:00', 398, 16.5, 37, 1, 0, 0),
(1, '2019-09-05 23:30:00', 399, 16.437, 36, 1, 0, 0),
(1, '2019-09-05 23:45:00', 401, 16.312, 35, 1, 0, 0),
(1, '2019-09-06 00:00:00', 400, 16.375, 35, 1, 0, 0),
(1, '2019-09-06 00:15:00', 399, 16.312, 35, 1, 0, 0),
(1, '2019-09-06 00:30:00', 397, 16.312, 35, 1, 0, 0),
(1, '2019-09-06 00:45:00', 398, 16.187, 35, 1, 0, 0),
(1, '2019-09-06 01:00:00', 398, 16.125, 35, 1, 0, 0),
(1, '2019-09-06 01:15:00', 398, 16.125, 35, 1, 0, 0),
(1, '2019-09-06 01:30:00', 398, 16.125, 35, 1, 0, 0),
(1, '2019-09-06 01:45:00', 398, 16.062, 36, 1, 0, 0),
(1, '2019-09-06 02:00:00', 400, 15.937, 35, 1, 0, 1),
(1, '2019-09-06 02:15:00', 401, 15.937, 35, 1, 0, 39),
(1, '2019-09-06 02:30:00', 401, 16, 35, 1, 0, 146),
(1, '2019-09-06 02:45:00', 398, 16.062, 35, 1, 0, 144),
(1, '2019-09-06 03:00:00', 398, 16, 35, 1, 0, 363),
(1, '2019-09-06 03:15:00', 398, 16.187, 35, 1, 0, 539),
(1, '2019-09-06 03:30:00', 397, 16.375, 34, 1, 0, 738),
(1, '2019-09-06 03:45:00', 398, 16.437, 35, 1, 0, 1220),
(1, '2019-09-06 04:00:00', 398, 16.437, 35, 1, 0, 1090),
(1, '2019-09-06 04:15:00', 400, 16.437, 35, 1, 0, 823),
(1, '2019-09-06 04:30:00', 400, 16.437, 35, 1, 0, 1479),
(1, '2019-09-06 04:45:00', 400, 16.062, 35, 1, 0, 1456),
(1, '2019-09-06 05:00:00', 398, 16.75, 35, 1, 0, 1811),
(1, '2019-09-06 05:15:00', 400, 15.875, 35, 1, 0, 2448),
(1, '2019-09-06 05:30:00', 642, 20.875, 26, 1, 1, 5035),
(1, '2019-09-06 05:45:00', 639, 20.312, 26, 1, 1, 0),
(1, '2019-09-06 06:00:00', 672, 20.187, 45, 1, 1, 5086),
(1, '2019-09-06 06:15:00', 674, 23.75, 56, 1, 1, 6824),
(1, '2019-09-06 06:30:00', 673, 23.75, 83, 1, 1, 4363),
(1, '2019-09-06 06:45:00', 672, 22.25, 74, 1, 1, 1897),
(1, '2019-09-06 07:00:00', 672, 21.75, 96, 1, 1, 17437),
(1, '2019-09-06 07:15:00', 673, 21.625, 94, 1, 1, 1666),
(1, '2019-09-06 07:30:00', 674, 21.5, 111, 1, 1, 4631),
(1, '2019-09-06 07:45:00', 672, 22.187, 105, 1, 1, 2707),
(1, '2019-09-06 08:00:00', 671, 22.187, 91, 1, 1, 1756),
(1, '2019-09-06 08:15:00', 674, 21.375, 102, 1, 1, 2316),
(1, '2019-09-06 08:30:00', 675, 21, 106, 1, 1, 2173),
(1, '2019-09-06 08:45:00', 678, 21, 73, 1, 1, 1572),
(1, '2019-09-06 09:00:00', 676, 20.187, 89, 1, 1, 998),
(1, '2019-09-06 09:15:00', 673, 20.5, 89, 1, 1, 1277),
(1, '2019-09-06 09:30:00', 677, 20.375, 80, 1, 1, 597),
(1, '2019-09-06 09:45:00', 674, 20.25, 69, 1, 1, 315),
(1, '2019-09-06 10:00:00', 676, 19.875, 70, 1, 1, 423),
(1, '2019-09-06 10:15:00', 670, 19.937, 79, 1, 1, 184),
(1, '2019-09-06 10:30:00', 671, 19.812, 72, 1, 1, 58),
(1, '2019-09-06 10:45:00', 675, 19.062, 79, 1, 1, 5),
(1, '2019-09-06 11:00:00', 675, 18.75, 63, 1, 1, 0),
(1, '2019-09-06 11:15:00', 675, 18.75, 62, 1, 1, 0),
(1, '2019-09-06 11:30:00', 672, 18.5, 53, 1, 1, 0),
(1, '2019-09-06 11:45:00', 669, 18.25, 29, 1, 1, 0),
(1, '2019-09-06 12:00:00', 668, 18.625, 28, 1, 1, 0),
(1, '2019-09-06 12:15:00', 669, 18.437, 29, 1, 1, 0),
(1, '2019-09-06 12:30:00', 668, 17.812, 30, 1, 1, 0),
(1, '2019-09-06 12:45:00', 672, 18.062, 30, 1, 1, 0),
(1, '2019-09-06 13:00:00', 674, 18.062, 29, 1, 1, 0),
(1, '2019-09-06 13:15:00', 677, 17.5, 29, 1, 1, 0),
(1, '2019-09-06 13:30:00', 674, 17, 37, 1, 1, 0),
(1, '2019-09-06 13:45:00', 679, 17.187, 75, 1, 1, 0),
(1, '2019-09-06 14:00:00', 681, 17.187, 108, 1, 1, 0),
(1, '2019-09-06 14:15:00', 691, 17.312, 87, 1, 1, 0),
(1, '2019-09-06 14:30:00', 670, 17.875, 96, 1, 1, 0),
(1, '2019-09-06 14:45:00', 673, 17.625, 82, 1, 1, 0),
(1, '2019-09-06 15:00:00', 670, 17.312, 79, 1, 1, 0),
(1, '2019-09-06 15:15:00', 670, 17.25, 88, 1, 1, 0),
(1, '2019-09-06 15:30:00', 670, 17.625, 60, 1, 1, 0),
(1, '2019-09-06 15:45:00', 671, 17.75, 99, 1, 1, 0),
(1, '2019-09-06 16:00:00', 671, 17.375, 46, 1, 1, 0),
(1, '2019-09-06 16:15:00', 676, 16.5, 33, 1, 1, 0),
(1, '2019-09-06 16:30:00', 679, 16.562, 62, 1, 1, 0),
(1, '2019-09-06 16:45:00', 673, 16.25, 75, 1, 1, 0),
(1, '2019-09-06 17:00:00', 672, 16.25, 36, 1, 1, 0),
(1, '2019-09-06 17:15:00', 673, 17, 46, 1, 1, 0),
(1, '2019-09-06 17:30:00', 671, 17.187, 52, 1, 1, 0),
(1, '2019-09-06 17:45:00', 671, 16.937, 36, 1, 1, 0),
(1, '2019-09-06 18:00:00', 677, 16.375, 41, 1, 1, 0),
(1, '2019-09-06 18:15:00', 676, 16.312, 33, 1, 1, 0),
(1, '2019-09-06 18:30:00', 689, 16.812, 34, 1, 1, 0),
(1, '2019-09-06 18:45:00', 679, 16.625, 30, 1, 1, 0),
(1, '2019-09-06 19:00:00', 678, 16.25, 32, 1, 1, 0),
(1, '2019-09-06 19:15:00', 674, 16.437, 33, 1, 1, 0);
INSERT INTO `Mediciones` (`id_Planta`, `fecha`, `humedad`, `temperatura`, `polucion`, `nivelbajo`, `nivelalto`, `luz`) VALUES
(1, '2019-09-06 19:30:00', 674, 16.687, 33, 1, 1, 0),
(1, '2019-09-06 19:45:00', 675, 16.75, 34, 1, 1, 0),
(1, '2019-09-06 20:00:00', 675, 16.687, 34, 1, 1, 0),
(1, '2019-09-06 20:15:00', 675, 16.562, 34, 1, 1, 0),
(1, '2019-09-06 20:30:00', 677, 16.812, 33, 1, 1, 0),
(1, '2019-09-06 20:45:00', 677, 16.75, 34, 1, 1, 0),
(1, '2019-09-06 21:00:00', 678, 16.062, 34, 1, 1, 0),
(1, '2019-09-06 21:15:00', 677, 16.125, 34, 1, 1, 0),
(1, '2019-09-06 21:30:00', 674, 15.937, 38, 1, 1, 0),
(1, '2019-09-06 21:45:00', 674, 15.937, 97, 1, 1, 0),
(1, '2019-09-06 22:00:00', 673, 16.312, 106, 1, 1, 1),
(1, '2019-09-06 22:15:00', 675, 16.375, 121, 1, 1, 19),
(1, '2019-09-06 22:30:00', 671, 16.437, 108, 1, 1, 72),
(1, '2019-09-06 22:45:00', 683, 16.312, 102, 1, 1, 154),
(1, '2019-09-06 23:00:00', 671, 16.375, 96, 1, 1, 218),
(1, '2019-09-06 23:15:00', 672, 16.062, 52, 1, 1, 405),
(1, '2019-09-06 23:30:00', 672, 16, 86, 1, 1, 581),
(1, '2019-09-06 23:45:00', 672, 16.562, 93, 1, 1, 967),
(1, '2019-09-07 00:00:00', 672, 16.75, 114, 1, 1, 905),
(1, '2019-09-07 00:15:00', 675, 16.625, 101, 1, 1, 1260),
(1, '2019-09-07 00:30:00', 672, 17.562, 95, 1, 1, 2869),
(1, '2019-09-07 00:45:00', 671, 17.812, 52, 1, 1, 2229),
(1, '2019-09-07 01:00:00', 668, 17.75, 35, 1, 1, 2173),
(1, '2019-09-07 01:15:00', 672, 18.062, 36, 1, 1, 2514),
(1, '2019-09-07 01:30:00', 669, 18.062, 36, 1, 1, 2010),
(1, '2019-09-07 01:45:00', 682, 18.062, 36, 1, 1, 1301),
(1, '2019-09-07 02:00:00', 683, 18.125, 32, 1, 1, 0),
(1, '2019-09-07 02:15:00', 686, 18.437, 32, 1, 1, 0),
(1, '2019-09-07 02:30:00', 686, 18.875, 32, 1, 1, 0),
(1, '2019-09-07 02:45:00', 699, 18.937, 32, 1, 1, 0),
(1, '2019-09-07 03:00:00', 686, 18.937, 32, 1, 1, 0),
(1, '2019-09-07 03:15:00', 688, 18.25, 31, 1, 1, 0),
(1, '2019-09-07 03:30:00', 692, 18.75, 31, 1, 1, 0),
(1, '2019-09-07 03:45:00', 697, 18.687, 30, 1, 1, 0),
(1, '2019-09-07 04:00:00', 681, 18.625, 30, 1, 1, 0),
(1, '2019-09-07 04:15:00', 678, 18.5, 30, 1, 1, 0),
(1, '2019-09-07 04:30:00', 679, 17.687, 31, 1, 1, 0),
(1, '2019-09-07 04:45:00', 680, 17.937, 31, 1, 1, 0),
(1, '2019-09-07 05:00:00', 682, 17.937, 31, 1, 1, 0),
(1, '2019-09-07 05:15:00', 684, 17.75, 31, 1, 1, 0),
(1, '2019-09-07 05:30:00', 686, 17.75, 30, 1, 1, 0),
(1, '2019-09-07 05:45:00', 690, 17.687, 31, 1, 1, 0),
(1, '2019-09-07 06:00:00', 692, 17.5, 31, 1, 1, 0),
(1, '2019-09-07 06:15:00', 691, 17.562, 30, 1, 1, 0),
(1, '2019-09-07 06:30:00', 693, 17.625, 28, 1, 1, 0),
(1, '2019-09-07 06:45:00', 692, 17.625, 29, 1, 1, 0),
(1, '2019-09-07 07:00:00', 688, 17.625, 30, 1, 1, 0),
(1, '2019-09-07 07:15:00', 688, 17.625, 31, 1, 1, 0),
(1, '2019-09-07 07:30:00', 690, 17.625, 30, 1, 1, 0),
(1, '2019-09-07 07:45:00', 687, 17.5, 30, 1, 1, 0),
(1, '2019-09-07 08:00:00', 688, 17.5, 31, 1, 1, 0),
(1, '2019-09-07 08:15:00', 686, 17.625, 31, 1, 1, 0),
(1, '2019-09-07 08:30:00', 684, 17.375, 32, 1, 1, 0),
(1, '2019-09-07 08:45:00', 682, 17.5, 30, 1, 1, 0),
(1, '2019-09-07 09:00:00', 680, 17.5, 31, 1, 1, 0),
(1, '2019-09-07 09:15:00', 681, 17.437, 32, 1, 1, 0),
(1, '2019-09-07 09:30:00', 689, 17.375, 32, 1, 1, 0),
(1, '2019-09-07 09:45:00', 690, 17.375, 31, 1, 1, 0),
(1, '2019-09-07 10:00:00', 693, 17.187, 32, 1, 1, 0),
(1, '2019-09-07 10:15:00', 686, 17.312, 32, 1, 1, 0),
(1, '2019-09-07 10:30:00', 687, 17.187, 33, 1, 1, 0),
(1, '2019-09-07 10:45:00', 689, 17.187, 32, 1, 1, 0),
(1, '2019-09-07 11:00:00', 691, 17, 31, 1, 1, 0),
(1, '2019-09-07 11:15:00', 687, 17.187, 30, 1, 1, 0),
(1, '2019-09-07 11:30:00', 687, 17.187, 31, 1, 1, 4),
(1, '2019-09-07 11:45:00', 682, 17.125, 30, 1, 1, 59),
(1, '2019-09-07 12:00:00', 681, 17.187, 30, 1, 1, 183),
(1, '2019-09-07 12:15:00', 682, 16.875, 31, 1, 1, 434),
(1, '2019-09-07 12:30:00', 684, 17.437, 31, 1, 1, 595),
(1, '2019-09-07 12:45:00', 684, 17.625, 31, 1, 1, 877),
(1, '2019-09-07 13:00:00', 686, 17.5, 34, 1, 1, 1076),
(1, '2019-09-07 13:15:00', 692, 17.75, 33, 1, 1, 1409),
(1, '2019-09-07 13:30:00', 691, 18.312, 32, 1, 1, 1815),
(1, '2019-09-07 13:45:00', 688, 18.625, 31, 1, 1, 1494),
(1, '2019-09-07 14:00:00', 688, 18.812, 32, 1, 1, 1493),
(1, '2019-09-07 14:15:00', 687, 18.937, 31, 1, 1, 1445),
(1, '2019-09-07 14:30:00', 689, 19.312, 31, 1, 1, 3938),
(1, '2019-09-07 14:45:00', 687, 19.875, 31, 1, 1, 3975),
(1, '2019-09-07 15:00:00', 684, 19.875, 32, 1, 1, 4138),
(1, '2019-09-07 15:15:00', 690, 20.125, 32, 1, 1, 2522),
(1, '2019-09-07 15:30:00', 685, 20.5, 30, 1, 1, 3298),
(1, '2019-09-07 15:45:00', 682, 20.937, 31, 1, 1, 5083),
(1, '2019-09-07 16:00:00', 682, 20.875, 32, 1, 1, 2955),
(1, '2019-09-07 16:15:00', 684, 20.875, 31, 1, 1, 1430),
(1, '2019-09-07 16:30:00', 683, 21.687, 30, 1, 1, 4805),
(1, '2019-09-07 16:45:00', 681, 21.875, 30, 1, 1, 4524),
(1, '2019-09-07 17:00:00', 688, 22.062, 30, 1, 1, 4205),
(1, '2019-09-07 17:15:00', 693, 21.812, 30, 1, 1, 1916),
(1, '2019-09-07 17:30:00', 691, 22.062, 30, 1, 1, 3945),
(1, '2019-09-07 17:45:00', 691, 22.625, 30, 1, 1, 4327),
(1, '2019-09-07 18:00:00', 689, 22.375, 31, 1, 1, 5104),
(1, '2019-09-07 18:15:00', 693, 22.312, 31, 1, 1, 4306),
(1, '2019-09-07 18:30:00', 692, 22.625, 32, 1, 1, 5479),
(1, '2019-09-07 18:45:00', 684, 22.812, 32, 1, 1, 7132),
(1, '2019-09-07 19:00:00', 683, 23.625, 31, 1, 1, 5316),
(1, '2019-09-07 19:15:00', 681, 22.875, 30, 1, 1, 5546),
(1, '2019-09-07 19:30:00', 679, 22.625, 30, 1, 1, 2723),
(1, '2019-09-07 19:45:00', 679, 22.062, 31, 1, 1, 2722),
(1, '2019-09-07 20:00:00', 682, 25.25, 31, 1, 1, 8646),
(1, '2019-09-07 20:15:00', 686, 23.125, 31, 1, 1, 2251),
(1, '2019-09-07 20:30:00', 693, 22.5, 31, 1, 1, 3065),
(1, '2019-09-07 20:45:00', 690, 22.5, 31, 1, 1, 3729),
(1, '2019-09-07 21:00:00', 689, 22.812, 31, 1, 1, 3202),
(1, '2019-09-07 21:15:00', 687, 22.937, 31, 1, 1, 3401),
(1, '2019-09-07 21:30:00', 686, 22.875, 31, 1, 1, 2030),
(1, '2019-09-07 21:45:00', 688, 22.312, 31, 1, 1, 2305),
(1, '2019-09-07 22:00:00', 687, 22.125, 31, 1, 1, 1622),
(1, '2019-09-07 22:15:00', 694, 22.375, 31, 1, 1, 1957),
(1, '2019-09-07 22:30:00', 682, 22.125, 31, 1, 1, 637),
(1, '2019-09-07 22:45:00', 684, 21.625, 32, 1, 1, 594),
(1, '2019-09-07 23:00:00', 683, 21.5, 31, 1, 1, 689),
(1, '2019-09-07 23:15:00', 682, 21.312, 31, 1, 1, 204),
(1, '2019-09-07 23:30:00', 682, 21.125, 31, 1, 1, 202),
(1, '2019-09-07 23:45:00', 680, 20.875, 30, 1, 1, 41),
(1, '2019-09-08 00:00:00', 681, 20.312, 32, 1, 1, 5),
(1, '2019-09-08 00:15:00', 687, 20.437, 30, 1, 1, 0),
(1, '2019-09-08 00:30:00', 687, 20, 30, 1, 1, 0),
(1, '2019-09-08 00:45:00', 689, 20.062, 30, 1, 1, 0),
(1, '2019-09-08 01:00:00', 696, 19.812, 61, 1, 1, 18),
(1, '2019-09-08 01:15:00', 703, 19.75, 62, 1, 1, 0),
(1, '2019-09-08 01:30:00', 699, 19.562, 62, 1, 1, 0),
(1, '2019-09-08 01:45:00', 701, 19.687, 62, 1, 1, 0),
(1, '2019-09-08 02:00:00', 702, 19.75, 62, 1, 1, 0),
(1, '2019-09-08 02:15:00', 701, 19.625, 63, 1, 1, 0),
(1, '2019-09-08 02:30:00', 700, 19.562, 62, 1, 1, 0),
(1, '2019-09-08 02:45:00', 696, 19.5, 63, 1, 1, 0),
(1, '2019-09-08 03:00:00', 697, 19.437, 62, 1, 1, 0),
(1, '2019-09-08 03:15:00', 696, 19.437, 62, 1, 1, 0),
(1, '2019-09-08 03:30:00', 699, 19.25, 62, 1, 1, 0),
(1, '2019-09-08 03:45:00', 700, 19.187, 62, 1, 1, 0),
(1, '2019-09-08 04:00:00', 700, 19, 61, 1, 1, 0),
(1, '2019-09-08 04:15:00', 697, 18.937, 61, 1, 1, 0),
(1, '2019-09-08 04:30:00', 697, 18.875, 62, 1, 1, 0),
(1, '2019-09-08 04:45:00', 700, 18.75, 61, 1, 1, 0),
(1, '2019-09-08 05:00:00', 699, 18.625, 61, 1, 1, 0),
(1, '2019-09-08 05:15:00', 699, 18.5, 60, 1, 1, 0),
(1, '2019-09-08 05:30:00', 701, 18.437, 60, 1, 1, 0),
(1, '2019-09-08 05:45:00', 702, 18.375, 60, 1, 1, 0),
(1, '2019-09-08 06:00:00', 701, 18.187, 60, 1, 1, 0),
(1, '2019-09-08 06:15:00', 699, 18.25, 60, 1, 1, 0),
(1, '2019-09-08 06:30:00', 698, 18.125, 59, 1, 1, 0),
(1, '2019-09-08 06:45:00', 696, 18.125, 59, 1, 1, 0),
(1, '2019-09-08 07:00:00', 696, 18.062, 60, 1, 1, 0),
(1, '2019-09-08 07:15:00', 698, 18.062, 60, 1, 1, 0),
(1, '2019-09-08 07:30:00', 700, 17.937, 60, 1, 1, 0),
(1, '2019-09-08 07:45:00', 699, 17.937, 60, 1, 1, 0),
(1, '2019-09-08 08:00:00', 697, 17.875, 60, 1, 1, 0),
(1, '2019-09-08 08:15:00', 697, 17.812, 59, 1, 1, 0),
(1, '2019-09-08 08:30:00', 701, 17.812, 60, 1, 1, 0),
(1, '2019-09-08 08:45:00', 699, 17.75, 60, 1, 1, 0),
(1, '2019-09-08 09:00:00', 700, 17.625, 60, 1, 1, 0),
(1, '2019-09-08 09:15:00', 703, 17.562, 60, 1, 1, 0),
(1, '2019-09-08 09:30:00', 699, 17.625, 60, 1, 1, 0),
(1, '2019-09-08 09:45:00', 700, 17.562, 60, 1, 1, 0),
(1, '2019-09-08 10:00:00', 702, 17.437, 60, 1, 1, 0),
(1, '2019-09-08 10:15:00', 699, 17.562, 61, 1, 1, 0),
(1, '2019-09-08 10:30:00', 697, 17.5, 61, 1, 1, 1),
(1, '2019-09-08 10:45:00', 697, 17.437, 61, 1, 1, 9),
(1, '2019-09-08 11:00:00', 696, 17.5, 62, 1, 1, 100),
(1, '2019-09-08 11:15:00', 697, 17.375, 64, 1, 1, 82),
(1, '2019-09-08 11:30:00', 696, 17.375, 65, 1, 1, 242),
(1, '2019-09-08 11:45:00', 698, 17.625, 66, 1, 1, 566),
(1, '2019-09-08 12:00:00', 699, 17.562, 67, 1, 1, 985),
(1, '2019-09-08 12:15:00', 703, 17.875, 68, 1, 1, 1211),
(1, '2019-09-08 12:30:00', 700, 18.125, 70, 1, 1, 1399),
(1, '2019-09-08 12:45:00', 699, 18.312, 70, 1, 1, 1087),
(1, '2019-09-08 13:00:00', 700, 18.625, 69, 1, 1, 1612),
(1, '2019-09-08 13:15:00', 698, 18.937, 69, 1, 1, 1668),
(1, '2019-09-08 13:30:00', 699, 18.812, 69, 1, 1, 1869),
(1, '2019-09-08 13:45:00', 702, 18.812, 69, 1, 1, 2772),
(1, '2019-09-08 14:00:00', 702, 18.75, 69, 1, 1, 2413),
(1, '2019-09-08 14:15:00', 696, 18.937, 69, 1, 1, 2686),
(1, '2019-09-08 14:30:00', 696, 19.125, 69, 1, 1, 3496),
(1, '2019-09-08 14:45:00', 697, 19.125, 70, 1, 1, 3821),
(1, '2019-09-08 15:00:00', 696, 20.062, 71, 1, 1, 3660),
(1, '2019-09-08 15:15:00', 696, 20.437, 72, 1, 1, 4408),
(1, '2019-09-08 15:30:00', 699, 20.25, 74, 1, 1, 3163),
(1, '2019-09-08 15:45:00', 699, 19.937, 74, 1, 1, 4153),
(1, '2019-09-08 16:00:00', 702, 20.062, 75, 1, 1, 3819),
(1, '2019-09-08 16:15:00', 699, 20.5, 76, 1, 1, 4878),
(1, '2019-09-08 16:30:00', 700, 20.75, 77, 1, 1, 3195),
(1, '2019-09-08 16:45:00', 699, 20.625, 76, 1, 1, 2305),
(1, '2019-09-08 17:00:00', 699, 20.5, 75, 1, 1, 4162),
(1, '2019-09-08 17:15:00', 699, 20.75, 74, 1, 1, 2535),
(1, '2019-09-08 17:30:00', 699, 20.875, 74, 1, 1, 2671),
(1, '2019-09-08 17:45:00', 697, 21.062, 73, 1, 1, 3450),
(1, '2019-09-08 18:00:00', 697, 20.875, 72, 1, 1, 3754),
(1, '2019-09-08 18:15:00', 699, 21, 72, 1, 1, 4080),
(1, '2019-09-08 18:30:00', 698, 20.812, 71, 1, 1, 2658),
(1, '2019-09-08 18:45:00', 696, 20.687, 72, 1, 1, 3420),
(1, '2019-09-08 19:00:00', 696, 20.875, 72, 1, 1, 3301),
(1, '2019-09-08 19:15:00', 696, 20.562, 72, 1, 1, 2680),
(1, '2019-09-08 19:30:00', 696, 21, 71, 1, 1, 7737),
(1, '2019-09-08 19:45:00', 700, 21.312, 71, 1, 1, 1991),
(1, '2019-09-08 20:00:00', 702, 21.125, 71, 1, 1, 2247),
(1, '2019-09-08 20:15:00', 706, 18.062, 55, 1, 1, 0),
(1, '2019-09-08 20:30:00', 707, 17.937, 55, 1, 1, 0),
(1, '2019-09-08 20:45:00', 708, 17.687, 55, 1, 1, 0),
(1, '2019-09-08 21:00:00', 701, 17.562, 56, 1, 1, 0),
(1, '2019-09-08 21:15:00', 702, 17.625, 56, 1, 1, 0),
(1, '2019-09-08 21:30:00', 702, 17.812, 56, 1, 1, 0),
(1, '2019-09-08 21:45:00', 705, 17.437, 56, 1, 1, 0),
(1, '2019-09-08 22:00:00', 706, 17.312, 56, 1, 1, 0),
(1, '2019-09-08 22:15:00', 705, 17.25, 55, 1, 1, 0),
(1, '2019-09-08 22:30:00', 703, 17.625, 57, 1, 1, 0),
(1, '2019-09-08 22:45:00', 705, 17.25, 57, 1, 1, 0),
(1, '2019-09-08 23:00:00', 706, 17.312, 57, 1, 1, 0),
(1, '2019-09-08 23:15:00', 706, 17.312, 57, 1, 1, 0),
(1, '2019-09-08 23:30:00', 712, 17.375, 57, 1, 1, 0),
(1, '2019-09-08 23:45:00', 706, 17.062, 58, 1, 1, 0),
(1, '2019-09-09 00:00:00', 710, 17.375, 57, 1, 1, 0),
(1, '2019-09-09 00:15:00', 709, 17.375, 57, 1, 1, 0),
(1, '2019-09-09 00:30:00', 706, 17.312, 58, 1, 1, 0),
(1, '2019-09-09 00:45:00', 702, 17.25, 57, 1, 1, 0),
(1, '2019-09-09 01:00:00', 702, 17.25, 58, 1, 1, 0),
(1, '2019-09-09 01:15:00', 702, 17.187, 58, 1, 1, 0),
(1, '2019-09-09 01:30:00', 702, 17.125, 59, 1, 1, 0),
(1, '2019-09-09 01:45:00', 703, 17.062, 58, 1, 1, 0),
(1, '2019-09-09 02:00:00', 705, 17, 59, 1, 1, 0),
(1, '2019-09-09 02:15:00', 707, 16.937, 59, 1, 1, 0),
(1, '2019-09-09 02:30:00', 707, 16.937, 58, 1, 1, 0),
(1, '2019-09-09 02:45:00', 706, 16.812, 59, 1, 1, 0),
(1, '2019-09-09 03:00:00', 706, 16.75, 59, 1, 1, 0),
(1, '2019-09-09 03:15:00', 705, 16.687, 59, 1, 1, 0),
(1, '2019-09-09 03:30:00', 706, 16.687, 57, 1, 1, 0),
(1, '2019-09-09 03:45:00', 706, 16.687, 58, 1, 1, 0),
(1, '2019-09-09 04:00:00', 708, 16.562, 58, 1, 1, 0),
(1, '2019-09-09 04:15:00', 709, 16.562, 58, 1, 1, 0),
(1, '2019-09-09 04:30:00', 701, 15.875, 59, 1, 1, 0),
(1, '2019-09-09 04:45:00', 702, 15.75, 59, 1, 1, 0),
(1, '2019-09-09 05:00:00', 705, 16.312, 58, 1, 1, 1),
(1, '2019-09-09 05:15:00', 706, 16.375, 58, 1, 1, 34),
(1, '2019-09-09 05:30:00', 703, 16.375, 59, 1, 1, 149),
(1, '2019-09-09 05:45:00', 703, 16.437, 59, 1, 1, 280),
(1, '2019-09-09 06:00:00', 702, 16.437, 59, 1, 1, 309),
(1, '2019-09-09 06:15:00', 707, 16.625, 58, 1, 1, 469),
(1, '2019-09-09 06:30:00', 706, 16.562, 58, 1, 1, 962),
(1, '2019-09-09 06:45:00', 706, 16.5, 58, 1, 1, 1304),
(1, '2019-09-09 07:00:00', 708, 17.062, 59, 1, 1, 682),
(1, '2019-09-09 07:15:00', 709, 17.562, 59, 1, 1, 1733),
(1, '2019-09-09 07:30:00', 708, 17.312, 59, 1, 1, 1202),
(1, '2019-09-09 07:45:00', 706, 17.5, 59, 1, 1, 3168),
(1, '2019-09-09 08:00:00', 705, 18, 59, 1, 1, 2659),
(1, '2019-09-09 08:15:00', 701, 18.312, 58, 1, 1, 3460),
(1, '2019-09-09 08:30:00', 702, 18.75, 58, 1, 1, 4826),
(1, '2019-09-09 08:45:00', 702, 19, 58, 1, 1, 4325),
(1, '2019-09-09 09:00:00', 705, 19.125, 57, 1, 1, 5639),
(1, '2019-09-09 09:15:00', 706, 19.187, 58, 1, 1, 4326),
(1, '2019-09-09 09:30:00', 704, 19.25, 59, 1, 1, 4452),
(1, '2019-09-09 09:45:00', 702, 19.062, 59, 1, 1, 2938),
(1, '2019-09-09 10:00:00', 707, 19.062, 58, 1, 1, 2690),
(1, '2019-09-09 10:15:00', 705, 19.062, 58, 1, 1, 3871),
(1, '2019-09-09 10:30:00', 705, 18.562, 58, 1, 1, 1878),
(1, '2019-09-09 10:45:00', 706, 18.125, 58, 1, 1, 2004),
(1, '2019-09-09 11:00:00', 707, 18.562, 58, 1, 1, 1416),
(1, '2019-09-09 11:15:00', 709, 18.562, 58, 1, 1, 2136),
(1, '2019-09-09 11:30:00', 709, 18, 58, 1, 1, 1312),
(1, '2019-09-09 11:45:00', 706, 17.5, 58, 1, 1, 2274),
(1, '2019-09-09 12:00:00', 702, 17.437, 58, 1, 1, 4212),
(1, '2019-09-09 12:15:00', 702, 18.375, 59, 1, 1, 3679),
(1, '2019-09-09 12:30:00', 704, 18.937, 59, 1, 1, 2235),
(1, '2019-09-09 12:45:00', 702, 18.375, 59, 1, 1, 3033),
(1, '2019-09-09 13:00:00', 702, 18.5, 58, 1, 1, 2021),
(1, '2019-09-09 13:15:00', 702, 18.187, 58, 1, 1, 2889),
(1, '2019-09-09 13:30:00', 702, 18.562, 58, 1, 1, 3692),
(1, '2019-09-09 13:45:00', 706, 19, 58, 1, 1, 1365),
(1, '2019-09-09 14:00:00', 709, 18.375, 58, 1, 1, 2480),
(1, '2019-09-09 14:15:00', 709, 18.312, 58, 1, 1, 3406),
(1, '2019-09-09 14:30:00', 709, 18.25, 58, 1, 1, 2498),
(1, '2019-09-09 14:45:00', 706, 18.75, 59, 1, 1, 1658),
(1, '2019-09-09 15:00:00', 706, 18.437, 59, 1, 1, 2700),
(1, '2019-09-09 15:15:00', 706, 18.25, 59, 1, 1, 1258),
(1, '2019-09-09 15:30:00', 701, 18.437, 59, 1, 1, 1562),
(1, '2019-09-09 15:45:00', 702, 18, 60, 1, 1, 1078),
(1, '2019-09-09 16:00:00', 704, 17.437, 61, 1, 1, 1178),
(1, '2019-09-09 16:15:00', 706, 17.437, 61, 1, 1, 1030),
(1, '2019-09-09 16:30:00', 705, 16.875, 61, 1, 1, 617),
(1, '2019-09-09 16:45:00', 703, 17.062, 60, 1, 1, 435),
(1, '2019-09-09 17:00:00', 702, 16.937, 60, 1, 1, 253),
(1, '2019-09-09 17:15:00', 702, 17.437, 60, 1, 1, 102),
(1, '2019-09-09 17:30:00', 706, 16.437, 60, 1, 1, 8),
(1, '2019-09-09 17:45:00', 706, 16.625, 60, 1, 1, 1),
(1, '2019-09-09 18:00:00', 707, 16.75, 61, 1, 1, 0),
(1, '2019-09-09 18:15:00', 709, 17.312, 61, 1, 1, 0),
(1, '2019-09-09 18:30:00', 709, 16.625, 61, 1, 1, 0),
(1, '2019-09-09 18:45:00', 706, 16.75, 62, 1, 1, 0),
(1, '2019-09-09 19:00:00', 706, 16.937, 61, 1, 1, 0),
(1, '2019-09-09 19:15:00', 702, 16.375, 62, 1, 1, 0),
(1, '2019-09-09 19:30:00', 702, 16.125, 62, 1, 1, 0),
(1, '2019-09-09 19:45:00', 702, 16.312, 62, 1, 1, 0),
(1, '2019-09-09 20:00:00', 703, 16, 63, 1, 1, 0),
(1, '2019-09-09 20:15:00', 705, 15.875, 63, 1, 1, 0),
(1, '2019-09-09 20:30:00', 702, 16.25, 63, 1, 1, 0),
(1, '2019-09-09 20:45:00', 702, 16.5, 63, 1, 1, 0),
(1, '2019-09-09 21:00:00', 709, 16.312, 63, 1, 1, 0),
(1, '2019-09-09 21:15:00', 709, 16.312, 63, 1, 1, 0),
(1, '2019-09-09 21:30:00', 708, 16.375, 62, 1, 1, 0),
(1, '2019-09-09 21:45:00', 706, 15.812, 63, 1, 1, 0),
(1, '2019-09-09 22:00:00', 706, 16.062, 63, 1, 1, 0),
(1, '2019-09-09 22:15:00', 706, 15.875, 63, 1, 1, 0),
(1, '2019-09-09 22:30:00', 705, 15.625, 63, 1, 1, 0),
(1, '2019-09-09 22:45:00', 706, 15.812, 62, 1, 1, 0),
(1, '2019-09-09 23:00:00', 703, 15.812, 63, 1, 1, 0),
(1, '2019-09-09 23:15:00', 705, 15.937, 63, 1, 1, 0),
(1, '2019-09-09 23:30:00', 705, 15.75, 63, 1, 1, 0),
(1, '2019-09-09 23:45:00', 703, 15.625, 63, 1, 1, 0),
(1, '2019-09-10 00:00:00', 702, 15.75, 63, 1, 1, 0),
(1, '2019-09-10 00:15:00', 702, 15.375, 63, 1, 1, 0),
(1, '2019-09-10 00:30:00', 703, 15.562, 64, 1, 1, 0),
(1, '2019-09-10 00:45:00', 706, 15.687, 64, 1, 1, 0),
(1, '2019-09-10 01:00:00', 706, 15.312, 64, 1, 1, 0),
(1, '2019-09-10 01:15:00', 709, 15.375, 64, 1, 1, 0),
(1, '2019-09-10 01:30:00', 709, 15.437, 64, 1, 1, 0),
(1, '2019-09-10 01:45:00', 707, 15.062, 64, 1, 1, 0),
(1, '2019-09-10 02:00:00', 706, 15.5, 65, 1, 1, 0),
(1, '2019-09-10 02:15:00', 706, 15.562, 65, 1, 1, 0),
(1, '2019-09-10 02:30:00', 705, 15.562, 64, 1, 1, 0),
(1, '2019-09-10 02:45:00', 701, 15.5, 64, 1, 1, 0),
(1, '2019-09-10 03:00:00', 703, 15.375, 64, 1, 1, 0),
(1, '2019-09-10 03:15:00', 705, 15.125, 65, 1, 1, 0),
(1, '2019-09-10 03:30:00', 705, 15.062, 64, 1, 1, 0),
(1, '2019-09-10 03:45:00', 705, 14.75, 64, 1, 1, 0),
(1, '2019-09-10 04:00:00', 703, 14.812, 64, 1, 1, 0),
(1, '2019-09-10 04:15:00', 702, 15.062, 65, 1, 1, 0),
(1, '2019-09-10 04:30:00', 704, 15.062, 66, 1, 1, 0),
(1, '2019-09-10 04:45:00', 706, 14.875, 67, 1, 1, 0),
(1, '2019-09-10 05:00:00', 705, 15, 66, 1, 1, 4),
(1, '2019-09-10 05:15:00', 706, 15.062, 66, 1, 1, 43),
(1, '2019-09-10 05:30:00', 706, 15.062, 66, 1, 1, 236),
(1, '2019-09-10 05:45:00', 705, 14.437, 66, 1, 1, 262),
(1, '2019-09-10 06:00:00', 706, 15.187, 66, 1, 1, 742),
(1, '2019-09-10 06:15:00', 709, 15.625, 66, 1, 1, 1112),
(1, '2019-09-10 06:30:00', 704, 15.812, 67, 1, 1, 695),
(1, '2019-09-10 06:45:00', 704, 16, 67, 1, 1, 1927),
(1, '2019-09-10 07:00:00', 702, 16.125, 67, 1, 1, 1331),
(1, '2019-09-10 07:15:00', 705, 16.687, 66, 1, 1, 1440),
(1, '2019-09-10 07:30:00', 703, 16.812, 66, 1, 1, 1578),
(1, '2019-09-10 07:45:00', 702, 17.437, 66, 1, 1, 2364),
(1, '2019-09-10 08:00:00', 702, 17.625, 65, 1, 1, 2955),
(1, '2019-09-10 08:15:00', 711, 17.75, 66, 1, 1, 2141),
(1, '2019-09-10 08:30:00', 709, 17.687, 66, 1, 1, 3187),
(1, '2019-09-10 08:45:00', 708, 17.937, 65, 1, 1, 3898),
(1, '2019-09-10 09:00:00', 706, 18.062, 65, 1, 1, 3307),
(1, '2019-09-10 09:15:00', 706, 17.5, 65, 1, 1, 3573),
(1, '2019-09-10 09:30:00', 706, 18.5, 65, 1, 1, 4860),
(1, '2019-09-10 09:45:00', 706, 18.062, 65, 1, 1, 5532),
(1, '2019-09-10 10:00:00', 704, 19.312, 65, 1, 1, 6234),
(1, '2019-09-10 10:15:00', 702, 18.562, 66, 1, 1, 6491),
(1, '2019-09-10 10:30:00', 705, 19.312, 66, 1, 1, 5482),
(1, '2019-09-10 10:45:00', 706, 20.437, 65, 1, 1, 3735),
(1, '2019-09-10 11:00:00', 705, 21.125, 66, 1, 1, 5467),
(1, '2019-09-10 11:15:00', 703, 21.25, 66, 1, 1, 4976),
(1, '2019-09-10 11:30:00', 702, 20.687, 66, 1, 1, 3541),
(1, '2019-09-10 11:45:00', 702, 20.312, 66, 1, 1, 2441),
(1, '2019-09-10 12:00:00', 707, 19.937, 66, 1, 1, 2752),
(1, '2019-09-10 12:15:00', 706, 19.687, 66, 1, 1, 2439),
(1, '2019-09-10 12:30:00', 710, 19.687, 66, 1, 1, 3649),
(1, '2019-09-10 12:45:00', 705, 20, 67, 1, 1, 2644),
(1, '2019-09-10 13:00:00', 706, 20.062, 67, 1, 1, 2231),
(1, '2019-09-10 13:15:00', 707, 19.937, 67, 1, 1, 1586),
(1, '2019-09-10 13:30:00', 709, 19.875, 68, 1, 1, 2004),
(1, '2019-09-10 13:45:00', 704, 19.875, 69, 1, 1, 1558),
(1, '2019-09-10 14:00:00', 703, 19.375, 70, 1, 1, 1235),
(1, '2019-09-10 14:15:00', 703, 19.437, 71, 1, 1, 3383),
(1, '2019-09-10 14:30:00', 702, 19.437, 72, 1, 1, 1512),
(1, '2019-09-10 14:45:00', 704, 19.375, 72, 1, 1, 1610),
(1, '2019-09-10 15:00:00', 703, 19.187, 73, 1, 1, 1433),
(1, '2019-09-10 15:15:00', 703, 19.062, 74, 1, 1, 858),
(1, '2019-09-10 15:30:00', 707, 19, 74, 1, 1, 1273),
(1, '2019-09-10 15:45:00', 710, 18.562, 75, 1, 1, 557),
(1, '2019-09-10 16:00:00', 707, 18.5, 75, 1, 1, 646),
(1, '2019-09-10 16:15:00', 705, 18.625, 75, 1, 1, 495),
(1, '2019-09-10 16:30:00', 706, 18.5, 75, 1, 1, 207),
(1, '2019-09-10 16:45:00', 706, 17.937, 76, 1, 1, 352),
(1, '2019-09-10 17:00:00', 705, 17.937, 75, 1, 1, 194),
(1, '2019-09-10 17:15:00', 706, 18.062, 76, 1, 1, 39),
(1, '2019-09-10 17:30:00', 705, 17.75, 75, 1, 1, 6),
(1, '2019-09-10 17:45:00', 706, 17.312, 76, 1, 1, 1),
(1, '2019-09-10 18:00:00', 705, 17.5, 76, 1, 1, 1),
(1, '2019-09-10 18:15:00', 703, 17.687, 76, 1, 1, 0),
(1, '2019-09-10 18:30:00', 703, 17.687, 75, 1, 1, 1),
(1, '2019-09-10 18:45:00', 703, 17.25, 76, 1, 1, 1),
(1, '2019-09-10 19:00:00', 702, 17.375, 75, 1, 1, 1),
(1, '2019-09-10 19:15:00', 702, 18.062, 74, 1, 1, 0),
(1, '2019-09-10 19:30:00', 708, 18.062, 74, 1, 1, 0),
(1, '2019-09-10 19:45:00', 709, 18, 74, 1, 1, 0),
(1, '2019-09-10 20:00:00', 709, 17.875, 74, 1, 1, 0),
(1, '2019-09-10 20:15:00', 706, 17.812, 73, 1, 1, 0),
(1, '2019-09-10 20:30:00', 706, 17.625, 73, 1, 1, 0),
(1, '2019-09-10 20:45:00', 709, 17.375, 73, 1, 1, 0),
(1, '2019-09-10 21:00:00', 707, 17.187, 75, 1, 1, 0),
(1, '2019-09-10 21:15:00', 702, 17.062, 74, 1, 1, 0),
(1, '2019-09-10 21:30:00', 702, 17, 74, 1, 1, 0),
(1, '2019-09-10 21:45:00', 702, 17.062, 74, 1, 1, 0),
(1, '2019-09-10 22:00:00', 702, 16.375, 74, 1, 1, 0),
(1, '2019-09-10 22:15:00', 703, 16.562, 74, 1, 1, 0),
(1, '2019-09-10 22:30:00', 705, 16.875, 74, 1, 1, 0),
(1, '2019-09-10 22:45:00', 705, 16.937, 73, 1, 1, 0),
(1, '2019-09-10 23:00:00', 710, 16.875, 73, 1, 1, 0),
(1, '2019-09-10 23:15:00', 706, 16.875, 73, 1, 1, 0),
(1, '2019-09-10 23:30:00', 705, 16.812, 73, 1, 1, 0),
(1, '2019-09-10 23:45:00', 706, 16.812, 74, 1, 1, 0),
(1, '2019-09-11 00:00:00', 706, 16.75, 74, 1, 1, 0),
(1, '2019-09-11 00:15:00', 706, 16.687, 73, 1, 1, 0),
(1, '2019-09-11 00:30:00', 708, 16.625, 73, 1, 1, 0),
(1, '2019-09-11 00:45:00', 709, 16.562, 73, 1, 1, 0),
(1, '2019-09-11 01:00:00', 705, 16.562, 73, 1, 1, 0),
(1, '2019-09-11 01:15:00', 703, 16.5, 72, 1, 1, 0),
(1, '2019-09-11 01:30:00', 702, 16.437, 72, 1, 1, 0),
(1, '2019-09-11 01:45:00', 703, 16.375, 72, 1, 1, 0),
(1, '2019-09-11 02:00:00', 703, 16.437, 72, 1, 1, 0),
(1, '2019-09-11 02:15:00', 702, 16.312, 73, 1, 1, 0),
(1, '2019-09-11 02:30:00', 703, 16.25, 74, 1, 1, 0),
(1, '2019-09-11 02:45:00', 711, 16.25, 73, 1, 1, 0),
(1, '2019-09-11 03:00:00', 709, 16.25, 71, 1, 1, 0),
(1, '2019-09-11 03:15:00', 706, 16.125, 70, 1, 1, 0),
(1, '2019-09-11 03:30:00', 707, 16, 69, 1, 1, 0),
(1, '2019-09-11 03:45:00', 706, 15.937, 68, 1, 1, 0),
(1, '2019-09-11 04:00:00', 706, 15.937, 67, 1, 1, 0),
(1, '2019-09-11 04:15:00', 706, 15.875, 68, 1, 1, 0),
(1, '2019-09-11 04:30:00', 706, 15.875, 69, 1, 1, 0),
(1, '2019-09-11 04:45:00', 703, 15.875, 71, 1, 1, 1),
(1, '2019-09-11 05:00:00', 702, 15.875, 72, 1, 1, 6),
(1, '2019-09-11 05:15:00', 703, 15.812, 73, 1, 1, 41),
(1, '2019-09-11 05:30:00', 707, 15.812, 70, 1, 1, 130),
(1, '2019-09-11 05:45:00', 706, 15.812, 68, 1, 1, 197),
(1, '2019-09-11 06:00:00', 705, 16.062, 66, 1, 1, 295),
(1, '2019-09-11 06:15:00', 702, 16.125, 64, 1, 1, 552),
(1, '2019-09-11 06:30:00', 707, 16.25, 63, 1, 1, 746),
(1, '2019-09-11 06:45:00', 706, 16.375, 63, 1, 1, 1146),
(1, '2019-09-11 07:00:00', 706, 16.562, 63, 1, 1, 1423),
(1, '2019-09-11 07:15:00', 706, 16.687, 63, 1, 1, 1283),
(1, '2019-09-11 07:30:00', 707, 16.75, 63, 1, 1, 1232),
(1, '2019-09-11 07:45:00', 709, 16.75, 64, 1, 1, 920),
(1, '2019-09-11 08:00:00', 709, 16.812, 65, 1, 1, 2084),
(1, '2019-09-11 08:15:00', 703, 16.937, 66, 1, 1, 2414),
(1, '2019-09-11 08:30:00', 702, 17.25, 66, 1, 1, 2112),
(1, '2019-09-11 08:45:00', 703, 17.25, 65, 1, 1, 2912),
(1, '2019-09-11 09:00:00', 703, 17.25, 64, 1, 1, 2356),
(1, '2019-09-11 09:15:00', 702, 17.25, 63, 1, 1, 1397),
(1, '2019-09-11 09:30:00', 703, 17.437, 61, 1, 1, 2717),
(1, '2019-09-11 09:45:00', 706, 17.5, 61, 1, 1, 1085),
(1, '2019-09-11 10:00:00', 709, 17.375, 60, 1, 1, 1032),
(1, '2019-09-11 10:15:00', 707, 17.25, 60, 1, 1, 1325),
(1, '2019-09-11 10:30:00', 706, 17.312, 61, 1, 1, 1630),
(1, '2019-09-11 10:45:00', 706, 17.062, 62, 1, 1, 1097),
(1, '2019-09-11 11:00:00', 707, 17.187, 63, 1, 1, 1659),
(1, '2019-09-11 11:15:00', 706, 17.375, 63, 1, 1, 2956),
(1, '2019-09-11 11:30:00', 706, 17.562, 63, 1, 1, 3308),
(1, '2019-09-11 11:45:00', 709, 18.062, 62, 1, 1, 4767),
(1, '2019-09-11 12:00:00', 707, 18.25, 62, 1, 1, 4746),
(1, '2019-09-11 12:15:00', 704, 18, 61, 1, 1, 1835),
(1, '2019-09-11 12:30:00', 703, 17.687, 60, 1, 1, 231),
(1, '2019-09-11 12:45:00', 703, 17.625, 60, 1, 1, 4233),
(1, '2019-09-11 13:00:00', 706, 17.75, 60, 1, 1, 1791),
(1, '2019-09-11 13:15:00', 702, 17.812, 60, 1, 1, 1483),
(1, '2019-09-11 13:30:00', 703, 17.75, 60, 1, 1, 1851),
(1, '2019-09-11 13:45:00', 703, 17.937, 60, 1, 1, 2084),
(1, '2019-09-11 14:00:00', 706, 17.812, 60, 1, 1, 2036),
(1, '2019-09-11 14:15:00', 706, 17.625, 61, 1, 1, 1200),
(1, '2019-09-11 14:30:00', 707, 17.375, 61, 1, 1, 276),
(1, '2019-09-11 14:45:00', 709, 17.125, 62, 1, 1, 943),
(1, '2019-09-11 15:00:00', 709, 17.187, 62, 1, 1, 973),
(1, '2019-09-11 15:15:00', 706, 17.125, 61, 1, 1, 892),
(1, '2019-09-11 15:30:00', 706, 17, 62, 1, 1, 425),
(1, '2019-09-11 15:45:00', 702, 16.812, 61, 1, 1, 631),
(1, '2019-09-11 16:00:00', 702, 16.812, 61, 1, 1, 359),
(1, '2019-09-11 16:15:00', 702, 16.687, 61, 1, 1, 308),
(1, '2019-09-11 16:30:00', 705, 16.562, 60, 1, 1, 373),
(1, '2019-09-11 16:45:00', 706, 16.562, 60, 1, 1, 255),
(1, '2019-09-11 17:00:00', 706, 16.5, 61, 1, 1, 65),
(1, '2019-09-11 17:15:00', 703, 16.312, 61, 1, 1, 19),
(1, '2019-09-11 17:30:00', 703, 16.312, 61, 1, 1, 2),
(1, '2019-09-11 17:45:00', 706, 16.25, 61, 1, 1, 1),
(1, '2019-09-11 18:00:00', 706, 16.125, 60, 1, 1, 1),
(1, '2019-09-11 18:15:00', 706, 16.125, 60, 1, 1, 1),
(1, '2019-09-11 18:30:00', 706, 16.062, 59, 1, 1, 1),
(1, '2019-09-11 18:45:00', 709, 16, 57, 1, 1, 1),
(1, '2019-09-11 19:00:00', 710, 15.937, 56, 1, 1, 1),
(1, '2019-09-11 19:15:00', 708, 15.875, 55, 1, 1, 1),
(1, '2019-09-11 19:30:00', 702, 15.875, 55, 1, 1, 1),
(1, '2019-09-11 19:45:00', 703, 15.75, 55, 1, 1, 1),
(1, '2019-09-11 20:00:00', 703, 15.75, 54, 1, 1, 1),
(1, '2019-09-11 20:15:00', 702, 15.687, 54, 1, 1, 1),
(1, '2019-09-11 20:30:00', 703, 15.562, 54, 1, 1, 1),
(1, '2019-09-11 20:45:00', 704, 15.562, 53, 1, 1, 1),
(1, '2019-09-11 21:00:00', 702, 15.562, 53, 1, 1, 0),
(1, '2019-09-11 21:15:00', 708, 15.437, 53, 1, 1, 1),
(1, '2019-09-11 21:30:00', 707, 15.437, 53, 1, 1, 1),
(1, '2019-09-11 21:45:00', 709, 15.5, 53, 1, 1, 1),
(1, '2019-09-11 22:00:00', 708, 15.312, 52, 1, 1, 1),
(1, '2019-09-11 22:15:00', 706, 15.312, 51, 1, 1, 0),
(1, '2019-09-11 22:30:00', 706, 15.187, 50, 1, 1, 0),
(1, '2019-09-11 22:45:00', 706, 15.25, 50, 1, 1, 0),
(1, '2019-09-11 23:00:00', 706, 15.25, 48, 1, 1, 0),
(1, '2019-09-11 23:15:00', 703, 15.062, 47, 1, 1, 0),
(1, '2019-09-11 23:30:00', 703, 15.062, 46, 1, 1, 0),
(1, '2019-09-11 23:45:00', 703, 15, 46, 1, 1, 0),
(1, '2019-09-12 00:00:00', 707, 15, 46, 1, 1, 0),
(1, '2019-09-12 00:15:00', 705, 14.937, 46, 1, 1, 0),
(1, '2019-09-12 00:30:00', 702, 14.875, 45, 1, 1, 0),
(1, '2019-09-12 00:45:00', 702, 14.875, 45, 1, 1, 0),
(1, '2019-09-12 01:00:00', 707, 14.875, 45, 1, 1, 0),
(1, '2019-09-12 01:15:00', 706, 14.875, 45, 1, 1, 0),
(1, '2019-09-12 01:30:00', 706, 14.875, 44, 1, 1, 0),
(1, '2019-09-12 01:45:00', 707, 14.75, 44, 1, 1, 0),
(1, '2019-09-12 02:00:00', 709, 14.687, 43, 1, 1, 0),
(1, '2019-09-12 02:15:00', 709, 14.75, 42, 1, 1, 0),
(1, '2019-09-12 02:30:00', 707, 14.687, 43, 1, 1, 0),
(1, '2019-09-12 02:45:00', 706, 14.687, 42, 1, 1, 0),
(1, '2019-09-12 03:00:00', 702, 14.625, 43, 1, 1, 0),
(1, '2019-09-12 03:15:00', 703, 14.625, 42, 1, 1, 0),
(1, '2019-09-12 03:30:00', 702, 14.562, 42, 1, 1, 0),
(1, '2019-09-12 03:45:00', 703, 14.562, 41, 1, 1, 0),
(1, '2019-09-12 04:00:00', 706, 14.5, 41, 1, 1, 0),
(1, '2019-09-12 04:15:00', 706, 14.5, 41, 1, 1, 0),
(1, '2019-09-12 04:30:00', 704, 14.5, 41, 1, 1, 0),
(1, '2019-09-12 04:45:00', 708, 14.437, 40, 1, 1, 1),
(1, '2019-09-12 05:00:00', 710, 14.437, 40, 1, 1, 12),
(1, '2019-09-12 05:15:00', 708, 14.375, 40, 1, 1, 68),
(1, '2019-09-12 05:30:00', 706, 14.437, 41, 1, 1, 166),
(1, '2019-09-12 05:45:00', 706, 14.437, 43, 1, 1, 290),
(1, '2019-09-12 06:00:00', 706, 14.562, 42, 1, 1, 479),
(1, '2019-09-12 06:15:00', 706, 14.625, 43, 1, 1, 728),
(1, '2019-09-12 06:30:00', 702, 14.75, 43, 1, 1, 877),
(1, '2019-09-12 06:45:00', 704, 14.812, 44, 1, 1, 1187),
(1, '2019-09-12 07:00:00', 706, 14.812, 45, 1, 1, 1367),
(1, '2019-09-12 07:15:00', 705, 15.25, 45, 1, 1, 1759),
(1, '2019-09-12 07:30:00', 703, 15.562, 45, 1, 1, 2037),
(1, '2019-09-12 07:45:00', 703, 15.562, 44, 1, 1, 2295),
(1, '2019-09-12 08:00:00', 703, 15.75, 45, 1, 1, 2154),
(1, '2019-09-12 08:15:00', 702, 15.687, 46, 1, 1, 1581),
(1, '2019-09-12 08:30:00', 707, 15.75, 47, 1, 1, 930),
(1, '2019-09-12 08:45:00', 707, 15.75, 47, 1, 1, 1087),
(1, '2019-09-12 09:00:00', 709, 15.937, 47, 1, 1, 1567),
(1, '2019-09-12 09:15:00', 709, 15.875, 48, 1, 1, 802),
(1, '2019-09-12 09:30:00', 707, 15.75, 48, 1, 1, 885),
(1, '2019-09-12 09:45:00', 706, 15.875, 49, 1, 1, 3583),
(1, '2019-09-12 10:00:00', 706, 16.25, 49, 1, 1, 2300),
(1, '2019-09-12 10:15:00', 702, 16.5, 50, 1, 1, 3788),
(1, '2019-09-12 10:30:00', 702, 16.375, 49, 1, 1, 2390),
(1, '2019-09-12 10:45:00', 703, 16.062, 50, 1, 1, 988),
(1, '2019-09-12 11:00:00', 705, 16.312, 50, 1, 1, 1833),
(1, '2019-09-12 11:15:00', 706, 16.25, 51, 1, 1, 3893),
(1, '2019-09-12 11:30:00', 705, 16.562, 51, 1, 1, 2776),
(1, '2019-09-12 11:45:00', 703, 16.375, 51, 1, 1, 8318),
(1, '2019-09-12 12:00:00', 703, 16.937, 51, 1, 1, 3189),
(1, '2019-09-12 12:15:00', 707, 16.5, 52, 1, 1, 2583),
(1, '2019-09-12 12:30:00', 706, 16.937, 52, 1, 1, 5299),
(1, '2019-09-12 12:45:00', 706, 17.062, 52, 1, 1, 2934),
(1, '2019-09-12 13:00:00', 706, 16.75, 51, 1, 1, 1552),
(1, '2019-09-12 13:15:00', 706, 17.125, 50, 1, 1, 5528),
(1, '2019-09-12 13:30:00', 706, 18.25, 51, 1, 1, 5910),
(1, '2019-09-12 13:45:00', 708, 17.375, 51, 1, 1, 2581),
(1, '2019-09-12 14:00:00', 705, 17.125, 51, 1, 1, 2677),
(1, '2019-09-12 14:15:00', 706, 17.125, 51, 1, 1, 1269),
(1, '2019-09-12 14:30:00', 702, 17.125, 51, 1, 1, 2545),
(1, '2019-09-12 14:45:00', 705, 17.562, 51, 1, 1, 1857),
(1, '2019-09-12 15:00:00', 702, 17.312, 51, 1, 1, 1197),
(1, '2019-09-12 15:15:00', 703, 17.187, 51, 1, 1, 1466),
(1, '2019-09-12 15:30:00', 703, 16.875, 51, 1, 1, 876),
(1, '2019-09-12 15:45:00', 704, 16.625, 51, 1, 1, 1621),
(1, '2019-09-12 16:00:00', 709, 16.937, 50, 1, 1, 590),
(1, '2019-09-12 16:15:00', 709, 16.937, 51, 1, 1, 638),
(1, '2019-09-12 16:30:00', 707, 16.875, 51, 1, 1, 501),
(1, '2019-09-12 16:45:00', 706, 16.875, 52, 1, 1, 583),
(1, '2019-09-12 17:00:00', 706, 16.875, 52, 1, 1, 154),
(1, '2019-09-12 17:15:00', 706, 16.75, 52, 1, 1, 89),
(1, '2019-09-12 17:30:00', 707, 16.437, 51, 1, 1, 4),
(1, '2019-09-12 17:45:00', 702, 16.375, 51, 1, 1, 1),
(1, '2019-09-12 18:00:00', 706, 16.062, 52, 1, 1, 0),
(1, '2019-09-12 18:15:00', 706, 16, 53, 1, 1, 0),
(1, '2019-09-12 18:30:00', 704, 15.937, 53, 1, 1, 0),
(1, '2019-09-12 18:45:00', 704, 16, 53, 1, 1, 0),
(1, '2019-09-12 19:00:00', 703, 15.937, 55, 1, 1, 0),
(1, '2019-09-12 19:15:00', 703, 15.562, 56, 1, 1, 0),
(1, '2019-09-12 19:30:00', 703, 15.5, 57, 1, 1, 0),
(1, '2019-09-12 19:45:00', 707, 15.75, 56, 1, 1, 0),
(1, '2019-09-12 20:00:00', 709, 15.562, 56, 1, 1, 0),
(1, '2019-09-12 20:15:00', 709, 15.625, 56, 1, 1, 0),
(1, '2019-09-12 20:30:00', 708, 15.5, 55, 1, 1, 0),
(1, '2019-09-12 20:45:00', 706, 15.437, 55, 1, 1, 0),
(1, '2019-09-12 21:00:00', 706, 15.375, 55, 1, 1, 0),
(1, '2019-09-12 21:15:00', 710, 15.312, 56, 1, 1, 0),
(1, '2019-09-12 21:30:00', 703, 15.312, 56, 1, 1, 0),
(1, '2019-09-12 21:45:00', 703, 15.187, 57, 1, 1, 0),
(1, '2019-09-12 22:00:00', 704, 15.062, 56, 1, 1, 0),
(1, '2019-09-12 22:15:00', 703, 15.062, 55, 1, 1, 0),
(1, '2019-09-12 22:30:00', 702, 15.062, 55, 1, 1, 0),
(1, '2019-09-12 22:45:00', 706, 15.062, 40, 1, 1, 0),
(1, '2019-09-12 23:00:00', 706, 15.125, 40, 1, 1, 0),
(1, '2019-09-12 23:15:00', 708, 15.125, 40, 1, 1, 0),
(1, '2019-09-12 23:30:00', 709, 15.062, 40, 1, 1, 0),
(1, '2019-09-12 23:45:00', 704, 15.062, 40, 1, 1, 0),
(1, '2019-09-13 00:00:00', 702, 15.062, 40, 1, 1, 0),
(1, '2019-09-13 00:15:00', 702, 15.062, 39, 1, 1, 0),
(1, '2019-09-13 00:30:00', 702, 15, 39, 1, 1, 0),
(1, '2019-09-13 00:45:00', 702, 14.937, 40, 1, 1, 0),
(1, '2019-09-13 01:00:00', 703, 14.937, 40, 1, 1, 0),
(1, '2019-09-13 01:15:00', 706, 14.937, 39, 1, 1, 0),
(1, '2019-09-13 01:30:00', 710, 14.875, 40, 1, 1, 0),
(1, '2019-09-13 01:45:00', 706, 14.812, 40, 1, 1, 0),
(1, '2019-09-13 02:00:00', 706, 14.812, 40, 1, 1, 0),
(1, '2019-09-13 02:15:00', 706, 14.75, 39, 1, 1, 0),
(1, '2019-09-13 02:30:00', 706, 14.75, 40, 1, 1, 0),
(1, '2019-09-13 02:45:00', 706, 14.75, 40, 1, 1, 0),
(1, '2019-09-13 03:00:00', 707, 14.75, 40, 1, 1, 0),
(1, '2019-09-13 03:15:00', 709, 14.687, 39, 1, 1, 0),
(1, '2019-09-13 03:30:00', 706, 14.625, 40, 1, 1, 0),
(1, '2019-09-13 03:45:00', 702, 14.625, 40, 1, 1, 0),
(1, '2019-09-13 04:00:00', 702, 14.625, 40, 1, 1, 0),
(1, '2019-09-13 04:15:00', 702, 14.625, 40, 1, 1, 0),
(1, '2019-09-13 04:30:00', 702, 14.562, 40, 1, 1, 0),
(1, '2019-09-13 04:45:00', 702, 14.562, 40, 1, 1, 1),
(1, '2019-09-13 05:00:00', 702, 14.562, 40, 1, 1, 19),
(1, '2019-09-13 05:15:00', 707, 14.437, 39, 1, 1, 80),
(1, '2019-09-13 05:30:00', 706, 14.5, 38, 1, 1, 207),
(1, '2019-09-13 05:45:00', 709, 14.562, 39, 1, 1, 372),
(1, '2019-09-13 06:00:00', 709, 14.625, 39, 1, 1, 568),
(1, '2019-09-13 06:15:00', 707, 14.75, 38, 1, 1, 667),
(1, '2019-09-13 06:30:00', 706, 14.625, 38, 1, 1, 897),
(1, '2019-09-13 06:45:00', 706, 15, 39, 1, 1, 1270),
(1, '2019-09-13 07:00:00', 705, 15.125, 39, 1, 1, 1381),
(1, '2019-09-13 07:15:00', 704, 15.312, 39, 1, 1, 1304),
(1, '2019-09-13 07:30:00', 703, 15.75, 39, 1, 1, 1926),
(1, '2019-09-13 07:45:00', 706, 15.812, 39, 1, 1, 1652),
(1, '2019-09-13 08:00:00', 705, 16, 39, 1, 1, 2349),
(1, '2019-09-13 08:15:00', 703, 16.687, 39, 1, 1, 2813),
(1, '2019-09-13 08:30:00', 703, 17.437, 38, 1, 1, 4570),
(1, '2019-09-13 08:45:00', 702, 18.25, 39, 1, 1, 3231),
(1, '2019-09-13 09:00:00', 707, 17.937, 39, 1, 1, 2595),
(1, '2019-09-13 09:15:00', 706, 17.937, 39, 1, 1, 3044),
(1, '2019-09-13 09:30:00', 709, 18.187, 38, 1, 1, 4104),
(1, '2019-09-13 09:45:00', 709, 19.437, 39, 1, 1, 3462),
(1, '2019-09-13 10:00:00', 708, 19.75, 39, 1, 1, 5277),
(1, '2019-09-13 10:15:00', 706, 20.125, 39, 1, 1, 5025),
(1, '2019-09-13 10:30:00', 705, 20.312, 39, 1, 1, 4587),
(1, '2019-09-13 10:45:00', 706, 21.187, 39, 1, 1, 5951),
(1, '2019-09-13 11:00:00', 701, 21.25, 39, 1, 1, 5155),
(1, '2019-09-13 11:15:00', 703, 20.875, 38, 1, 1, 4539),
(1, '2019-09-13 11:30:00', 705, 20.687, 38, 1, 1, 3909),
(1, '2019-09-13 11:45:00', 706, 21.25, 39, 1, 1, 8250),
(1, '2019-09-13 12:00:00', 702, 21.75, 39, 1, 1, 4748),
(1, '2019-09-13 12:15:00', 702, 21.375, 39, 1, 1, 4903),
(1, '2019-09-13 12:30:00', 702, 21.5, 38, 1, 1, 3620),
(1, '2019-09-13 12:45:00', 707, 19.625, 39, 1, 1, 4197),
(1, '2019-09-13 13:00:00', 706, 19.562, 39, 1, 1, 4390),
(1, '2019-09-13 13:15:00', 706, 19.312, 39, 1, 1, 2053),
(1, '2019-09-13 13:30:00', 705, 19.437, 39, 1, 1, 3885),
(1, '2019-09-13 13:45:00', 706, 21.125, 39, 1, 1, 13387),
(1, '2019-09-13 14:00:00', 708, 21.5, 39, 1, 1, 8890),
(1, '2019-09-13 14:15:00', 709, 21.062, 40, 1, 1, 3302),
(1, '2019-09-13 14:30:00', 709, 21.375, 40, 1, 1, 4044),
(1, '2019-09-13 14:45:00', 702, 20.875, 40, 1, 1, 1943),
(1, '2019-09-13 15:00:00', 702, 20.687, 40, 1, 1, 2058),
(1, '2019-09-13 15:15:00', 702, 21, 40, 1, 1, 2979),
(1, '2019-09-13 15:30:00', 702, 21.062, 40, 1, 1, 1548),
(1, '2019-09-13 15:45:00', 703, 20.187, 40, 1, 1, 461),
(1, '2019-09-13 16:00:00', 705, 18.125, 40, 1, 1, 681),
(1, '2019-09-13 16:15:00', 705, 19.5, 40, 1, 1, 381),
(1, '2019-09-13 16:30:00', 708, 19.437, 41, 1, 1, 588),
(1, '2019-09-13 16:45:00', 706, 19.312, 40, 1, 1, 464),
(1, '2019-09-13 17:00:00', 706, 19.125, 40, 1, 1, 155),
(1, '2019-09-13 17:15:00', 705, 18.812, 40, 1, 1, 33),
(1, '2019-09-13 17:30:00', 706, 18.687, 41, 1, 1, 3),
(1, '2019-09-13 17:45:00', 708, 18.625, 41, 1, 1, 0),
(1, '2019-09-13 18:00:00', 710, 18.5, 41, 1, 1, 0),
(1, '2019-09-13 18:15:00', 708, 18.375, 41, 1, 1, 0),
(1, '2019-09-13 18:30:00', 703, 18, 41, 1, 1, 0),
(1, '2019-09-13 18:45:00', 702, 18.125, 40, 1, 1, 0),
(1, '2019-09-13 19:00:00', 702, 18, 40, 1, 1, 0),
(1, '2019-09-13 19:15:00', 702, 17.875, 40, 1, 1, 0),
(1, '2019-09-13 19:30:00', 703, 17.875, 41, 1, 1, 0),
(1, '2019-09-13 19:45:00', 705, 17.875, 41, 1, 1, 0),
(1, '2019-09-13 20:00:00', 705, 17.687, 41, 1, 1, 0),
(1, '2019-09-13 20:15:00', 704, 17.562, 41, 1, 1, 0),
(1, '2019-09-13 20:30:00', 706, 16.812, 41, 1, 1, 0),
(1, '2019-09-13 20:45:00', 709, 16.937, 40, 1, 1, 0),
(1, '2019-09-13 21:00:00', 707, 17.125, 41, 1, 1, 0),
(1, '2019-09-13 21:15:00', 705, 16.625, 41, 1, 1, 0),
(1, '2019-09-13 21:30:00', 706, 16.5, 41, 1, 1, 0),
(1, '2019-09-13 21:45:00', 707, 16.937, 41, 1, 1, 0),
(1, '2019-09-13 22:00:00', 706, 16.687, 40, 1, 1, 0),
(1, '2019-09-13 22:15:00', 702, 16.812, 41, 1, 1, 0),
(1, '2019-09-13 22:30:00', 705, 16.937, 41, 1, 1, 0),
(1, '2019-09-13 22:45:00', 706, 16.562, 41, 1, 1, 0),
(1, '2019-09-13 23:00:00', 704, 16.375, 41, 1, 1, 0),
(1, '2019-09-13 23:15:00', 702, 16.437, 41, 1, 1, 0),
(1, '2019-09-13 23:30:00', 702, 16.562, 41, 1, 1, 0),
(1, '2019-09-13 23:45:00', 703, 16.625, 40, 1, 1, 0),
(1, '2019-09-14 00:00:00', 707, 16.687, 41, 1, 1, 0),
(1, '2019-09-14 00:15:00', 706, 16.562, 41, 1, 1, 0),
(1, '2019-09-14 00:30:00', 709, 16.437, 41, 1, 1, 0),
(1, '2019-09-14 00:45:00', 709, 16.437, 41, 1, 1, 0),
(1, '2019-09-14 01:00:00', 706, 16.375, 40, 1, 1, 0),
(1, '2019-09-14 01:15:00', 706, 16.312, 41, 1, 1, 0),
(1, '2019-09-14 01:30:00', 706, 16.25, 41, 1, 1, 0),
(1, '2019-09-14 01:45:00', 705, 16.125, 41, 1, 1, 0),
(1, '2019-09-14 02:00:00', 701, 15.75, 42, 1, 1, 0),
(1, '2019-09-14 02:15:00', 704, 15.937, 42, 1, 1, 0),
(1, '2019-09-14 02:30:00', 705, 15.937, 42, 1, 1, 0),
(1, '2019-09-14 02:45:00', 705, 15.875, 42, 1, 1, 0),
(1, '2019-09-14 03:00:00', 702, 15.75, 42, 1, 1, 0),
(1, '2019-09-14 03:15:00', 702, 15.75, 42, 1, 1, 0),
(1, '2019-09-14 03:30:00', 702, 15.75, 42, 1, 1, 0),
(1, '2019-09-14 03:45:00', 704, 15.625, 41, 1, 1, 0),
(1, '2019-09-14 04:00:00', 706, 15.562, 41, 1, 1, 0),
(1, '2019-09-14 04:15:00', 709, 15.562, 42, 1, 1, 0),
(1, '2019-09-14 04:30:00', 709, 15.5, 42, 1, 1, 0),
(1, '2019-09-14 04:45:00', 706, 15.437, 43, 1, 1, 1),
(1, '2019-09-14 05:00:00', 710, 15.5, 43, 1, 1, 2),
(1, '2019-09-14 05:15:00', 709, 15.125, 44, 1, 1, 10),
(1, '2019-09-14 05:30:00', 706, 15.125, 43, 1, 1, 36),
(1, '2019-09-14 05:45:00', 702, 14.687, 44, 1, 1, 64),
(1, '2019-09-14 06:00:00', 703, 15, 43, 1, 1, 116),
(1, '2019-09-14 06:15:00', 702, 14.875, 43, 1, 1, 194),
(1, '2019-09-14 06:30:00', 702, 14.937, 43, 1, 1, 257),
(1, '2019-09-14 06:45:00', 704, 14.812, 43, 1, 1, 308),
(1, '2019-09-14 07:00:00', 705, 14.875, 44, 1, 1, 509),
(1, '2019-09-14 07:15:00', 704, 14.937, 43, 1, 1, 628),
(1, '2019-09-14 07:30:00', 707, 14.875, 43, 1, 1, 1120),
(1, '2019-09-14 07:45:00', 706, 14.875, 43, 1, 1, 1268),
(1, '2019-09-14 08:00:00', 705, 15.062, 43, 1, 1, 1258),
(1, '2019-09-14 08:15:00', 705, 15.062, 44, 1, 1, 1019),
(1, '2019-09-14 08:30:00', 706, 15.312, 43, 1, 1, 2743),
(1, '2019-09-14 09:00:00', 709, 15.687, 43, 1, 1, 2952),
(1, '2019-09-14 09:15:00', 709, 16.437, 43, 1, 1, 6356),
(1, '2019-09-14 09:30:00', 707, 16.125, 43, 1, 1, 4567),
(1, '2019-09-14 09:45:00', 701, 15.875, 43, 1, 1, 3356),
(1, '2019-09-14 10:00:00', 702, 15.875, 43, 1, 1, 2676),
(1, '2019-09-14 10:15:00', 705, 16, 43, 1, 1, 2716),
(1, '2019-09-14 10:30:00', 703, 15.625, 43, 1, 1, 2865),
(1, '2019-09-14 10:45:00', 702, 15.75, 43, 1, 1, 2494),
(1, '2019-09-14 11:00:00', 705, 16.125, 43, 1, 1, 2596),
(1, '2019-09-14 11:15:00', 705, 16.187, 44, 1, 1, 2457),
(1, '2019-09-14 11:30:00', 703, 16.562, 45, 1, 1, 2743),
(1, '2019-09-14 11:45:00', 706, 16.625, 44, 1, 1, 3533),
(1, '2019-09-14 12:00:00', 705, 16.812, 43, 1, 1, 3997),
(1, '2019-09-14 12:15:00', 706, 16.937, 43, 1, 1, 3806),
(1, '2019-09-14 12:30:00', 706, 17.25, 44, 1, 1, 3962),
(1, '2019-09-14 12:45:00', 709, 17.75, 43, 1, 1, 3368),
(1, '2019-09-14 13:00:00', 706, 17.5, 43, 1, 1, 4047),
(1, '2019-09-14 13:15:00', 706, 17.5, 43, 1, 1, 3988),
(1, '2019-09-14 13:30:00', 705, 17.562, 44, 1, 1, 2113),
(1, '2019-09-14 13:45:00', 705, 17.375, 43, 1, 1, 1805),
(1, '2019-09-14 14:00:00', 704, 17.312, 44, 1, 1, 1702),
(1, '2019-09-14 14:15:00', 702, 16.937, 44, 1, 1, 2851),
(1, '2019-09-14 14:30:00', 702, 17.625, 45, 1, 1, 2824),
(1, '2019-09-14 14:45:00', 702, 18, 44, 1, 1, 3400),
(1, '2019-09-14 15:00:00', 702, 18.125, 44, 1, 1, 1441),
(1, '2019-09-14 15:15:00', 707, 18, 44, 1, 1, 2696),
(1, '2019-09-14 15:30:00', 709, 18.312, 44, 1, 1, 2161),
(1, '2019-09-14 15:45:00', 709, 18.25, 44, 1, 1, 1487),
(1, '2019-09-14 16:00:00', 706, 18.125, 44, 1, 1, 1144),
(1, '2019-09-14 16:15:00', 706, 18.062, 44, 1, 1, 1093),
(1, '2019-09-14 16:30:00', 705, 17.812, 44, 1, 1, 840),
(1, '2019-09-14 16:45:00', 706, 17.625, 43, 1, 1, 493),
(1, '2019-09-14 17:00:00', 706, 17.312, 43, 1, 1, 250),
(1, '2019-09-14 17:15:00', 703, 16.75, 43, 1, 1, 133),
(1, '2019-09-14 17:30:00', 705, 16.937, 43, 1, 1, 16),
(1, '2019-09-14 17:45:00', 705, 16.562, 44, 1, 1, 1),
(1, '2019-09-14 18:00:00', 702, 16.062, 43, 1, 1, 0),
(1, '2019-09-14 18:15:00', 702, 16, 43, 1, 1, 0),
(1, '2019-09-14 18:30:00', 702, 15.562, 43, 1, 1, 0),
(1, '2019-09-14 18:45:00', 701, 15.187, 43, 1, 1, 0),
(1, '2019-09-14 19:00:00', 703, 15.187, 43, 1, 1, 0),
(1, '2019-09-14 19:15:00', 710, 15.875, 44, 1, 1, 0),
(1, '2019-09-14 19:30:00', 710, 15.937, 44, 1, 1, 0),
(1, '2019-09-14 19:45:00', 706, 15.562, 44, 1, 1, 0),
(1, '2019-09-14 20:00:00', 706, 15.312, 44, 1, 1, 0),
(1, '2019-09-14 20:15:00', 707, 14.812, 44, 1, 1, 0),
(1, '2019-09-14 20:30:00', 705, 14.937, 45, 1, 1, 0),
(1, '2019-09-14 20:45:00', 706, 15.125, 46, 1, 1, 0),
(1, '2019-09-14 21:00:00', 703, 15.187, 45, 1, 1, 0),
(1, '2019-09-14 21:15:00', 701, 14.75, 45, 1, 1, 0),
(1, '2019-09-14 21:30:00', 702, 14.937, 45, 1, 1, 0),
(1, '2019-09-14 21:45:00', 704, 14.562, 45, 1, 1, 0),
(1, '2019-09-14 22:00:00', 705, 14.437, 45, 1, 1, 0),
(1, '2019-09-14 22:15:00', 704, 15.125, 46, 1, 1, 0),
(1, '2019-09-14 22:30:00', 703, 15.25, 46, 1, 1, 0),
(1, '2019-09-14 22:45:00', 707, 14.937, 46, 1, 1, 0),
(1, '2019-09-14 23:00:00', 705, 15.187, 45, 1, 1, 0),
(1, '2019-09-14 23:15:00', 706, 15.125, 46, 1, 1, 0),
(1, '2019-09-14 23:30:00', 706, 15.062, 46, 1, 1, 0),
(1, '2019-09-14 23:45:00', 709, 14.937, 46, 1, 1, 0),
(1, '2019-09-15 00:00:00', 710, 14.875, 46, 1, 1, 0),
(1, '2019-09-15 00:15:00', 707, 14.875, 46, 1, 1, 0),
(1, '2019-09-15 00:30:00', 705, 14.875, 45, 1, 1, 0),
(1, '2019-09-15 00:45:00', 701, 14.562, 45, 1, 1, 0),
(1, '2019-09-15 01:00:00', 702, 14.562, 44, 1, 1, 0),
(1, '2019-09-15 01:15:00', 702, 14.625, 45, 1, 1, 0),
(1, '2019-09-15 01:30:00', 702, 14.5, 45, 1, 1, 0),
(1, '2019-09-15 01:45:00', 707, 14.437, 45, 1, 1, 0),
(1, '2019-09-15 02:00:00', 705, 14.437, 44, 1, 1, 0),
(1, '2019-09-15 02:15:00', 702, 14.312, 45, 1, 1, 0),
(1, '2019-09-15 02:30:00', 702, 14.25, 46, 1, 1, 0),
(1, '2019-09-15 02:45:00', 706, 14.312, 46, 1, 1, 0),
(1, '2019-09-15 03:00:00', 706, 14.187, 46, 1, 1, 0),
(1, '2019-09-15 03:15:00', 706, 14.125, 45, 1, 1, 0),
(1, '2019-09-15 03:30:00', 708, 14.125, 45, 1, 1, 0),
(1, '2019-09-15 03:45:00', 709, 14, 45, 1, 1, 0),
(1, '2019-09-15 04:00:00', 708, 14.062, 45, 1, 1, 0),
(1, '2019-09-15 04:15:00', 706, 13.937, 45, 1, 1, 0),
(1, '2019-09-15 04:30:00', 702, 13.875, 46, 1, 1, 0),
(1, '2019-09-15 04:45:00', 702, 13.937, 45, 1, 1, 0),
(1, '2019-09-15 05:00:00', 702, 13.875, 46, 1, 1, 3),
(1, '2019-09-15 05:15:00', 702, 14, 46, 1, 1, 27),
(1, '2019-09-15 05:30:00', 701, 14, 46, 1, 1, 129),
(1, '2019-09-15 05:45:00', 702, 13.937, 46, 1, 1, 250),
(1, '2019-09-15 06:00:00', 703, 14.125, 47, 1, 1, 418),
(1, '2019-09-15 06:15:00', 710, 14.437, 47, 1, 1, 605),
(1, '2019-09-15 06:30:00', 709, 14.437, 47, 1, 1, 712),
(1, '2019-09-15 06:45:00', 706, 14.562, 47, 1, 1, 914),
(1, '2019-09-15 07:00:00', 706, 14.812, 47, 1, 1, 1702),
(1, '2019-09-15 07:15:00', 706, 15.125, 47, 1, 1, 1955),
(1, '2019-09-15 07:30:00', 706, 15.625, 47, 1, 1, 1838),
(1, '2019-09-15 07:45:00', 705, 15.5, 47, 1, 1, 2145),
(1, '2019-09-15 08:00:00', 707, 15.562, 46, 1, 1, 2025),
(1, '2019-09-15 08:15:00', 705, 15.937, 46, 1, 1, 1834),
(1, '2019-09-15 08:30:00', 705, 16.25, 47, 1, 1, 3425),
(1, '2019-09-15 08:45:00', 702, 16.25, 47, 1, 1, 3466),
(1, '2019-09-15 09:00:00', 703, 16.437, 46, 1, 1, 4448),
(1, '2019-09-15 09:15:00', 702, 16.937, 47, 1, 1, 4029),
(1, '2019-09-15 09:30:00', 702, 17.625, 47, 1, 1, 6557),
(1, '2019-09-15 09:45:00', 702, 17.562, 47, 1, 1, 6542),
(1, '2019-09-15 10:00:00', 706, 17.812, 47, 1, 1, 5308),
(1, '2019-09-15 10:15:00', 709, 18.625, 48, 1, 1, 5304),
(1, '2019-09-15 10:30:00', 706, 18.687, 46, 1, 1, 5699),
(1, '2019-09-15 10:45:00', 706, 19.562, 47, 1, 1, 4706),
(1, '2019-09-15 11:00:00', 706, 19.937, 47, 1, 1, 5502),
(1, '2019-09-15 11:15:00', 705, 20.437, 46, 1, 1, 6786),
(1, '2019-09-15 11:30:00', 705, 21, 46, 1, 1, 4750),
(1, '2019-09-15 11:45:00', 706, 21.375, 46, 1, 1, 4612),
(1, '2019-09-15 12:00:00', 704, 21.75, 46, 1, 1, 4886),
(1, '2019-09-15 12:15:00', 705, 22.25, 47, 1, 1, 5722),
(1, '2019-09-15 12:30:00', 704, 22.25, 47, 1, 1, 5795),
(1, '2019-09-15 12:45:00', 702, 22.75, 46, 1, 1, 8472),
(1, '2019-09-15 13:00:00', 702, 22.75, 46, 1, 1, 42661),
(1, '2019-09-15 13:15:00', 704, 24.562, 46, 1, 1, 6089),
(1, '2019-09-15 13:30:00', 702, 22.687, 47, 1, 1, 4857),
(1, '2019-09-15 13:45:00', 707, 21.687, 47, 1, 1, 5287),
(1, '2019-09-15 14:00:00', 706, 22.062, 47, 1, 1, 9203),
(1, '2019-09-15 14:15:00', 706, 22.437, 47, 1, 1, 25978),
(1, '2019-09-15 14:30:00', 707, 22.312, 47, 1, 1, 4312),
(1, '2019-09-15 14:45:00', 709, 21.812, 47, 1, 1, 4229),
(1, '2019-09-15 15:00:00', 709, 21.75, 47, 1, 1, 3496),
(1, '2019-09-15 15:15:00', 706, 21.437, 48, 1, 1, 2469),
(1, '2019-09-15 15:30:00', 706, 21.187, 48, 1, 1, 1550),
(1, '2019-09-15 15:45:00', 701, 20.687, 48, 1, 1, 1378),
(1, '2019-09-15 16:00:00', 701, 20.375, 47, 1, 1, 1051),
(1, '2019-09-15 16:15:00', 702, 20.375, 48, 1, 1, 751),
(1, '2019-09-15 16:30:00', 705, 20.125, 48, 1, 1, 770),
(1, '2019-09-15 16:45:00', 705, 19.875, 48, 1, 1, 419),
(1, '2019-09-15 17:00:00', 705, 19.687, 47, 1, 1, 135),
(1, '2019-09-15 17:15:00', 703, 19.25, 48, 1, 1, 96),
(1, '2019-09-15 17:30:00', 703, 18.875, 47, 1, 1, 17),
(1, '2019-09-15 17:45:00', 705, 19.062, 47, 1, 1, 1),
(1, '2019-09-15 18:00:00', 706, 18.375, 46, 1, 1, 0),
(1, '2019-09-15 18:15:00', 706, 18.062, 46, 1, 1, 0),
(1, '2019-09-15 18:30:00', 708, 18, 47, 1, 1, 0),
(1, '2019-09-15 18:45:00', 709, 18.312, 47, 1, 1, 0),
(1, '2019-09-15 19:00:00', 706, 17.937, 47, 1, 1, 0),
(1, '2019-09-15 19:15:00', 705, 18.062, 47, 1, 1, 0),
(1, '2019-09-15 19:30:00', 702, 17.937, 47, 1, 1, 0),
(1, '2019-09-15 19:45:00', 702, 17.75, 48, 1, 1, 0),
(1, '2019-09-15 20:00:00', 703, 17.562, 47, 1, 1, 0),
(1, '2019-09-15 20:15:00', 703, 17.562, 48, 1, 1, 0),
(1, '2019-09-15 20:30:00', 705, 17.5, 48, 1, 1, 0),
(1, '2019-09-15 20:45:00', 705, 16.812, 48, 1, 1, 0),
(1, '2019-09-15 21:00:00', 702, 17.187, 48, 1, 1, 0),
(1, '2019-09-15 21:15:00', 711, 17.312, 48, 1, 1, 0),
(1, '2019-09-15 21:30:00', 708, 17.5, 49, 1, 1, 0),
(1, '2019-09-15 21:45:00', 706, 17.5, 49, 1, 1, 0),
(1, '2019-09-15 22:00:00', 706, 17.562, 48, 1, 1, 0),
(1, '2019-09-15 22:15:00', 706, 17.5, 48, 1, 1, 0),
(1, '2019-09-15 22:30:00', 706, 17.625, 48, 1, 1, 0),
(1, '2019-09-15 22:45:00', 706, 17.5, 48, 1, 1, 0),
(1, '2019-09-15 23:00:00', 708, 17.312, 48, 1, 1, 0),
(1, '2019-09-15 23:15:00', 706, 16.75, 48, 1, 1, 0),
(1, '2019-09-15 23:30:00', 703, 16.437, 48, 1, 1, 0),
(1, '2019-09-15 23:45:00', 712, 16.5, 48, 1, 1, 0),
(1, '2019-09-16 00:00:00', 702, 16.5, 48, 1, 1, 0),
(1, '2019-09-16 00:15:00', 701, 16.687, 48, 1, 1, 0),
(1, '2019-09-16 00:30:00', 702, 16.687, 48, 1, 1, 0),
(1, '2019-09-16 00:45:00', 703, 16.25, 49, 1, 1, 0),
(1, '2019-09-16 01:00:00', 705, 16.5, 49, 1, 1, 0),
(1, '2019-09-16 01:15:00', 709, 16.5, 49, 1, 1, 0),
(1, '2019-09-16 01:30:00', 706, 15.687, 49, 1, 1, 0),
(1, '2019-09-16 01:45:00', 706, 15.687, 49, 1, 1, 0),
(1, '2019-09-16 02:00:00', 706, 15.562, 49, 1, 1, 0),
(1, '2019-09-16 02:15:00', 705, 15.812, 49, 1, 1, 0),
(1, '2019-09-16 02:30:00', 706, 15.687, 49, 1, 1, 0),
(1, '2019-09-16 02:45:00', 708, 15.375, 48, 1, 1, 0),
(1, '2019-09-16 03:00:00', 704, 15.5, 49, 1, 1, 0),
(1, '2019-09-16 03:15:00', 705, 15.437, 49, 1, 1, 0),
(1, '2019-09-16 03:30:00', 703, 15.625, 49, 1, 1, 0),
(1, '2019-09-16 03:45:00', 702, 16.062, 49, 1, 1, 0),
(1, '2019-09-16 04:00:00', 702, 15.125, 48, 1, 1, 0),
(1, '2019-09-16 04:15:00', 702, 15.125, 48, 1, 1, 0),
(1, '2019-09-16 04:30:00', 702, 15.812, 48, 1, 1, 0),
(1, '2019-09-16 04:45:00', 705, 15.5, 48, 1, 1, 0),
(1, '2019-09-16 05:00:00', 709, 15.375, 48, 1, 1, 4),
(1, '2019-09-16 05:15:00', 706, 15.25, 48, 1, 1, 44),
(1, '2019-09-16 05:30:00', 709, 15, 48, 1, 1, 123),
(1, '2019-09-16 05:45:00', 709, 15.062, 48, 1, 1, 208),
(1, '2019-09-16 06:00:00', 706, 15, 48, 1, 1, 314),
(1, '2019-09-16 06:15:00', 705, 16.062, 49, 1, 1, 312),
(1, '2019-09-16 06:30:00', 706, 16.312, 49, 1, 1, 795),
(1, '2019-09-16 06:45:00', 701, 16.5, 49, 1, 1, 946),
(1, '2019-09-16 07:00:00', 702, 16.812, 49, 1, 1, 594),
(1, '2019-09-16 07:15:00', 704, 16.812, 49, 1, 1, 614),
(1, '2019-09-16 07:30:00', 704, 16.875, 49, 1, 1, 1510),
(1, '2019-09-16 07:45:00', 705, 17.562, 48, 1, 1, 1836),
(1, '2019-09-16 08:00:00', 702, 18.125, 48, 1, 1, 2437),
(1, '2019-09-16 08:15:00', 702, 17.312, 48, 1, 1, 2375),
(1, '2019-09-16 08:30:00', 702, 18.375, 48, 1, 1, 1056),
(1, '2019-09-16 08:45:00', 705, 18.312, 48, 1, 1, 2448),
(1, '2019-09-16 09:00:00', 706, 18.937, 46, 1, 1, 2620),
(1, '2019-09-16 09:15:00', 709, 18.437, 47, 1, 1, 2715),
(1, '2019-09-16 09:30:00', 708, 18.062, 47, 1, 1, 2969),
(1, '2019-09-16 09:45:00', 707, 19.25, 47, 1, 1, 3265),
(1, '2019-09-16 10:00:00', 706, 19.187, 47, 1, 1, 4839),
(1, '2019-09-16 10:15:00', 706, 20.375, 47, 1, 1, 4152),
(1, '2019-09-16 10:30:00', 701, 20.875, 47, 1, 1, 5313),
(1, '2019-09-16 10:45:00', 702, 21.625, 47, 1, 1, 4868),
(1, '2019-09-16 11:00:00', 703, 22, 47, 1, 1, 4083),
(1, '2019-09-16 11:15:00', 705, 22.437, 47, 1, 1, 5883),
(1, '2019-09-16 11:30:00', 705, 22.375, 46, 1, 1, 2967),
(1, '2019-09-16 11:45:00', 702, 22.812, 46, 1, 1, 2891),
(1, '2019-09-16 12:00:00', 702, 22.062, 46, 1, 1, 4601),
(1, '2019-09-16 12:15:00', 702, 22.375, 46, 1, 1, 5782),
(1, '2019-09-16 12:30:00', 706, 23.375, 46, 1, 1, 7468),
(1, '2019-09-16 12:45:00', 706, 23.875, 46, 1, 1, 14349),
(1, '2019-09-16 13:00:00', 708, 24.687, 47, 1, 1, 16535),
(1, '2019-09-16 13:15:00', 709, 26, 46, 1, 1, 5652),
(1, '2019-09-16 13:30:00', 705, 24.875, 45, 1, 1, 5851),
(1, '2019-09-16 13:45:00', 708, 23.5, 45, 1, 1, 9644),
(1, '2019-09-16 14:00:00', 709, 23.5, 46, 1, 1, 2798),
(1, '2019-09-16 14:15:00', 703, 22.75, 45, 1, 1, 6476),
(1, '2019-09-16 14:30:00', 702, 22.625, 45, 1, 1, 4341),
(1, '2019-09-16 14:45:00', 702, 22.625, 44, 1, 1, 751),
(1, '2019-09-16 15:00:00', 702, 22.062, 45, 1, 1, 469);
INSERT INTO `Mediciones` (`id_Planta`, `fecha`, `humedad`, `temperatura`, `polucion`, `nivelbajo`, `nivelalto`, `luz`) VALUES
(1, '2019-09-16 15:15:00', 702, 21.75, 45, 1, 1, 1578),
(1, '2019-09-16 15:30:00', 702, 21.812, 45, 1, 1, 449),
(1, '2019-09-16 15:45:00', 705, 21.375, 45, 1, 1, 531),
(1, '2019-09-16 16:00:00', 705, 21.375, 45, 1, 1, 672),
(1, '2019-09-16 16:15:00', 706, 21.25, 46, 1, 1, 484),
(1, '2019-09-16 16:30:00', 706, 21, 45, 1, 1, 338),
(1, '2019-09-16 16:45:00', 705, 20.875, 45, 1, 1, 198),
(1, '2019-09-16 17:00:00', 705, 20.437, 45, 1, 1, 119),
(1, '2019-09-16 17:15:00', 706, 19.75, 46, 1, 1, 52),
(1, '2019-09-16 17:30:00', 708, 19.375, 45, 1, 1, 9),
(1, '2019-09-16 17:45:00', 709, 19.312, 45, 1, 1, 0),
(1, '2019-09-16 18:00:00', 704, 19.312, 45, 1, 1, 0),
(1, '2019-09-16 18:15:00', 702, 19, 45, 1, 1, 0),
(1, '2019-09-16 18:30:00', 707, 18.875, 45, 1, 1, 0),
(1, '2019-09-16 18:45:00', 703, 18.937, 45, 1, 1, 0),
(1, '2019-09-16 19:00:00', 702, 19.25, 45, 1, 1, 0),
(1, '2019-09-16 19:15:00', 702, 19.125, 46, 1, 1, 0),
(1, '2019-09-16 19:30:00', 705, 18.437, 46, 1, 1, 0),
(1, '2019-09-16 19:45:00', 706, 18.687, 45, 1, 1, 0),
(1, '2019-09-16 20:00:00', 708, 18.187, 45, 1, 1, 0),
(1, '2019-09-16 20:15:00', 705, 18.562, 45, 1, 1, 0),
(1, '2019-09-16 20:30:00', 706, 17.687, 45, 1, 1, 0),
(1, '2019-09-16 20:45:00', 705, 18.062, 44, 1, 1, 0),
(1, '2019-09-16 21:00:00', 708, 18.062, 44, 1, 1, 0),
(1, '2019-09-16 21:15:00', 708, 17.937, 44, 1, 1, 0),
(1, '2019-09-16 21:30:00', 705, 17.75, 44, 1, 1, 0),
(1, '2019-09-16 21:45:00', 701, 17.687, 44, 1, 1, 0),
(1, '2019-09-16 22:00:00', 715, 17.625, 44, 1, 1, 0),
(1, '2019-09-16 22:15:00', 715, 17.437, 45, 1, 1, 0),
(1, '2019-09-16 22:30:00', 711, 17.312, 45, 1, 1, 0),
(1, '2019-09-16 22:45:00', 712, 17.25, 45, 1, 1, 0),
(1, '2019-09-16 23:00:00', 714, 17.062, 44, 1, 1, 0),
(1, '2019-09-16 23:15:00', 712, 16.937, 45, 1, 1, 0),
(1, '2019-09-16 23:30:00', 707, 16.937, 46, 1, 1, 0),
(1, '2019-09-16 23:45:00', 706, 16.812, 47, 1, 1, 0),
(1, '2019-09-17 00:00:00', 706, 16.75, 46, 1, 1, 0),
(1, '2019-09-17 00:15:00', 707, 16.75, 46, 1, 1, 0),
(1, '2019-09-17 00:30:00', 708, 16.625, 46, 1, 1, 0),
(1, '2019-09-17 00:45:00', 710, 16.562, 46, 1, 1, 0),
(1, '2019-09-17 01:00:00', 710, 16.562, 46, 1, 1, 0),
(1, '2019-09-17 01:15:00', 714, 16.437, 46, 1, 1, 0),
(1, '2019-09-17 01:30:00', 712, 16.375, 46, 1, 1, 0),
(1, '2019-09-17 01:45:00', 711, 16.375, 45, 1, 1, 0),
(1, '2019-09-17 02:00:00', 712, 16.375, 46, 1, 1, 0),
(1, '2019-09-17 02:15:00', 711, 16.437, 46, 1, 1, 0),
(1, '2019-09-17 02:30:00', 712, 16.375, 47, 1, 1, 0),
(1, '2019-09-17 02:45:00', 715, 16.25, 46, 1, 1, 0),
(1, '2019-09-17 03:00:00', 715, 16.125, 46, 1, 1, 0),
(1, '2019-09-17 03:15:00', 708, 16.062, 46, 1, 1, 0),
(1, '2019-09-17 03:30:00', 707, 16, 46, 1, 1, 0),
(1, '2019-09-17 03:45:00', 707, 15.937, 46, 1, 1, 0),
(1, '2019-09-17 04:00:00', 706, 15.812, 46, 1, 1, 0),
(1, '2019-09-17 04:15:00', 707, 15.75, 46, 1, 1, 0),
(1, '2019-09-17 04:30:00', 707, 15.75, 46, 1, 1, 0),
(1, '2019-09-17 04:45:00', 708, 15.75, 46, 1, 1, 0),
(1, '2019-09-17 05:00:00', 716, 15.625, 46, 1, 1, 5),
(1, '2019-09-17 05:15:00', 715, 15.687, 47, 1, 1, 67),
(1, '2019-09-17 05:30:00', 711, 15.687, 47, 1, 1, 88),
(1, '2019-09-17 05:45:00', 711, 15.75, 46, 1, 1, 167),
(1, '2019-09-17 06:00:00', 712, 16.187, 46, 1, 1, 380),
(1, '2019-09-17 06:15:00', 711, 16.25, 46, 1, 1, 756),
(1, '2019-09-17 06:30:00', 711, 16.625, 46, 1, 1, 865),
(1, '2019-09-17 06:45:00', 712, 17.062, 46, 1, 1, 1577),
(1, '2019-09-17 07:00:00', 706, 17.312, 46, 1, 1, 1140),
(1, '2019-09-17 07:15:00', 706, 17.437, 46, 1, 1, 1196),
(1, '2019-09-17 07:30:00', 707, 17.5, 46, 1, 1, 1015),
(1, '2019-09-17 07:45:00', 709, 17.5, 46, 1, 1, 1540),
(1, '2019-09-17 08:00:00', 710, 17.562, 47, 1, 1, 1308),
(1, '2019-09-17 08:15:00', 710, 17.5, 47, 1, 1, 1233),
(1, '2019-09-17 08:30:00', 707, 17.5, 47, 1, 1, 1589),
(1, '2019-09-17 08:45:00', 712, 18.25, 47, 1, 1, 5133),
(1, '2019-09-17 09:00:00', 712, 19.125, 46, 1, 1, 4641),
(1, '2019-09-17 09:15:00', 711, 19.437, 46, 1, 1, 1951),
(1, '2019-09-17 09:30:00', 716, 19.062, 47, 1, 1, 3244),
(1, '2019-09-17 09:45:00', 713, 19.625, 47, 1, 1, 3878),
(1, '2019-09-17 10:00:00', 715, 19.812, 46, 1, 1, 2854),
(1, '2019-09-17 10:15:00', 715, 19.812, 47, 1, 1, 4557),
(1, '2019-09-17 10:30:00', 707, 19.625, 47, 1, 1, 3809),
(1, '2019-09-17 10:45:00', 707, 19.625, 47, 1, 1, 5185),
(1, '2019-09-17 11:00:00', 706, 20.25, 47, 1, 1, 4262),
(1, '2019-09-17 11:15:00', 707, 20.437, 46, 1, 1, 6614),
(1, '2019-09-17 11:30:00', 707, 21.687, 46, 1, 1, 8581),
(1, '2019-09-17 11:45:00', 708, 22.562, 46, 1, 1, 8400),
(1, '2019-09-17 12:00:00', 710, 22.187, 46, 1, 1, 5689),
(1, '2019-09-17 12:15:00', 710, 22, 46, 1, 1, 6139),
(1, '2019-09-17 12:30:00', 713, 22.625, 46, 1, 1, 9990),
(1, '2019-09-17 12:45:00', 711, 23.812, 45, 1, 1, 34240),
(1, '2019-09-17 13:00:00', 711, 24.875, 46, 1, 1, 8745),
(1, '2019-09-17 13:15:00', 712, 24.812, 46, 1, 1, 1488),
(1, '2019-09-17 13:30:00', 712, 23.875, 47, 1, 1, 5734),
(1, '2019-09-17 13:45:00', 712, 23.687, 46, 1, 1, 7641),
(1, '2019-09-17 14:00:00', 716, 23.125, 46, 1, 1, 7914),
(1, '2019-09-17 14:15:00', 710, 23.375, 46, 1, 1, 7181),
(1, '2019-09-17 14:30:00', 709, 22.812, 46, 1, 1, 3496),
(1, '2019-09-17 14:45:00', 708, 23.312, 47, 1, 1, 911),
(1, '2019-09-17 15:00:00', 707, 22.812, 47, 1, 1, 2492),
(1, '2019-09-17 15:15:00', 709, 23.062, 46, 1, 1, 1289),
(1, '2019-09-17 15:30:00', 707, 22.437, 46, 1, 1, 714),
(1, '2019-09-17 15:45:00', 707, 22, 46, 1, 1, 508),
(1, '2019-09-17 16:00:00', 712, 21.687, 47, 1, 1, 341),
(1, '2019-09-17 16:15:00', 711, 21.375, 47, 1, 1, 300),
(1, '2019-09-17 16:30:00', 711, 21.062, 47, 1, 1, 292),
(1, '2019-09-17 16:45:00', 713, 20.812, 47, 1, 1, 269),
(1, '2019-09-17 17:00:00', 715, 20.562, 46, 1, 1, 125),
(1, '2019-09-17 17:15:00', 715, 20.375, 47, 1, 1, 60),
(1, '2019-09-17 17:30:00', 711, 20.312, 47, 1, 1, 5),
(1, '2019-09-17 17:45:00', 712, 20.25, 48, 1, 1, 0),
(1, '2019-09-17 18:00:00', 706, 20.125, 46, 1, 1, 0),
(1, '2019-09-17 18:15:00', 706, 19.875, 46, 1, 1, 0),
(1, '2019-09-17 18:30:00', 707, 19.875, 47, 1, 1, 0),
(1, '2019-09-17 18:45:00', 708, 19.812, 47, 1, 1, 0),
(1, '2019-09-17 19:00:00', 710, 19.687, 47, 1, 1, 0),
(1, '2019-09-17 19:15:00', 710, 19.625, 47, 1, 1, 0),
(1, '2019-09-17 19:30:00', 708, 19.562, 46, 1, 1, 0),
(1, '2019-09-17 19:45:00', 712, 19.187, 46, 1, 1, 0),
(1, '2019-09-17 20:00:00', 711, 19, 46, 1, 1, 0),
(1, '2019-09-17 20:15:00', 715, 18.687, 47, 1, 1, 0),
(1, '2019-09-17 20:30:00', 711, 18.437, 46, 1, 1, 0),
(1, '2019-09-17 20:45:00', 712, 18.125, 46, 1, 1, 0),
(1, '2019-09-17 21:00:00', 716, 18.625, 45, 1, 1, 0),
(1, '2019-09-17 21:15:00', 715, 18.687, 46, 1, 1, 0),
(1, '2019-09-17 21:30:00', 713, 18.75, 47, 1, 1, 0),
(1, '2019-09-17 21:45:00', 706, 18.687, 47, 1, 1, 0),
(1, '2019-09-17 22:00:00', 707, 18.625, 46, 1, 1, 0),
(1, '2019-09-17 22:15:00', 706, 18.687, 46, 1, 1, 0),
(1, '2019-09-17 22:30:00', 707, 18.625, 46, 1, 1, 0),
(1, '2019-09-17 22:45:00', 707, 18.562, 47, 1, 1, 0),
(1, '2019-09-17 23:00:00', 710, 18.437, 47, 1, 1, 0),
(1, '2019-09-17 23:15:00', 706, 18.5, 47, 1, 1, 0),
(1, '2019-09-17 23:30:00', 713, 18.437, 47, 1, 1, 0),
(1, '2019-09-17 23:45:00', 713, 18.312, 47, 1, 1, 0),
(1, '2019-09-18 00:00:00', 715, 18.312, 47, 1, 1, 0),
(1, '2019-09-18 00:15:00', 715, 18.187, 47, 1, 1, 0),
(1, '2019-09-18 00:30:00', 712, 18.125, 48, 1, 1, 0),
(1, '2019-09-18 00:45:00', 712, 18.125, 47, 1, 1, 0),
(1, '2019-09-18 01:00:00', 712, 18, 47, 1, 1, 0),
(1, '2019-09-18 01:15:00', 711, 17.937, 47, 1, 1, 0),
(1, '2019-09-18 01:30:00', 707, 17.875, 46, 1, 1, 0),
(1, '2019-09-18 01:45:00', 708, 17.75, 47, 1, 1, 0),
(1, '2019-09-18 02:00:00', 710, 17.687, 47, 1, 1, 0),
(1, '2019-09-18 02:15:00', 710, 17.687, 47, 1, 1, 0),
(1, '2019-09-18 02:30:00', 708, 17.562, 47, 1, 1, 0),
(1, '2019-09-18 02:45:00', 707, 17.5, 47, 1, 1, 0),
(1, '2019-09-18 03:00:00', 707, 17.562, 47, 1, 1, 0),
(1, '2019-09-18 03:15:00', 712, 17.5, 47, 1, 1, 0),
(1, '2019-09-18 03:30:00', 712, 16.937, 46, 1, 1, 0),
(1, '2019-09-18 03:45:00', 714, 17.312, 46, 1, 1, 0),
(1, '2019-09-18 04:00:00', 715, 17.125, 46, 1, 1, 0),
(1, '2019-09-18 04:15:00', 715, 16.875, 46, 1, 1, 0),
(1, '2019-09-18 04:30:00', 714, 17.187, 46, 1, 1, 0),
(1, '2019-09-18 04:45:00', 712, 17.187, 46, 1, 1, 0),
(1, '2019-09-18 05:00:00', 711, 16.562, 47, 1, 1, 6),
(1, '2019-09-18 05:15:00', 706, 16.937, 46, 1, 1, 37),
(1, '2019-09-18 05:30:00', 707, 17.187, 47, 1, 1, 138),
(1, '2019-09-18 05:45:00', 707, 16.687, 47, 1, 1, 305),
(1, '2019-09-18 06:00:00', 710, 17.562, 47, 1, 1, 587),
(1, '2019-09-18 06:15:00', 711, 17.562, 47, 1, 1, 891),
(1, '2019-09-18 06:30:00', 710, 17.937, 47, 1, 1, 821),
(1, '2019-09-18 06:45:00', 707, 18, 48, 1, 1, 1070),
(1, '2019-09-18 07:00:00', 713, 18.312, 48, 1, 1, 1649),
(1, '2019-09-18 07:15:00', 715, 18.687, 48, 1, 1, 2211),
(1, '2019-09-18 07:30:00', 711, 18.75, 47, 1, 1, 1830),
(1, '2019-09-18 07:45:00', 712, 19.062, 48, 1, 1, 2543),
(1, '2019-09-18 08:00:00', 712, 19.375, 48, 1, 1, 3092),
(1, '2019-09-18 08:15:00', 711, 19.25, 49, 1, 1, 1975),
(1, '2019-09-18 08:30:00', 711, 18.937, 48, 1, 1, 1528),
(1, '2019-09-18 08:45:00', 708, 18.875, 49, 1, 1, 2176),
(1, '2019-09-18 09:00:00', 710, 19.312, 49, 1, 1, 3176),
(1, '2019-09-18 09:15:00', 710, 19.437, 49, 1, 1, 3154),
(1, '2019-09-18 09:30:00', 708, 19.312, 49, 1, 1, 1160),
(1, '2019-09-18 09:45:00', 707, 19.125, 49, 1, 1, 1716),
(1, '2019-09-18 10:00:00', 707, 19.312, 49, 1, 1, 2430),
(1, '2019-09-18 10:15:00', 708, 19.25, 49, 1, 1, 1916),
(1, '2019-09-18 10:30:00', 707, 19.437, 49, 1, 1, 4206),
(1, '2019-09-18 10:45:00', 712, 19.625, 49, 1, 1, 4230),
(1, '2019-09-18 11:00:00', 722, 19.687, 49, 1, 1, 6030),
(1, '2019-09-18 11:15:00', 715, 20.062, 49, 1, 1, 5148),
(1, '2019-09-18 11:30:00', 714, 20, 49, 1, 1, 2236),
(1, '2019-09-18 11:45:00', 711, 19.375, 49, 1, 1, 1962),
(1, '2019-09-18 12:00:00', 711, 19.437, 49, 1, 1, 2437),
(1, '2019-09-18 12:15:00', 712, 19.875, 50, 1, 1, 3386),
(1, '2019-09-18 12:30:00', 707, 19.937, 50, 1, 1, 2293),
(1, '2019-09-18 12:45:00', 707, 19.812, 49, 1, 1, 2954),
(1, '2019-09-18 13:00:00', 710, 21.187, 50, 1, 1, 12830),
(1, '2019-09-18 13:15:00', 711, 21.687, 49, 1, 1, 3927),
(1, '2019-09-18 13:30:00', 711, 20.75, 49, 1, 1, 5867),
(1, '2019-09-18 13:45:00', 707, 20.75, 50, 1, 1, 2028),
(1, '2019-09-18 14:00:00', 707, 20.437, 50, 1, 1, 1985),
(1, '2019-09-18 14:15:00', 707, 20.625, 50, 1, 1, 2072),
(1, '2019-09-18 14:30:00', 712, 20.937, 50, 1, 1, 5878),
(1, '2019-09-18 14:45:00', 711, 21.562, 50, 1, 1, 5171),
(1, '2019-09-18 15:00:00', 713, 21.625, 50, 1, 1, 3557),
(1, '2019-09-18 15:15:00', 712, 21.562, 50, 1, 1, 4046),
(1, '2019-09-18 15:30:00', 711, 21.375, 50, 1, 1, 1369),
(1, '2019-09-18 15:45:00', 712, 20.812, 51, 1, 1, 444),
(1, '2019-09-18 16:00:00', 715, 20.375, 50, 1, 1, 633),
(1, '2019-09-18 16:15:00', 710, 20.062, 50, 1, 1, 442),
(1, '2019-09-18 16:30:00', 708, 19.875, 50, 1, 1, 317),
(1, '2019-09-18 16:45:00', 708, 19.375, 50, 1, 1, 210),
(1, '2019-09-18 17:00:00', 707, 19.187, 51, 1, 1, 137),
(1, '2019-09-18 17:15:00', 707, 19.5, 51, 1, 1, 42),
(1, '2019-09-18 17:30:00', 707, 18.875, 51, 1, 1, 2),
(1, '2019-09-18 17:45:00', 707, 19.25, 50, 1, 1, 0),
(1, '2019-09-18 18:00:00', 714, 19.187, 51, 1, 1, 0),
(1, '2019-09-18 18:15:00', 715, 19.062, 50, 1, 1, 0),
(1, '2019-09-18 18:30:00', 715, 18.5, 50, 1, 1, 0),
(1, '2019-09-18 18:45:00', 712, 18.5, 50, 1, 1, 0),
(1, '2019-09-18 19:00:00', 712, 18.687, 50, 1, 1, 0),
(1, '2019-09-18 19:15:00', 711, 18.875, 51, 1, 1, 0),
(1, '2019-09-18 19:30:00', 711, 18.25, 50, 1, 1, 0),
(1, '2019-09-18 19:45:00', 711, 18.187, 50, 1, 1, 0),
(1, '2019-09-18 20:00:00', 707, 17.75, 50, 1, 1, 0),
(1, '2019-09-18 20:15:00', 710, 18.187, 50, 1, 1, 0),
(1, '2019-09-18 20:30:00', 710, 17.937, 49, 1, 1, 0),
(1, '2019-09-18 20:45:00', 709, 18.062, 49, 1, 1, 0),
(1, '2019-09-18 21:00:00', 707, 17.5, 49, 1, 1, 0),
(1, '2019-09-18 21:15:00', 707, 17.812, 48, 1, 1, 0),
(1, '2019-09-18 21:30:00', 707, 17.687, 48, 1, 1, 0),
(1, '2019-09-18 21:45:00', 712, 17.625, 48, 1, 1, 0),
(1, '2019-09-18 22:00:00', 712, 17.562, 49, 1, 1, 0),
(1, '2019-09-18 22:15:00', 714, 17.687, 49, 1, 1, 0),
(1, '2019-09-18 22:30:00', 716, 17.687, 49, 1, 1, 0),
(1, '2019-09-18 22:45:00', 715, 17.5, 50, 1, 1, 0),
(1, '2019-09-18 23:00:00', 712, 17.125, 50, 1, 1, 0),
(1, '2019-09-18 23:15:00', 711, 17.437, 50, 1, 1, 0),
(1, '2019-09-18 23:30:00', 711, 17.312, 50, 1, 1, 0),
(1, '2019-09-18 23:45:00', 706, 16.875, 50, 1, 1, 0),
(1, '2019-09-19 00:00:00', 707, 16.625, 50, 1, 1, 0),
(1, '2019-09-19 00:15:00', 707, 17.062, 49, 1, 1, 0),
(1, '2019-09-19 00:30:00', 707, 17.375, 49, 1, 1, 0),
(1, '2019-09-19 00:45:00', 706, 17.437, 50, 1, 1, 0),
(1, '2019-09-19 01:00:00', 708, 17.437, 50, 1, 1, 0),
(1, '2019-09-19 01:15:00', 711, 17.437, 50, 1, 1, 0),
(1, '2019-09-19 01:30:00', 715, 17.125, 49, 1, 1, 0),
(1, '2019-09-19 01:45:00', 714, 17, 49, 1, 1, 0),
(1, '2019-09-19 02:00:00', 712, 16.75, 48, 1, 1, 0),
(1, '2019-09-19 02:15:00', 712, 16.937, 48, 1, 1, 0),
(1, '2019-09-19 02:30:00', 711, 17.187, 48, 1, 1, 0),
(1, '2019-09-19 02:45:00', 712, 17.187, 48, 1, 1, 0),
(1, '2019-09-19 03:00:00', 712, 17.062, 48, 1, 1, 0),
(1, '2019-09-19 03:15:00', 712, 17.125, 49, 1, 1, 0),
(1, '2019-09-19 03:30:00', 710, 16.562, 49, 1, 1, 0),
(1, '2019-09-19 03:45:00', 710, 16.625, 49, 1, 1, 0),
(1, '2019-09-19 04:00:00', 707, 16.5, 49, 1, 1, 0),
(1, '2019-09-19 04:15:00', 707, 16.312, 49, 1, 1, 0),
(1, '2019-09-19 04:30:00', 707, 16.687, 50, 1, 1, 0),
(1, '2019-09-19 04:45:00', 707, 16.812, 49, 1, 1, 1),
(1, '2019-09-19 05:00:00', 706, 16.687, 49, 1, 1, 8),
(1, '2019-09-19 05:15:00', 718, 16.875, 49, 1, 1, 91),
(1, '2019-09-19 05:30:00', 716, 16.875, 49, 1, 1, 132),
(1, '2019-09-19 05:45:00', 714, 16.687, 49, 1, 1, 241),
(1, '2019-09-19 06:00:00', 712, 16.562, 49, 1, 1, 474),
(1, '2019-09-19 06:15:00', 712, 17.062, 50, 1, 1, 647),
(1, '2019-09-19 06:30:00', 711, 16.437, 49, 1, 1, 434),
(1, '2019-09-19 06:45:00', 711, 17.062, 49, 1, 1, 778),
(1, '2019-09-19 07:00:00', 711, 17.25, 49, 1, 1, 976),
(1, '2019-09-19 07:15:00', 708, 17.5, 50, 1, 1, 1480),
(1, '2019-09-19 07:30:00', 707, 17.875, 50, 1, 1, 1331),
(1, '2019-09-19 07:45:00', 708, 17.812, 50, 1, 1, 1278),
(1, '2019-09-19 08:00:00', 707, 18.25, 50, 1, 1, 2644),
(1, '2019-09-19 08:15:00', 711, 18.5, 50, 1, 1, 2257),
(1, '2019-09-19 08:30:00', 711, 18.812, 49, 1, 1, 2270),
(1, '2019-09-19 08:45:00', 708, 19.062, 50, 1, 1, 2338),
(1, '2019-09-19 09:00:00', 712, 19.062, 51, 1, 1, 4024),
(1, '2019-09-19 09:15:00', 712, 19.25, 50, 1, 1, 2378),
(1, '2019-09-19 09:30:00', 711, 19.125, 51, 1, 1, 1898),
(1, '2019-09-19 09:45:00', 711, 19.062, 51, 1, 1, 2004),
(1, '2019-09-19 10:00:00', 712, 18.875, 50, 1, 1, 4043),
(1, '2019-09-19 10:15:00', 715, 18.937, 51, 1, 1, 4041),
(1, '2019-09-19 10:30:00', 716, 19.062, 51, 1, 1, 5185),
(1, '2019-09-19 10:45:00', 709, 19.437, 50, 1, 1, 5004),
(1, '2019-09-19 11:00:00', 707, 19.812, 51, 1, 1, 5773),
(1, '2019-09-19 11:15:00', 707, 19.812, 50, 1, 1, 2913),
(1, '2019-09-19 11:30:00', 707, 20.125, 51, 1, 1, 3233),
(1, '2019-09-19 11:45:00', 706, 20.187, 51, 1, 1, 8030),
(1, '2019-09-19 12:00:00', 708, 20.375, 51, 1, 1, 6493),
(1, '2019-09-19 12:15:00', 709, 20.562, 50, 1, 1, 7116),
(1, '2019-09-19 12:30:00', 711, 21.25, 51, 1, 1, 17506),
(1, '2019-09-19 12:45:00', 715, 21.125, 50, 1, 1, 3281),
(1, '2019-09-19 13:00:00', 712, 22.562, 51, 1, 1, 9550),
(1, '2019-09-19 13:15:00', 712, 23.375, 51, 1, 1, 6415),
(1, '2019-09-19 13:30:00', 711, 22.562, 50, 1, 1, 5956),
(1, '2019-09-19 13:45:00', 712, 22.125, 50, 1, 1, 15780),
(1, '2019-09-19 14:00:00', 711, 22, 50, 1, 1, 1936),
(1, '2019-09-19 14:15:00', 712, 22, 50, 1, 1, 1801),
(1, '2019-09-19 14:30:00', 711, 22, 50, 1, 1, 3435),
(1, '2019-09-19 14:45:00', 710, 21.687, 51, 1, 1, 2486),
(1, '2019-09-19 15:00:00', 707, 21.5, 50, 1, 1, 2327),
(1, '2019-09-19 15:15:00', 707, 21.25, 50, 1, 1, 1399),
(1, '2019-09-19 15:30:00', 710, 21.062, 50, 1, 1, 1227),
(1, '2019-09-19 15:45:00', 709, 20.875, 50, 1, 1, 1350),
(1, '2019-09-19 16:00:00', 707, 20.687, 50, 1, 1, 905),
(1, '2019-09-19 16:15:00', 713, 20.5, 50, 1, 1, 673),
(1, '2019-09-19 16:30:00', 712, 20.312, 50, 1, 1, 451),
(1, '2019-09-19 16:45:00', 711, 20.062, 49, 1, 1, 204),
(1, '2019-09-19 17:00:00', 712, 19.625, 50, 1, 1, 106),
(1, '2019-09-19 17:15:00', 714, 19.125, 50, 1, 1, 25),
(1, '2019-09-19 17:30:00', 715, 18.937, 51, 1, 1, 1),
(1, '2019-09-19 17:45:00', 714, 18.437, 50, 1, 1, 0),
(1, '2019-09-19 18:00:00', 714, 18.75, 50, 1, 1, 0),
(1, '2019-09-19 18:15:00', 706, 19.125, 50, 1, 1, 0),
(1, '2019-09-19 18:30:00', 708, 18.812, 50, 1, 1, 0),
(1, '2019-09-19 18:45:00', 707, 18.25, 50, 1, 1, 0),
(1, '2019-09-19 19:00:00', 708, 18.375, 49, 1, 1, 0),
(1, '2019-09-19 19:15:00', 709, 18, 50, 1, 1, 0),
(1, '2019-09-19 19:30:00', 711, 17.937, 49, 1, 1, 0),
(1, '2019-09-19 19:45:00', 710, 18.375, 50, 1, 1, 0),
(1, '2019-09-19 20:00:00', 712, 18.125, 50, 1, 1, 0),
(1, '2019-09-19 20:15:00', 711, 17.312, 50, 1, 1, 0),
(1, '2019-09-19 20:30:00', 711, 17.437, 50, 1, 1, 0),
(1, '2019-09-19 20:45:00', 711, 17.687, 50, 1, 1, 0),
(1, '2019-09-19 21:00:00', 711, 17.625, 50, 1, 1, 0),
(1, '2019-09-19 21:15:00', 713, 17.687, 50, 1, 1, 0),
(1, '2019-09-19 21:30:00', 715, 17.5, 50, 1, 1, 0),
(1, '2019-09-19 21:45:00', 715, 17.562, 49, 1, 1, 0),
(1, '2019-09-19 22:00:00', 707, 17.375, 49, 1, 1, 0),
(1, '2019-09-19 22:15:00', 707, 17.5, 49, 1, 1, 0),
(1, '2019-09-19 22:30:00', 707, 17.5, 50, 1, 1, 0),
(1, '2019-09-19 22:45:00', 707, 17.437, 49, 1, 1, 0),
(1, '2019-09-19 23:00:00', 706, 16.937, 50, 1, 1, 0),
(1, '2019-09-19 23:15:00', 707, 16.812, 49, 1, 1, 0),
(1, '2019-09-19 23:30:00', 707, 16.625, 49, 1, 1, 0),
(1, '2019-09-19 23:45:00', 716, 16.25, 49, 1, 1, 0),
(1, '2019-09-20 00:00:00', 711, 16.812, 48, 1, 1, 0),
(1, '2019-09-20 00:15:00', 714, 17.062, 48, 1, 1, 0),
(1, '2019-09-20 00:30:00', 716, 17, 49, 1, 1, 0),
(1, '2019-09-20 00:45:00', 713, 17, 49, 1, 1, 0),
(1, '2019-09-20 01:00:00', 712, 16.937, 49, 1, 1, 0),
(1, '2019-09-20 01:15:00', 712, 16.687, 49, 1, 1, 0),
(1, '2019-09-20 01:30:00', 708, 16.625, 49, 1, 1, 0),
(1, '2019-09-20 01:45:00', 706, 16.625, 49, 1, 1, 0),
(1, '2019-09-20 02:00:00', 707, 16.625, 49, 1, 1, 0),
(1, '2019-09-20 02:15:00', 709, 16.687, 49, 1, 1, 0),
(1, '2019-09-20 02:30:00', 710, 16.562, 49, 1, 1, 0),
(1, '2019-09-20 02:45:00', 710, 16.5, 49, 1, 1, 0),
(1, '2019-09-20 03:00:00', 707, 16.437, 48, 1, 1, 0),
(1, '2019-09-20 03:15:00', 707, 16.312, 49, 1, 1, 0),
(1, '2019-09-20 03:30:00', 712, 16.25, 49, 1, 1, 0),
(1, '2019-09-20 03:45:00', 711, 16.187, 49, 1, 1, 0),
(1, '2019-09-20 04:00:00', 712, 16.062, 48, 1, 1, 0),
(1, '2019-09-20 04:15:00', 713, 16.062, 49, 1, 1, 0),
(1, '2019-09-20 04:30:00', 715, 16.062, 49, 1, 1, 0),
(1, '2019-09-20 04:45:00', 714, 15.937, 49, 1, 1, 1),
(1, '2019-09-20 05:00:00', 712, 15.812, 49, 1, 1, 21),
(1, '2019-09-20 05:15:00', 710, 15.812, 49, 1, 1, 111),
(1, '2019-09-20 05:30:00', 707, 15.812, 49, 1, 1, 214),
(1, '2019-09-20 05:45:00', 707, 15.812, 49, 1, 1, 336),
(1, '2019-09-20 06:00:00', 706, 15.812, 49, 1, 1, 538),
(1, '2019-09-20 06:15:00', 707, 16.437, 48, 1, 1, 875),
(1, '2019-09-20 06:30:00', 711, 16.875, 49, 1, 1, 1498),
(1, '2019-09-20 06:45:00', 710, 17.25, 49, 1, 1, 1917),
(1, '2019-09-20 07:00:00', 710, 17.625, 49, 1, 1, 1377),
(1, '2019-09-20 07:15:00', 720, 17.625, 49, 1, 1, 1077),
(1, '2019-09-20 07:30:00', 712, 17.812, 49, 1, 1, 1532),
(1, '2019-09-20 07:45:00', 715, 18.25, 49, 1, 1, 2250),
(1, '2019-09-20 08:00:00', 713, 18.437, 49, 1, 1, 2420),
(1, '2019-09-20 08:15:00', 711, 18.375, 48, 1, 1, 2487),
(1, '2019-09-20 08:30:00', 712, 18.25, 48, 1, 1, 2645),
(1, '2019-09-20 08:45:00', 712, 18.187, 48, 1, 1, 2976),
(1, '2019-09-20 09:00:00', 706, 17.812, 47, 1, 1, 2219),
(1, '2019-09-20 09:15:00', 707, 17.812, 48, 1, 1, 3031),
(1, '2019-09-20 09:30:00', 710, 18.25, 47, 1, 1, 2095),
(1, '2019-09-20 09:45:00', 711, 18.437, 47, 1, 1, 2056),
(1, '2019-09-20 10:00:00', 710, 18.375, 48, 1, 1, 3486),
(1, '2019-09-20 10:15:00', 707, 18.937, 48, 1, 1, 3641),
(1, '2019-09-20 10:30:00', 707, 18.375, 48, 1, 1, 2979),
(1, '2019-09-20 10:45:00', 707, 18.687, 47, 1, 1, 5040),
(1, '2019-09-20 11:00:00', 712, 19.125, 47, 1, 1, 3349),
(1, '2019-09-20 11:15:00', 711, 19.187, 48, 1, 1, 2530),
(1, '2019-09-20 11:30:00', 713, 18.937, 47, 1, 1, 5579),
(1, '2019-09-20 11:45:00', 715, 19.812, 46, 1, 1, 2254),
(1, '2019-09-20 12:00:00', 715, 20.125, 46, 1, 1, 7730),
(1, '2019-09-20 12:15:00', 711, 20.375, 47, 1, 1, 4318),
(1, '2019-09-20 12:30:00', 712, 20, 47, 1, 1, 3142),
(1, '2019-09-20 12:45:00', 706, 20, 47, 1, 1, 2611),
(1, '2019-09-20 13:00:00', 706, 20.125, 47, 1, 1, 5097),
(1, '2019-09-20 13:15:00', 707, 21.437, 47, 1, 1, 7121),
(1, '2019-09-20 13:30:00', 708, 20.75, 47, 1, 1, 1193),
(1, '2019-09-20 13:45:00', 711, 20.187, 47, 1, 1, 2106),
(1, '2019-09-20 14:00:00', 710, 20.937, 47, 1, 1, 21298),
(1, '2019-09-20 14:15:00', 708, 21.187, 47, 1, 1, 5573),
(1, '2019-09-20 14:30:00', 708, 21.312, 46, 1, 1, 3401),
(1, '2019-09-20 14:45:00', 712, 21.25, 46, 1, 1, 2281),
(1, '2019-09-20 15:00:00', 712, 21.187, 47, 1, 1, 885),
(1, '2019-09-20 15:15:00', 711, 21.187, 49, 1, 1, 1329),
(1, '2019-09-20 15:30:00', 712, 21.187, 47, 1, 1, 1605),
(1, '2019-09-20 15:45:00', 712, 20.5, 47, 1, 1, 1437),
(1, '2019-09-20 16:00:00', 711, 20.625, 47, 1, 1, 971),
(1, '2019-09-20 16:15:00', 711, 20.437, 47, 1, 1, 670),
(1, '2019-09-20 16:30:00', 709, 20.187, 47, 1, 1, 452),
(1, '2019-09-20 16:45:00', 711, 19.812, 47, 1, 1, 357),
(1, '2019-09-20 17:00:00', 710, 19.625, 47, 1, 1, 139),
(1, '2019-09-20 17:15:00', 707, 19.5, 47, 1, 1, 18),
(1, '2019-09-20 17:30:00', 708, 18.812, 48, 1, 1, 1),
(1, '2019-09-20 17:45:00', 706, 19.125, 48, 1, 1, 0),
(1, '2019-09-20 18:00:00', 707, 18.875, 48, 1, 1, 0),
(1, '2019-09-20 18:15:00', 713, 18.312, 48, 1, 1, 0),
(1, '2019-09-20 18:30:00', 713, 17.812, 48, 1, 1, 0),
(1, '2019-09-20 18:45:00', 715, 17.5, 48, 1, 1, 0),
(1, '2019-09-20 19:00:00', 715, 17.375, 48, 1, 1, 0),
(1, '2019-09-20 19:15:00', 712, 17.375, 48, 1, 1, 0),
(1, '2019-09-20 19:30:00', 711, 18.062, 47, 1, 1, 0),
(1, '2019-09-20 19:45:00', 711, 17.875, 47, 1, 1, 0),
(1, '2019-09-20 20:00:00', 711, 17.812, 46, 1, 1, 0),
(1, '2019-09-20 20:15:00', 7695, 17.937, 23, 1, 1, 0),
(1, '2019-09-20 20:30:00', 704, 17.875, 23, 1, 1, 0),
(1, '2019-09-20 20:45:00', 704, 17.875, 24, 1, 1, 0),
(1, '2019-09-20 21:00:00', 703, 17.687, 22, 1, 1, 0),
(1, '2019-09-20 21:15:00', 704, 17.375, 23, 1, 1, 0),
(1, '2019-09-20 21:30:00', 708, 17.062, 23, 1, 1, 0),
(1, '2019-09-20 21:45:00', 707, 17.25, 23, 1, 1, 0),
(1, '2019-09-20 22:00:00', 704, 16.937, 24, 1, 1, 0),
(1, '2019-09-20 22:15:00', 699, 16.812, 24, 1, 1, 0),
(1, '2019-09-20 22:30:00', 698, 16.75, 23, 1, 1, 0),
(1, '2019-09-20 22:45:00', 698, 17.062, 24, 1, 1, 0),
(1, '2019-09-20 23:00:00', 701, 17, 24, 1, 1, 0),
(1, '2019-09-20 23:15:00', 699, 17.125, 23, 1, 1, 0),
(1, '2019-09-20 23:30:00', 701, 16.937, 24, 1, 1, 0),
(1, '2019-09-20 23:45:00', 702, 16.375, 24, 1, 1, 0),
(1, '2019-09-21 00:00:00', 701, 16.812, 24, 1, 1, 0),
(1, '2019-09-21 00:15:00', 704, 16.812, 24, 1, 1, 0),
(1, '2019-09-21 00:30:00', 704, 16.687, 25, 1, 1, 0),
(1, '2019-09-21 00:45:00', 703, 16.562, 24, 1, 1, 0),
(1, '2019-09-21 01:00:00', 703, 16.562, 24, 1, 1, 0),
(1, '2019-09-21 01:15:00', 702, 16.375, 24, 1, 1, 0),
(1, '2019-09-21 01:30:00', 705, 16.375, 24, 1, 1, 0),
(1, '2019-09-21 01:45:00', 708, 16.312, 24, 1, 1, 0),
(1, '2019-09-21 02:00:00', 701, 16.25, 24, 1, 1, 0),
(1, '2019-09-21 02:15:00', 700, 16.25, 23, 1, 1, 0),
(1, '2019-09-21 02:30:00', 699, 16.187, 24, 1, 1, 0),
(1, '2019-09-21 02:45:00', 698, 16.125, 23, 1, 1, 0),
(1, '2019-09-21 03:00:00', 700, 16.062, 25, 1, 1, 0),
(1, '2019-09-21 03:15:00', 703, 16.062, 24, 1, 1, 0),
(1, '2019-09-21 03:30:00', 698, 16, 23, 1, 1, 0),
(1, '2019-09-21 03:45:00', 701, 15.875, 23, 1, 1, 0),
(1, '2019-09-21 04:00:00', 704, 15.937, 24, 1, 1, 0),
(1, '2019-09-21 04:15:00', 703, 15.812, 23, 1, 1, 0),
(1, '2019-09-21 04:30:00', 704, 15.75, 24, 1, 1, 0),
(1, '2019-09-21 04:45:00', 708, 15.812, 24, 1, 1, 1),
(1, '2019-09-21 05:00:00', 707, 15.812, 23, 1, 1, 6),
(1, '2019-09-21 05:15:00', 704, 15.812, 24, 1, 1, 16),
(1, '2019-09-21 05:30:00', 703, 15.375, 25, 1, 1, 63),
(1, '2019-09-21 05:45:00', 699, 15.75, 24, 1, 1, 241),
(1, '2019-09-21 06:00:00', 699, 16.187, 24, 1, 1, 283),
(1, '2019-09-21 06:15:00', 700, 16.187, 24, 1, 1, 441),
(1, '2019-09-21 06:30:00', 699, 16.25, 23, 1, 1, 736),
(1, '2019-09-21 06:45:00', 702, 16.312, 24, 1, 1, 918),
(1, '2019-09-21 07:00:00', 702, 16.375, 24, 1, 1, 859),
(1, '2019-09-21 07:15:00', 701, 16.375, 24, 1, 1, 873),
(1, '2019-09-21 07:30:00', 704, 16.437, 24, 1, 1, 861),
(1, '2019-09-21 07:45:00', 704, 16.5, 24, 1, 1, 1472),
(1, '2019-09-21 08:00:00', 703, 16.625, 24, 1, 1, 1455),
(1, '2019-09-21 08:15:00', 703, 16.875, 26, 1, 1, 2088),
(1, '2019-09-21 08:30:00', 657, 17.25, 137, 1, 1, 1796),
(1, '2019-09-21 08:45:00', 693, 20.062, 63, 1, 1, 5004),
(1, '2019-09-21 09:00:00', 693, 20.937, 63, 1, 1, 21606);

-- --------------------------------------------------------

--
-- Estructura de tabla para la tabla `pages_datos`
--

CREATE TABLE `pages_datos` (
  `id` int(11) NOT NULL,
  `fecha` datetime(6) NOT NULL,
  `humedad` double NOT NULL,
  `temperatura` double NOT NULL
) ENGINE=InnoDB DEFAULT CHARSET=utf8 COLLATE=utf8_unicode_ci;

-- --------------------------------------------------------

--
-- Estructura de tabla para la tabla `Planta`
--

CREATE TABLE `Planta` (
  `ID` int(11) NOT NULL,
  `tipo` text NOT NULL,
  `fecha_plantado` datetime NOT NULL,
  `proveedor` text NOT NULL,
  `id_plantador` int(11) NOT NULL,
  `Id_tecnica` int(11) NOT NULL,
  `Ruta_camara` text
) ENGINE=InnoDB DEFAULT CHARSET=latin1;

--
-- Volcado de datos para la tabla `Planta`
--

INSERT INTO `Planta` (`ID`, `tipo`, `fecha_plantado`, `proveedor`, `id_plantador`, `Id_tecnica`, `Ruta_camara`) VALUES
(1, 'Cilantro', '2019-04-12 10:00:00', 'Carolina', 2, 3, '12a42b7b.ngrok.io\n');

-- --------------------------------------------------------

--
-- Estructura de tabla para la tabla `Tecnicas`
--

CREATE TABLE `Tecnicas` (
  `ID` int(11) NOT NULL,
  `Nombre de metodo` varchar(50) NOT NULL,
  `Recipiente` varchar(50) DEFAULT NULL,
  `Descipcion` varchar(50) DEFAULT NULL
) ENGINE=InnoDB DEFAULT CHARSET=latin1;

--
-- Volcado de datos para la tabla `Tecnicas`
--

INSERT INTO `Tecnicas` (`ID`, `Nombre de metodo`, `Recipiente`, `Descipcion`) VALUES
(1, 'Tubulares', 'Vertical', NULL),
(2, 'Cojin', 'Horizontal', NULL),
(3, 'Botellas o Materas', 'Individuales pequeños', NULL),
(4, 'Canecas Plásticas', 'Individuales', NULL),
(5, 'Canecas Plásticas', 'Individuales', NULL),
(6, 'Camas', 'Horizontal', NULL);

-- --------------------------------------------------------

--
-- Estructura de tabla para la tabla `Usuario`
--

CREATE TABLE `Usuario` (
  `ID` int(11) NOT NULL,
  `Username` text NOT NULL,
  `Nombre` text NOT NULL,
  `Apellidos` text,
  `Password` text NOT NULL,
  `Privilegios` int(11) NOT NULL
) ENGINE=InnoDB DEFAULT CHARSET=latin1;

--
-- Volcado de datos para la tabla `Usuario`
--

INSERT INTO `Usuario` (`ID`, `Username`, `Nombre`, `Apellidos`, `Password`, `Privilegios`) VALUES
(1, 'santiagobarragan@usantotomas.edu.co', 'Santiago', 'Barragan Paez', '071930', 1),
(2, 'cgomez', 'Carolina', 'Gomez', '1234', 1),
(5, 'Alison_Ruiz', 'Alison', 'Ruiz', '1234', 2),
(6, 'guest', 'invitado', 'None', '12', 2),
(10, '1245', '', '', '12', 2);

-- --------------------------------------------------------

--
-- Estructura de tabla para la tabla `Usuario_Planta`
--

CREATE TABLE `Usuario_Planta` (
  `id_Planta` int(11) DEFAULT NULL,
  `id_Usuario` int(11) DEFAULT NULL
) ENGINE=InnoDB DEFAULT CHARSET=latin1;

--
-- Volcado de datos para la tabla `Usuario_Planta`
--

INSERT INTO `Usuario_Planta` (`id_Planta`, `id_Usuario`) VALUES
(1, 1),
(1, 2),
(1, 6);

--
-- Índices para tablas volcadas
--

--
-- Indices de la tabla `auth_group`
--
ALTER TABLE `auth_group`
  ADD PRIMARY KEY (`id`),
  ADD UNIQUE KEY `name` (`name`);

--
-- Indices de la tabla `auth_group_permissions`
--
ALTER TABLE `auth_group_permissions`
  ADD PRIMARY KEY (`id`),
  ADD UNIQUE KEY `auth_group_permissions_group_id_permission_id_0cd325b0_uniq` (`group_id`,`permission_id`),
  ADD KEY `auth_group_permissio_permission_id_84c5c92e_fk_auth_perm` (`permission_id`);

--
-- Indices de la tabla `auth_permission`
--
ALTER TABLE `auth_permission`
  ADD PRIMARY KEY (`id`),
  ADD UNIQUE KEY `auth_permission_content_type_id_codename_01ab375a_uniq` (`content_type_id`,`codename`);

--
-- Indices de la tabla `auth_user`
--
ALTER TABLE `auth_user`
  ADD PRIMARY KEY (`id`),
  ADD UNIQUE KEY `username` (`username`);

--
-- Indices de la tabla `auth_user_groups`
--
ALTER TABLE `auth_user_groups`
  ADD PRIMARY KEY (`id`),
  ADD UNIQUE KEY `auth_user_groups_user_id_group_id_94350c0c_uniq` (`user_id`,`group_id`),
  ADD KEY `auth_user_groups_group_id_97559544_fk_auth_group_id` (`group_id`);

--
-- Indices de la tabla `auth_user_user_permissions`
--
ALTER TABLE `auth_user_user_permissions`
  ADD PRIMARY KEY (`id`),
  ADD UNIQUE KEY `auth_user_user_permissions_user_id_permission_id_14a6b632_uniq` (`user_id`,`permission_id`),
  ADD KEY `auth_user_user_permi_permission_id_1fbb5f2c_fk_auth_perm` (`permission_id`);

--
-- Indices de la tabla `django_admin_log`
--
ALTER TABLE `django_admin_log`
  ADD PRIMARY KEY (`id`),
  ADD KEY `django_admin_log_content_type_id_c4bce8eb_fk_django_co` (`content_type_id`),
  ADD KEY `django_admin_log_user_id_c564eba6_fk_auth_user_id` (`user_id`);

--
-- Indices de la tabla `django_content_type`
--
ALTER TABLE `django_content_type`
  ADD PRIMARY KEY (`id`),
  ADD UNIQUE KEY `django_content_type_app_label_model_76bd3d3b_uniq` (`app_label`,`model`);

--
-- Indices de la tabla `django_migrations`
--
ALTER TABLE `django_migrations`
  ADD PRIMARY KEY (`id`);

--
-- Indices de la tabla `django_session`
--
ALTER TABLE `django_session`
  ADD PRIMARY KEY (`session_key`),
  ADD KEY `django_session_expire_date_a5c62663` (`expire_date`);

--
-- Indices de la tabla `Mediciones`
--
ALTER TABLE `Mediciones`
  ADD KEY `ID` (`id_Planta`);

--
-- Indices de la tabla `pages_datos`
--
ALTER TABLE `pages_datos`
  ADD PRIMARY KEY (`id`);

--
-- Indices de la tabla `Planta`
--
ALTER TABLE `Planta`
  ADD PRIMARY KEY (`ID`),
  ADD KEY `id_plantador` (`id_plantador`),
  ADD KEY `id_plantador_2` (`id_plantador`),
  ADD KEY `Id_tecnica` (`Id_tecnica`);

--
-- Indices de la tabla `Tecnicas`
--
ALTER TABLE `Tecnicas`
  ADD PRIMARY KEY (`ID`),
  ADD UNIQUE KEY `ID` (`ID`);

--
-- Indices de la tabla `Usuario`
--
ALTER TABLE `Usuario`
  ADD PRIMARY KEY (`ID`),
  ADD UNIQUE KEY `ID` (`ID`);

--
-- Indices de la tabla `Usuario_Planta`
--
ALTER TABLE `Usuario_Planta`
  ADD KEY `FK_planta` (`id_Planta`),
  ADD KEY `FK_user` (`id_Usuario`);

--
-- AUTO_INCREMENT de las tablas volcadas
--

--
-- AUTO_INCREMENT de la tabla `auth_group`
--
ALTER TABLE `auth_group`
  MODIFY `id` int(11) NOT NULL AUTO_INCREMENT;

--
-- AUTO_INCREMENT de la tabla `auth_group_permissions`
--
ALTER TABLE `auth_group_permissions`
  MODIFY `id` int(11) NOT NULL AUTO_INCREMENT;

--
-- AUTO_INCREMENT de la tabla `auth_permission`
--
ALTER TABLE `auth_permission`
  MODIFY `id` int(11) NOT NULL AUTO_INCREMENT, AUTO_INCREMENT=29;

--
-- AUTO_INCREMENT de la tabla `auth_user`
--
ALTER TABLE `auth_user`
  MODIFY `id` int(11) NOT NULL AUTO_INCREMENT;

--
-- AUTO_INCREMENT de la tabla `auth_user_groups`
--
ALTER TABLE `auth_user_groups`
  MODIFY `id` int(11) NOT NULL AUTO_INCREMENT;

--
-- AUTO_INCREMENT de la tabla `auth_user_user_permissions`
--
ALTER TABLE `auth_user_user_permissions`
  MODIFY `id` int(11) NOT NULL AUTO_INCREMENT;

--
-- AUTO_INCREMENT de la tabla `django_admin_log`
--
ALTER TABLE `django_admin_log`
  MODIFY `id` int(11) NOT NULL AUTO_INCREMENT;

--
-- AUTO_INCREMENT de la tabla `django_content_type`
--
ALTER TABLE `django_content_type`
  MODIFY `id` int(11) NOT NULL AUTO_INCREMENT, AUTO_INCREMENT=8;

--
-- AUTO_INCREMENT de la tabla `django_migrations`
--
ALTER TABLE `django_migrations`
  MODIFY `id` int(11) NOT NULL AUTO_INCREMENT, AUTO_INCREMENT=19;

--
-- AUTO_INCREMENT de la tabla `pages_datos`
--
ALTER TABLE `pages_datos`
  MODIFY `id` int(11) NOT NULL AUTO_INCREMENT;

--
-- AUTO_INCREMENT de la tabla `Tecnicas`
--
ALTER TABLE `Tecnicas`
  MODIFY `ID` int(11) NOT NULL AUTO_INCREMENT, AUTO_INCREMENT=7;

--
-- AUTO_INCREMENT de la tabla `Usuario`
--
ALTER TABLE `Usuario`
  MODIFY `ID` int(11) NOT NULL AUTO_INCREMENT, AUTO_INCREMENT=11;

--
-- Restricciones para tablas volcadas
--

--
-- Filtros para la tabla `auth_group_permissions`
--
ALTER TABLE `auth_group_permissions`
  ADD CONSTRAINT `auth_group_permissio_permission_id_84c5c92e_fk_auth_perm` FOREIGN KEY (`permission_id`) REFERENCES `auth_permission` (`id`),
  ADD CONSTRAINT `auth_group_permissions_group_id_b120cbf9_fk_auth_group_id` FOREIGN KEY (`group_id`) REFERENCES `auth_group` (`id`);

--
-- Filtros para la tabla `auth_permission`
--
ALTER TABLE `auth_permission`
  ADD CONSTRAINT `auth_permission_content_type_id_2f476e4b_fk_django_co` FOREIGN KEY (`content_type_id`) REFERENCES `django_content_type` (`id`);

--
-- Filtros para la tabla `auth_user_groups`
--
ALTER TABLE `auth_user_groups`
  ADD CONSTRAINT `auth_user_groups_group_id_97559544_fk_auth_group_id` FOREIGN KEY (`group_id`) REFERENCES `auth_group` (`id`),
  ADD CONSTRAINT `auth_user_groups_user_id_6a12ed8b_fk_auth_user_id` FOREIGN KEY (`user_id`) REFERENCES `auth_user` (`id`);

--
-- Filtros para la tabla `auth_user_user_permissions`
--
ALTER TABLE `auth_user_user_permissions`
  ADD CONSTRAINT `auth_user_user_permi_permission_id_1fbb5f2c_fk_auth_perm` FOREIGN KEY (`permission_id`) REFERENCES `auth_permission` (`id`),
  ADD CONSTRAINT `auth_user_user_permissions_user_id_a95ead1b_fk_auth_user_id` FOREIGN KEY (`user_id`) REFERENCES `auth_user` (`id`);

--
-- Filtros para la tabla `django_admin_log`
--
ALTER TABLE `django_admin_log`
  ADD CONSTRAINT `django_admin_log_content_type_id_c4bce8eb_fk_django_co` FOREIGN KEY (`content_type_id`) REFERENCES `django_content_type` (`id`),
  ADD CONSTRAINT `django_admin_log_user_id_c564eba6_fk_auth_user_id` FOREIGN KEY (`user_id`) REFERENCES `auth_user` (`id`);

--
-- Filtros para la tabla `Mediciones`
--
ALTER TABLE `Mediciones`
  ADD CONSTRAINT `Mediciones_ibfk_1` FOREIGN KEY (`id_Planta`) REFERENCES `Planta` (`id`);

--
-- Filtros para la tabla `Planta`
--
ALTER TABLE `Planta`
  ADD CONSTRAINT `id usuario` FOREIGN KEY (`id_plantador`) REFERENCES `Usuario` (`id`) ON DELETE CASCADE ON UPDATE CASCADE,
  ADD CONSTRAINT `id_tecnica` FOREIGN KEY (`Id_tecnica`) REFERENCES `Tecnicas` (`id`) ON DELETE CASCADE ON UPDATE CASCADE;

--
-- Filtros para la tabla `Usuario_Planta`
--
ALTER TABLE `Usuario_Planta`
  ADD CONSTRAINT `Planta` FOREIGN KEY (`id_Planta`) REFERENCES `Planta` (`id`) ON DELETE CASCADE ON UPDATE CASCADE,
  ADD CONSTRAINT `User` FOREIGN KEY (`id_Usuario`) REFERENCES `Usuario` (`id`) ON DELETE CASCADE ON UPDATE CASCADE;
COMMIT;

/*!40101 SET CHARACTER_SET_CLIENT=@OLD_CHARACTER_SET_CLIENT */;
/*!40101 SET CHARACTER_SET_RESULTS=@OLD_CHARACTER_SET_RESULTS */;
/*!40101 SET COLLATION_CONNECTION=@OLD_COLLATION_CONNECTION */;
